country,date,confirmed,deaths,recovered
Afghanistan,22-01-2020,0,0,0
Afghanistan,23-01-2020,0,0,0
Afghanistan,24-01-2020,0,0,0
Afghanistan,25-01-2020,0,0,0
Afghanistan,26-01-2020,0,0,0
Afghanistan,27-01-2020,0,0,0
Afghanistan,28-01-2020,0,0,0
Afghanistan,29-01-2020,0,0,0
Afghanistan,30-01-2020,0,0,0
Afghanistan,31-01-2020,0,0,0
Afghanistan,01-02-2020,0,0,0
Afghanistan,02-02-2020,0,0,0
Afghanistan,03-02-2020,0,0,0
Afghanistan,04-02-2020,0,0,0
Afghanistan,05-02-2020,0,0,0
Afghanistan,06-02-2020,0,0,0
Afghanistan,07-02-2020,0,0,0
Afghanistan,08-02-2020,0,0,0
Afghanistan,09-02-2020,0,0,0
Afghanistan,10-02-2020,0,0,0
Afghanistan,11-02-2020,0,0,0
Afghanistan,12-02-2020,0,0,0
Afghanistan,13-02-2020,0,0,0
Afghanistan,14-02-2020,0,0,0
Afghanistan,15-02-2020,0,0,0
Afghanistan,16-02-2020,0,0,0
Afghanistan,17-02-2020,0,0,0
Afghanistan,18-02-2020,0,0,0
Afghanistan,19-02-2020,0,0,0
Afghanistan,20-02-2020,0,0,0
Afghanistan,21-02-2020,0,0,0
Afghanistan,22-02-2020,0,0,0
Afghanistan,23-02-2020,0,0,0
Afghanistan,24-02-2020,1,0,0
Afghanistan,25-02-2020,1,0,0
Afghanistan,26-02-2020,1,0,0
Afghanistan,27-02-2020,1,0,0
Afghanistan,28-02-2020,1,0,0
Afghanistan,29-02-2020,1,0,0
Afghanistan,01-03-2020,1,0,0
Afghanistan,02-03-2020,1,0,0
Afghanistan,03-03-2020,1,0,0
Afghanistan,04-03-2020,1,0,0
Afghanistan,05-03-2020,1,0,0
Afghanistan,06-03-2020,1,0,0
Afghanistan,07-03-2020,1,0,0
Afghanistan,08-03-2020,4,0,0
Afghanistan,09-03-2020,4,0,0
Afghanistan,10-03-2020,5,0,0
Afghanistan,11-03-2020,7,0,0
Afghanistan,12-03-2020,7,0,0
Afghanistan,13-03-2020,7,0,0
Afghanistan,14-03-2020,11,0,0
Afghanistan,15-03-2020,16,0,0
Afghanistan,16-03-2020,21,0,1
Afghanistan,17-03-2020,22,0,1
Afghanistan,18-03-2020,22,0,1
Afghanistan,19-03-2020,22,0,1
Afghanistan,20-03-2020,24,0,1
Afghanistan,21-03-2020,24,0,1
Afghanistan,22-03-2020,40,1,1
Afghanistan,23-03-2020,40,1,1
Afghanistan,24-03-2020,74,1,1
Afghanistan,25-03-2020,84,2,2
Afghanistan,26-03-2020,94,4,2
Afghanistan,27-03-2020,110,4,2
Afghanistan,28-03-2020,110,4,2
Afghanistan,29-03-2020,120,4,2
Afghanistan,30-03-2020,170,4,2
Afghanistan,31-03-2020,174,4,5
Afghanistan,01-04-2020,237,4,5
Afghanistan,02-04-2020,273,6,10
Afghanistan,03-04-2020,281,6,10
Afghanistan,04-04-2020,299,7,10
Afghanistan,05-04-2020,349,7,15
Afghanistan,06-04-2020,367,11,18
Afghanistan,07-04-2020,423,14,18
Afghanistan,08-04-2020,444,14,29
Afghanistan,09-04-2020,484,15,32
Afghanistan,10-04-2020,521,15,32
Afghanistan,11-04-2020,555,18,32
Afghanistan,12-04-2020,607,18,32
Afghanistan,13-04-2020,665,21,32
Afghanistan,14-04-2020,714,23,40
Afghanistan,15-04-2020,784,25,43
Afghanistan,16-04-2020,840,30,54
Afghanistan,17-04-2020,906,30,99
Afghanistan,18-04-2020,933,30,112
Afghanistan,19-04-2020,996,33,131
Afghanistan,20-04-2020,1026,36,135
Afghanistan,21-04-2020,1092,36,150
Afghanistan,22-04-2020,1176,40,166
Afghanistan,23-04-2020,1279,42,179
Afghanistan,24-04-2020,1351,43,188
Afghanistan,25-04-2020,1463,47,188
Afghanistan,26-04-2020,1531,50,207
Afghanistan,27-04-2020,1703,57,220
Afghanistan,28-04-2020,1828,58,228
Afghanistan,29-04-2020,1939,60,252
Afghanistan,30-04-2020,2171,64,260
Afghanistan,01-05-2020,2335,68,310
Afghanistan,02-05-2020,2469,72,331
Afghanistan,03-05-2020,2704,85,345
Afghanistan,04-05-2020,2894,90,397
Afghanistan,05-05-2020,3224,95,421
Afghanistan,06-05-2020,3392,104,458
Afghanistan,07-05-2020,3563,106,468
Afghanistan,08-05-2020,3778,109,472
Afghanistan,09-05-2020,4033,115,502
Afghanistan,10-05-2020,4402,120,558
Afghanistan,11-05-2020,4687,122,558
Afghanistan,12-05-2020,4963,127,610
Afghanistan,13-05-2020,5226,132,648
Afghanistan,14-05-2020,5639,136,691
Afghanistan,15-05-2020,6053,153,745
Afghanistan,16-05-2020,6402,168,745
Afghanistan,17-05-2020,6664,169,778
Afghanistan,18-05-2020,7072,173,801
Afghanistan,19-05-2020,7653,178,850
Afghanistan,20-05-2020,8145,187,930
Afghanistan,21-05-2020,8676,193,938
Afghanistan,22-05-2020,9216,205,996
Afghanistan,23-05-2020,9998,216,1040
Afghanistan,24-05-2020,10582,218,1075
Afghanistan,25-05-2020,11173,219,1097
Afghanistan,26-05-2020,11831,220,1128
Afghanistan,27-05-2020,12456,227,1138
Afghanistan,28-05-2020,13036,235,1209
Afghanistan,29-05-2020,13659,246,1259
Afghanistan,30-05-2020,14525,249,1303
Afghanistan,31-05-2020,15205,257,1328
Afghanistan,01-06-2020,15750,265,1428
Afghanistan,02-06-2020,16509,270,1450
Afghanistan,03-06-2020,17267,294,1522
Afghanistan,04-06-2020,18054,300,1585
Afghanistan,05-06-2020,18969,309,1762
Afghanistan,06-06-2020,19551,327,1830
Afghanistan,07-06-2020,20342,357,1875
Afghanistan,08-06-2020,20917,369,2171
Afghanistan,09-06-2020,21459,384,2651
Afghanistan,10-06-2020,22142,405,3013
Afghanistan,11-06-2020,22890,426,3326
Afghanistan,12-06-2020,23546,446,3928
Afghanistan,13-06-2020,24102,451,4201
Afghanistan,14-06-2020,24766,471,4725
Afghanistan,15-06-2020,25527,478,5164
Afghanistan,16-06-2020,26310,491,5508
Afghanistan,17-06-2020,26874,504,6158
Afghanistan,18-06-2020,27532,546,7660
Afghanistan,19-06-2020,27878,548,7962
Afghanistan,20-06-2020,28424,569,8292
Afghanistan,21-06-2020,28833,581,8764
Afghanistan,22-06-2020,29157,598,8841
Afghanistan,23-06-2020,29481,618,9260
Afghanistan,24-06-2020,29640,639,9869
Afghanistan,25-06-2020,30175,675,10174
Afghanistan,26-06-2020,30451,683,10306
Afghanistan,27-06-2020,30616,703,10674
Afghanistan,28-06-2020,30967,721,12604
Afghanistan,29-06-2020,31238,733,13934
Afghanistan,30-06-2020,31517,746,14131
Afghanistan,01-07-2020,31836,774,15651
Afghanistan,02-07-2020,32022,807,16041
Afghanistan,03-07-2020,32324,819,17331
Afghanistan,04-07-2020,32672,826,19164
Afghanistan,05-07-2020,32951,864,19366
Afghanistan,06-07-2020,33190,898,20103
Afghanistan,07-07-2020,33384,920,20179
Afghanistan,08-07-2020,33594,936,20700
Afghanistan,09-07-2020,33908,957,20847
Afghanistan,10-07-2020,34194,971,20882
Afghanistan,11-07-2020,34366,994,21135
Afghanistan,12-07-2020,34451,1010,21216
Afghanistan,13-07-2020,34455,1012,21254
Afghanistan,14-07-2020,34740,1048,21454
Afghanistan,15-07-2020,34994,1094,22456
Afghanistan,16-07-2020,35070,1113,22824
Afghanistan,17-07-2020,35229,1147,23151
Afghanistan,18-07-2020,35301,1164,23273
Afghanistan,19-07-2020,35475,1181,23634
Afghanistan,20-07-2020,35526,1185,23741
Afghanistan,21-07-2020,35615,1186,23741
Afghanistan,22-07-2020,35727,1190,23924
Afghanistan,23-07-2020,35928,1211,24550
Afghanistan,24-07-2020,35981,1225,24602
Afghanistan,25-07-2020,36036,1248,24793
Afghanistan,26-07-2020,36157,1259,25180
Afghanistan,27-07-2020,36263,1269,25198
Afghanistan,28-07-2020,36368,1270,25358
Afghanistan,29-07-2020,36471,1271,25389
Afghanistan,30-07-2020,36542,1271,25471
Afghanistan,31-07-2020,36675,1272,25509
Afghanistan,01-08-2020,36710,1283,25509
Afghanistan,02-08-2020,36710,1284,25510
Afghanistan,03-08-2020,36747,1288,25669
