country,date,confirmed,deaths,recovered
Antigua and Barbuda,22-01-2020,0,0,0
Antigua and Barbuda,23-01-2020,0,0,0
Antigua and Barbuda,24-01-2020,0,0,0
Antigua and Barbuda,25-01-2020,0,0,0
Antigua and Barbuda,26-01-2020,0,0,0
Antigua and Barbuda,27-01-2020,0,0,0
Antigua and Barbuda,28-01-2020,0,0,0
Antigua and Barbuda,29-01-2020,0,0,0
Antigua and Barbuda,30-01-2020,0,0,0
Antigua and Barbuda,31-01-2020,0,0,0
Antigua and Barbuda,01-02-2020,0,0,0
Antigua and Barbuda,02-02-2020,0,0,0
Antigua and Barbuda,03-02-2020,0,0,0
Antigua and Barbuda,04-02-2020,0,0,0
Antigua and Barbuda,05-02-2020,0,0,0
Antigua and Barbuda,06-02-2020,0,0,0
Antigua and Barbuda,07-02-2020,0,0,0
Antigua and Barbuda,08-02-2020,0,0,0
Antigua and Barbuda,09-02-2020,0,0,0
Antigua and Barbuda,10-02-2020,0,0,0
Antigua and Barbuda,11-02-2020,0,0,0
Antigua and Barbuda,12-02-2020,0,0,0
Antigua and Barbuda,13-02-2020,0,0,0
Antigua and Barbuda,14-02-2020,0,0,0
Antigua and Barbuda,15-02-2020,0,0,0
Antigua and Barbuda,16-02-2020,0,0,0
Antigua and Barbuda,17-02-2020,0,0,0
Antigua and Barbuda,18-02-2020,0,0,0
Antigua and Barbuda,19-02-2020,0,0,0
Antigua and Barbuda,20-02-2020,0,0,0
Antigua and Barbuda,21-02-2020,0,0,0
Antigua and Barbuda,22-02-2020,0,0,0
Antigua and Barbuda,23-02-2020,0,0,0
Antigua and Barbuda,24-02-2020,0,0,0
Antigua and Barbuda,25-02-2020,0,0,0
Antigua and Barbuda,26-02-2020,0,0,0
Antigua and Barbuda,27-02-2020,0,0,0
Antigua and Barbuda,28-02-2020,0,0,0
Antigua and Barbuda,29-02-2020,0,0,0
Antigua and Barbuda,01-03-2020,0,0,0
Antigua and Barbuda,02-03-2020,0,0,0
Antigua and Barbuda,03-03-2020,0,0,0
Antigua and Barbuda,04-03-2020,0,0,0
Antigua and Barbuda,05-03-2020,0,0,0
Antigua and Barbuda,06-03-2020,0,0,0
Antigua and Barbuda,07-03-2020,0,0,0
Antigua and Barbuda,08-03-2020,0,0,0
Antigua and Barbuda,09-03-2020,0,0,0
Antigua and Barbuda,10-03-2020,0,0,0
Antigua and Barbuda,11-03-2020,0,0,0
Antigua and Barbuda,12-03-2020,0,0,0
Antigua and Barbuda,13-03-2020,1,0,0
Antigua and Barbuda,14-03-2020,1,0,0
Antigua and Barbuda,15-03-2020,1,0,0
Antigua and Barbuda,16-03-2020,1,0,0
Antigua and Barbuda,17-03-2020,1,0,0
Antigua and Barbuda,18-03-2020,1,0,0
Antigua and Barbuda,19-03-2020,1,0,0
Antigua and Barbuda,20-03-2020,1,0,0
Antigua and Barbuda,21-03-2020,1,0,0
Antigua and Barbuda,22-03-2020,1,0,0
Antigua and Barbuda,23-03-2020,3,0,0
Antigua and Barbuda,24-03-2020,3,0,0
Antigua and Barbuda,25-03-2020,3,0,0
Antigua and Barbuda,26-03-2020,7,0,0
Antigua and Barbuda,27-03-2020,7,0,0
Antigua and Barbuda,28-03-2020,7,0,0
Antigua and Barbuda,29-03-2020,7,0,0
Antigua and Barbuda,30-03-2020,7,0,0
Antigua and Barbuda,31-03-2020,7,0,0
Antigua and Barbuda,01-04-2020,7,0,0
Antigua and Barbuda,02-04-2020,9,0,0
Antigua and Barbuda,03-04-2020,15,0,0
Antigua and Barbuda,04-04-2020,15,0,0
Antigua and Barbuda,05-04-2020,15,0,0
Antigua and Barbuda,06-04-2020,15,0,0
Antigua and Barbuda,07-04-2020,19,1,0
Antigua and Barbuda,08-04-2020,19,2,0
Antigua and Barbuda,09-04-2020,19,2,0
Antigua and Barbuda,10-04-2020,19,2,0
Antigua and Barbuda,11-04-2020,21,2,0
Antigua and Barbuda,12-04-2020,21,2,0
Antigua and Barbuda,13-04-2020,23,2,0
Antigua and Barbuda,14-04-2020,23,2,3
Antigua and Barbuda,15-04-2020,23,2,3
Antigua and Barbuda,16-04-2020,23,3,3
Antigua and Barbuda,17-04-2020,23,3,3
Antigua and Barbuda,18-04-2020,23,3,3
Antigua and Barbuda,19-04-2020,23,3,3
Antigua and Barbuda,20-04-2020,23,3,3
Antigua and Barbuda,21-04-2020,23,3,7
Antigua and Barbuda,22-04-2020,24,3,10
Antigua and Barbuda,23-04-2020,24,3,10
Antigua and Barbuda,24-04-2020,24,3,11
Antigua and Barbuda,25-04-2020,24,3,11
Antigua and Barbuda,26-04-2020,24,3,11
Antigua and Barbuda,27-04-2020,24,3,11
Antigua and Barbuda,28-04-2020,24,3,11
Antigua and Barbuda,29-04-2020,24,3,11
Antigua and Barbuda,30-04-2020,24,3,11
Antigua and Barbuda,01-05-2020,25,3,15
Antigua and Barbuda,02-05-2020,25,3,15
Antigua and Barbuda,03-05-2020,25,3,15
Antigua and Barbuda,04-05-2020,25,3,15
Antigua and Barbuda,05-05-2020,25,3,16
Antigua and Barbuda,06-05-2020,25,3,16
Antigua and Barbuda,07-05-2020,25,3,16
Antigua and Barbuda,08-05-2020,25,3,16
Antigua and Barbuda,09-05-2020,25,3,19
Antigua and Barbuda,10-05-2020,25,3,19
Antigua and Barbuda,11-05-2020,25,3,19
Antigua and Barbuda,12-05-2020,25,3,19
Antigua and Barbuda,13-05-2020,25,3,19
Antigua and Barbuda,14-05-2020,25,3,19
Antigua and Barbuda,15-05-2020,25,3,19
Antigua and Barbuda,16-05-2020,25,3,19
Antigua and Barbuda,17-05-2020,25,3,19
Antigua and Barbuda,18-05-2020,25,3,19
Antigua and Barbuda,19-05-2020,25,3,19
Antigua and Barbuda,20-05-2020,25,3,19
Antigua and Barbuda,21-05-2020,25,3,19
Antigua and Barbuda,22-05-2020,25,3,19
Antigua and Barbuda,23-05-2020,25,3,19
Antigua and Barbuda,24-05-2020,25,3,19
Antigua and Barbuda,25-05-2020,25,3,19
Antigua and Barbuda,26-05-2020,25,3,19
Antigua and Barbuda,27-05-2020,25,3,19
Antigua and Barbuda,28-05-2020,25,3,19
Antigua and Barbuda,29-05-2020,25,3,19
Antigua and Barbuda,30-05-2020,25,3,19
Antigua and Barbuda,31-05-2020,26,3,19
Antigua and Barbuda,01-06-2020,26,3,19
Antigua and Barbuda,02-06-2020,26,3,20
Antigua and Barbuda,03-06-2020,26,3,20
Antigua and Barbuda,04-06-2020,26,3,20
Antigua and Barbuda,05-06-2020,26,3,20
Antigua and Barbuda,06-06-2020,26,3,20
Antigua and Barbuda,07-06-2020,26,3,20
Antigua and Barbuda,08-06-2020,26,3,20
Antigua and Barbuda,09-06-2020,26,3,20
Antigua and Barbuda,10-06-2020,26,3,20
Antigua and Barbuda,11-06-2020,26,3,20
Antigua and Barbuda,12-06-2020,26,3,20
Antigua and Barbuda,13-06-2020,26,3,20
Antigua and Barbuda,14-06-2020,26,3,20
Antigua and Barbuda,15-06-2020,26,3,20
Antigua and Barbuda,16-06-2020,26,3,22
Antigua and Barbuda,17-06-2020,26,3,22
Antigua and Barbuda,18-06-2020,26,3,22
Antigua and Barbuda,19-06-2020,26,3,22
Antigua and Barbuda,20-06-2020,26,3,22
Antigua and Barbuda,21-06-2020,26,3,22
Antigua and Barbuda,22-06-2020,26,3,22
Antigua and Barbuda,23-06-2020,26,3,22
Antigua and Barbuda,24-06-2020,26,3,22
Antigua and Barbuda,25-06-2020,65,3,22
Antigua and Barbuda,26-06-2020,65,3,22
Antigua and Barbuda,27-06-2020,65,3,22
Antigua and Barbuda,28-06-2020,69,3,22
Antigua and Barbuda,29-06-2020,69,3,22
Antigua and Barbuda,30-06-2020,69,3,22
Antigua and Barbuda,01-07-2020,69,3,22
Antigua and Barbuda,02-07-2020,69,3,23
Antigua and Barbuda,03-07-2020,68,3,23
Antigua and Barbuda,04-07-2020,68,3,23
Antigua and Barbuda,05-07-2020,68,3,23
Antigua and Barbuda,06-07-2020,70,3,23
Antigua and Barbuda,07-07-2020,70,3,23
Antigua and Barbuda,08-07-2020,70,3,23
Antigua and Barbuda,09-07-2020,73,3,57
Antigua and Barbuda,10-07-2020,74,3,57
Antigua and Barbuda,11-07-2020,74,3,57
Antigua and Barbuda,12-07-2020,74,3,57
Antigua and Barbuda,13-07-2020,74,3,57
Antigua and Barbuda,14-07-2020,74,3,57
Antigua and Barbuda,15-07-2020,74,3,57
Antigua and Barbuda,16-07-2020,74,3,57
Antigua and Barbuda,17-07-2020,76,3,57
Antigua and Barbuda,18-07-2020,76,3,57
Antigua and Barbuda,19-07-2020,76,3,57
Antigua and Barbuda,20-07-2020,76,3,57
Antigua and Barbuda,21-07-2020,76,3,57
Antigua and Barbuda,22-07-2020,76,3,58
Antigua and Barbuda,23-07-2020,76,3,58
Antigua and Barbuda,24-07-2020,82,3,60
Antigua and Barbuda,25-07-2020,82,3,60
Antigua and Barbuda,26-07-2020,82,3,60
Antigua and Barbuda,27-07-2020,86,3,65
Antigua and Barbuda,28-07-2020,86,3,65
Antigua and Barbuda,29-07-2020,91,3,67
Antigua and Barbuda,30-07-2020,91,3,67
Antigua and Barbuda,31-07-2020,91,3,67
Antigua and Barbuda,01-08-2020,91,3,67
Antigua and Barbuda,02-08-2020,91,3,67
Antigua and Barbuda,03-08-2020,92,3,75
