country,date,confirmed,deaths,recovered
Azerbaijan,22-01-2020,0,0,0
Azerbaijan,23-01-2020,0,0,0
Azerbaijan,24-01-2020,0,0,0
Azerbaijan,25-01-2020,0,0,0
Azerbaijan,26-01-2020,0,0,0
Azerbaijan,27-01-2020,0,0,0
Azerbaijan,28-01-2020,0,0,0
Azerbaijan,29-01-2020,0,0,0
Azerbaijan,30-01-2020,0,0,0
Azerbaijan,31-01-2020,0,0,0
Azerbaijan,01-02-2020,0,0,0
Azerbaijan,02-02-2020,0,0,0
Azerbaijan,03-02-2020,0,0,0
Azerbaijan,04-02-2020,0,0,0
Azerbaijan,05-02-2020,0,0,0
Azerbaijan,06-02-2020,0,0,0
Azerbaijan,07-02-2020,0,0,0
Azerbaijan,08-02-2020,0,0,0
Azerbaijan,09-02-2020,0,0,0
Azerbaijan,10-02-2020,0,0,0
Azerbaijan,11-02-2020,0,0,0
Azerbaijan,12-02-2020,0,0,0
Azerbaijan,13-02-2020,0,0,0
Azerbaijan,14-02-2020,0,0,0
Azerbaijan,15-02-2020,0,0,0
Azerbaijan,16-02-2020,0,0,0
Azerbaijan,17-02-2020,0,0,0
Azerbaijan,18-02-2020,0,0,0
Azerbaijan,19-02-2020,0,0,0
Azerbaijan,20-02-2020,0,0,0
Azerbaijan,21-02-2020,0,0,0
Azerbaijan,22-02-2020,0,0,0
Azerbaijan,23-02-2020,0,0,0
Azerbaijan,24-02-2020,0,0,0
Azerbaijan,25-02-2020,0,0,0
Azerbaijan,26-02-2020,0,0,0
Azerbaijan,27-02-2020,0,0,0
Azerbaijan,28-02-2020,0,0,0
Azerbaijan,29-02-2020,0,0,0
Azerbaijan,01-03-2020,3,0,0
Azerbaijan,02-03-2020,3,0,0
Azerbaijan,03-03-2020,3,0,0
Azerbaijan,04-03-2020,3,0,0
Azerbaijan,05-03-2020,6,0,0
Azerbaijan,06-03-2020,6,0,0
Azerbaijan,07-03-2020,9,0,0
Azerbaijan,08-03-2020,9,0,0
Azerbaijan,09-03-2020,9,0,0
Azerbaijan,10-03-2020,11,0,0
Azerbaijan,11-03-2020,11,0,3
Azerbaijan,12-03-2020,11,0,3
Azerbaijan,13-03-2020,15,1,3
Azerbaijan,14-03-2020,15,1,3
Azerbaijan,15-03-2020,23,1,6
Azerbaijan,16-03-2020,28,1,6
Azerbaijan,17-03-2020,28,1,6
Azerbaijan,18-03-2020,28,1,6
Azerbaijan,19-03-2020,44,1,6
Azerbaijan,20-03-2020,44,1,6
Azerbaijan,21-03-2020,53,1,11
Azerbaijan,22-03-2020,65,1,10
Azerbaijan,23-03-2020,72,1,10
Azerbaijan,24-03-2020,87,1,10
Azerbaijan,25-03-2020,93,2,10
Azerbaijan,26-03-2020,122,3,15
Azerbaijan,27-03-2020,165,3,15
Azerbaijan,28-03-2020,182,4,15
Azerbaijan,29-03-2020,209,4,15
Azerbaijan,30-03-2020,273,4,26
Azerbaijan,31-03-2020,298,5,26
Azerbaijan,01-04-2020,359,5,26
Azerbaijan,02-04-2020,400,5,26
Azerbaijan,03-04-2020,443,5,32
Azerbaijan,04-04-2020,521,5,32
Azerbaijan,05-04-2020,584,7,32
Azerbaijan,06-04-2020,641,7,44
Azerbaijan,07-04-2020,717,8,44
Azerbaijan,08-04-2020,822,8,63
Azerbaijan,09-04-2020,926,9,101
Azerbaijan,10-04-2020,991,10,159
Azerbaijan,11-04-2020,1058,11,200
Azerbaijan,12-04-2020,1098,11,250
Azerbaijan,13-04-2020,1148,12,289
Azerbaijan,14-04-2020,1197,13,351
Azerbaijan,15-04-2020,1253,13,404
Azerbaijan,16-04-2020,1283,15,460
Azerbaijan,17-04-2020,1340,15,528
Azerbaijan,18-04-2020,1373,18,590
Azerbaijan,19-04-2020,1398,19,712
Azerbaijan,20-04-2020,1436,19,791
Azerbaijan,21-04-2020,1480,20,865
Azerbaijan,22-04-2020,1518,20,907
Azerbaijan,23-04-2020,1548,20,948
Azerbaijan,24-04-2020,1592,21,1013
Azerbaijan,25-04-2020,1617,21,1080
Azerbaijan,26-04-2020,1645,21,1139
Azerbaijan,27-04-2020,1678,22,1162
Azerbaijan,28-04-2020,1717,22,1221
Azerbaijan,29-04-2020,1766,23,1267
Azerbaijan,30-04-2020,1804,24,1325
Azerbaijan,01-05-2020,1854,25,1365
Azerbaijan,02-05-2020,1894,25,1411
Azerbaijan,03-05-2020,1932,25,1441
Azerbaijan,04-05-2020,1984,26,1480
Azerbaijan,05-05-2020,2060,26,1508
Azerbaijan,06-05-2020,2127,28,1536
Azerbaijan,07-05-2020,2204,28,1551
Azerbaijan,08-05-2020,2279,28,1576
Azerbaijan,09-05-2020,2422,31,1620
Azerbaijan,10-05-2020,2519,32,1650
Azerbaijan,11-05-2020,2589,32,1680
Azerbaijan,12-05-2020,2693,33,1680
Azerbaijan,13-05-2020,2758,35,1789
Azerbaijan,14-05-2020,2879,35,1833
Azerbaijan,15-05-2020,2980,36,1886
Azerbaijan,16-05-2020,3138,36,1944
Azerbaijan,17-05-2020,3274,39,2015
Azerbaijan,18-05-2020,3387,40,2055
Azerbaijan,19-05-2020,3518,41,2198
Azerbaijan,20-05-2020,3631,43,2253
Azerbaijan,21-05-2020,3749,44,2340
Azerbaijan,22-05-2020,3855,46,2399
Azerbaijan,23-05-2020,3982,49,2506
Azerbaijan,24-05-2020,4122,49,2607
Azerbaijan,25-05-2020,4271,51,2741
Azerbaijan,26-05-2020,4403,52,2819
Azerbaijan,27-05-2020,4568,54,2897
Azerbaijan,28-05-2020,4759,56,3022
Azerbaijan,29-05-2020,4989,58,3125
Azerbaijan,30-05-2020,5246,61,3327
Azerbaijan,31-05-2020,5494,63,3428
Azerbaijan,01-06-2020,5662,68,3508
Azerbaijan,02-06-2020,5935,71,3564
Azerbaijan,03-06-2020,6260,76,3665
Azerbaijan,04-06-2020,6522,78,3737
Azerbaijan,05-06-2020,6860,82,3871
Azerbaijan,06-06-2020,7239,84,4024
Azerbaijan,07-06-2020,7553,88,4149
Azerbaijan,08-06-2020,7876,93,4377
Azerbaijan,09-06-2020,8191,98,4606
Azerbaijan,10-06-2020,8530,102,4720
Azerbaijan,11-06-2020,8882,108,4930
Azerbaijan,12-06-2020,9218,113,5116
Azerbaijan,13-06-2020,9570,115,5309
Azerbaijan,14-06-2020,9957,119,5583
Azerbaijan,15-06-2020,10324,122,5739
Azerbaijan,16-06-2020,10662,126,5948
Azerbaijan,17-06-2020,10991,133,6075
Azerbaijan,18-06-2020,11329,139,6192
Azerbaijan,19-06-2020,11767,143,6325
Azerbaijan,20-06-2020,12238,148,6516
Azerbaijan,21-06-2020,12729,154,6799
Azerbaijan,22-06-2020,13207,161,7168
Azerbaijan,23-06-2020,13715,167,7503
Azerbaijan,24-06-2020,14305,174,7768
Azerbaijan,25-06-2020,14852,180,8059
Azerbaijan,26-06-2020,15369,187,8364
Azerbaijan,27-06-2020,15890,193,8719
Azerbaijan,28-06-2020,16424,198,9026
Azerbaijan,29-06-2020,16968,206,9369
Azerbaijan,30-06-2020,17524,213,9715
Azerbaijan,01-07-2020,18112,220,10061
Azerbaijan,02-07-2020,18684,228,10425
Azerbaijan,03-07-2020,19267,235,10820
Azerbaijan,04-07-2020,19801,241,11291
Azerbaijan,05-07-2020,20324,250,11742
Azerbaijan,06-07-2020,20837,258,12182
Azerbaijan,07-07-2020,21374,265,12635
Azerbaijan,08-07-2020,21916,274,13100
Azerbaijan,09-07-2020,22464,284,13591
Azerbaijan,10-07-2020,22990,292,14093
Azerbaijan,11-07-2020,23521,298,14607
Azerbaijan,12-07-2020,24041,306,15093
Azerbaijan,13-07-2020,24570,313,15640
Azerbaijan,14-07-2020,25113,319,16150
Azerbaijan,15-07-2020,25672,326,16695
Azerbaijan,16-07-2020,26165,334,17256
Azerbaijan,17-07-2020,26636,341,17805
Azerbaijan,18-07-2020,27133,349,18450
Azerbaijan,19-07-2020,27521,354,18967
Azerbaijan,20-07-2020,27890,363,19490
Azerbaijan,21-07-2020,28242,376,19939
Azerbaijan,22-07-2020,28633,385,20443
Azerbaijan,23-07-2020,28980,391,20974
Azerbaijan,24-07-2020,29312,400,21547
Azerbaijan,25-07-2020,29633,408,22082
Azerbaijan,26-07-2020,30050,417,22684
Azerbaijan,27-07-2020,30446,423,23242
Azerbaijan,28-07-2020,30858,430,23873
Azerbaijan,29-07-2020,31221,438,24495
Azerbaijan,30-07-2020,31560,441,25168
Azerbaijan,31-07-2020,31878,448,25882
Azerbaijan,01-08-2020,32157,454,26474
Azerbaijan,02-08-2020,32443,462,27113
Azerbaijan,03-08-2020,32684,468,27760
