country,date,confirmed,deaths,recovered
Bosnia and Herzegovina,22-01-2020,0,0,0
Bosnia and Herzegovina,23-01-2020,0,0,0
Bosnia and Herzegovina,24-01-2020,0,0,0
Bosnia and Herzegovina,25-01-2020,0,0,0
Bosnia and Herzegovina,26-01-2020,0,0,0
Bosnia and Herzegovina,27-01-2020,0,0,0
Bosnia and Herzegovina,28-01-2020,0,0,0
Bosnia and Herzegovina,29-01-2020,0,0,0
Bosnia and Herzegovina,30-01-2020,0,0,0
Bosnia and Herzegovina,31-01-2020,0,0,0
Bosnia and Herzegovina,01-02-2020,0,0,0
Bosnia and Herzegovina,02-02-2020,0,0,0
Bosnia and Herzegovina,03-02-2020,0,0,0
Bosnia and Herzegovina,04-02-2020,0,0,0
Bosnia and Herzegovina,05-02-2020,0,0,0
Bosnia and Herzegovina,06-02-2020,0,0,0
Bosnia and Herzegovina,07-02-2020,0,0,0
Bosnia and Herzegovina,08-02-2020,0,0,0
Bosnia and Herzegovina,09-02-2020,0,0,0
Bosnia and Herzegovina,10-02-2020,0,0,0
Bosnia and Herzegovina,11-02-2020,0,0,0
Bosnia and Herzegovina,12-02-2020,0,0,0
Bosnia and Herzegovina,13-02-2020,0,0,0
Bosnia and Herzegovina,14-02-2020,0,0,0
Bosnia and Herzegovina,15-02-2020,0,0,0
Bosnia and Herzegovina,16-02-2020,0,0,0
Bosnia and Herzegovina,17-02-2020,0,0,0
Bosnia and Herzegovina,18-02-2020,0,0,0
Bosnia and Herzegovina,19-02-2020,0,0,0
Bosnia and Herzegovina,20-02-2020,0,0,0
Bosnia and Herzegovina,21-02-2020,0,0,0
Bosnia and Herzegovina,22-02-2020,0,0,0
Bosnia and Herzegovina,23-02-2020,0,0,0
Bosnia and Herzegovina,24-02-2020,0,0,0
Bosnia and Herzegovina,25-02-2020,0,0,0
Bosnia and Herzegovina,26-02-2020,0,0,0
Bosnia and Herzegovina,27-02-2020,0,0,0
Bosnia and Herzegovina,28-02-2020,0,0,0
Bosnia and Herzegovina,29-02-2020,0,0,0
Bosnia and Herzegovina,01-03-2020,0,0,0
Bosnia and Herzegovina,02-03-2020,0,0,0
Bosnia and Herzegovina,03-03-2020,0,0,0
Bosnia and Herzegovina,04-03-2020,0,0,0
Bosnia and Herzegovina,05-03-2020,2,0,0
Bosnia and Herzegovina,06-03-2020,2,0,0
Bosnia and Herzegovina,07-03-2020,3,0,0
Bosnia and Herzegovina,08-03-2020,3,0,0
Bosnia and Herzegovina,09-03-2020,3,0,0
Bosnia and Herzegovina,10-03-2020,5,0,0
Bosnia and Herzegovina,11-03-2020,7,0,0
Bosnia and Herzegovina,12-03-2020,11,0,0
Bosnia and Herzegovina,13-03-2020,13,0,0
Bosnia and Herzegovina,14-03-2020,18,0,0
Bosnia and Herzegovina,15-03-2020,24,0,0
Bosnia and Herzegovina,16-03-2020,25,0,0
Bosnia and Herzegovina,17-03-2020,26,0,2
Bosnia and Herzegovina,18-03-2020,38,0,2
Bosnia and Herzegovina,19-03-2020,63,0,2
Bosnia and Herzegovina,20-03-2020,89,0,2
Bosnia and Herzegovina,21-03-2020,93,1,2
Bosnia and Herzegovina,22-03-2020,126,1,2
Bosnia and Herzegovina,23-03-2020,136,1,2
Bosnia and Herzegovina,24-03-2020,166,3,2
Bosnia and Herzegovina,25-03-2020,176,3,2
Bosnia and Herzegovina,26-03-2020,191,3,2
Bosnia and Herzegovina,27-03-2020,237,4,5
Bosnia and Herzegovina,28-03-2020,258,5,5
Bosnia and Herzegovina,29-03-2020,323,6,8
Bosnia and Herzegovina,30-03-2020,368,10,17
Bosnia and Herzegovina,31-03-2020,420,13,17
Bosnia and Herzegovina,01-04-2020,459,13,19
Bosnia and Herzegovina,02-04-2020,533,16,20
Bosnia and Herzegovina,03-04-2020,579,17,27
Bosnia and Herzegovina,04-04-2020,624,21,30
Bosnia and Herzegovina,05-04-2020,654,23,30
Bosnia and Herzegovina,06-04-2020,674,29,47
Bosnia and Herzegovina,07-04-2020,764,33,68
Bosnia and Herzegovina,08-04-2020,804,34,79
Bosnia and Herzegovina,09-04-2020,858,35,101
Bosnia and Herzegovina,10-04-2020,901,36,129
Bosnia and Herzegovina,11-04-2020,946,37,139
Bosnia and Herzegovina,12-04-2020,1009,39,193
Bosnia and Herzegovina,13-04-2020,1037,39,206
Bosnia and Herzegovina,14-04-2020,1083,40,236
Bosnia and Herzegovina,15-04-2020,1110,41,253
Bosnia and Herzegovina,16-04-2020,1167,43,277
Bosnia and Herzegovina,17-04-2020,1214,46,320
Bosnia and Herzegovina,18-04-2020,1268,47,338
Bosnia and Herzegovina,19-04-2020,1285,48,347
Bosnia and Herzegovina,20-04-2020,1309,49,381
Bosnia and Herzegovina,21-04-2020,1342,51,437
Bosnia and Herzegovina,22-04-2020,1368,53,460
Bosnia and Herzegovina,23-04-2020,1413,54,485
Bosnia and Herzegovina,24-04-2020,1421,55,538
Bosnia and Herzegovina,25-04-2020,1486,57,592
Bosnia and Herzegovina,26-04-2020,1516,59,624
Bosnia and Herzegovina,27-04-2020,1565,60,659
Bosnia and Herzegovina,28-04-2020,1585,63,682
Bosnia and Herzegovina,29-04-2020,1677,65,710
Bosnia and Herzegovina,30-04-2020,1757,69,727
Bosnia and Herzegovina,01-05-2020,1781,70,755
Bosnia and Herzegovina,02-05-2020,1839,72,779
Bosnia and Herzegovina,03-05-2020,1857,77,825
Bosnia and Herzegovina,04-05-2020,1926,78,855
Bosnia and Herzegovina,05-05-2020,1946,79,911
Bosnia and Herzegovina,06-05-2020,1987,86,928
Bosnia and Herzegovina,07-05-2020,2027,90,954
Bosnia and Herzegovina,08-05-2020,2070,98,960
Bosnia and Herzegovina,09-05-2020,2090,102,1059
Bosnia and Herzegovina,10-05-2020,2117,107,1106
Bosnia and Herzegovina,11-05-2020,2141,113,1114
Bosnia and Herzegovina,12-05-2020,2158,117,1168
Bosnia and Herzegovina,13-05-2020,2181,120,1228
Bosnia and Herzegovina,14-05-2020,2218,122,1272
Bosnia and Herzegovina,15-05-2020,2236,128,1336
Bosnia and Herzegovina,16-05-2020,2267,129,1355
Bosnia and Herzegovina,17-05-2020,2290,133,1436
Bosnia and Herzegovina,18-05-2020,2304,133,1464
Bosnia and Herzegovina,19-05-2020,2321,134,1522
Bosnia and Herzegovina,20-05-2020,2338,136,1557
Bosnia and Herzegovina,21-05-2020,2350,140,1596
Bosnia and Herzegovina,22-05-2020,2372,141,1614
Bosnia and Herzegovina,23-05-2020,2391,141,1662
Bosnia and Herzegovina,24-05-2020,2401,144,1680
Bosnia and Herzegovina,25-05-2020,2406,146,1696
Bosnia and Herzegovina,26-05-2020,2416,149,1721
Bosnia and Herzegovina,27-05-2020,2435,151,1744
Bosnia and Herzegovina,28-05-2020,2462,153,1781
Bosnia and Herzegovina,29-05-2020,2485,153,1803
Bosnia and Herzegovina,30-05-2020,2494,153,1831
Bosnia and Herzegovina,31-05-2020,2510,153,1862
Bosnia and Herzegovina,01-06-2020,2524,154,1888
Bosnia and Herzegovina,02-06-2020,2535,157,1910
Bosnia and Herzegovina,03-06-2020,2551,157,1939
Bosnia and Herzegovina,04-06-2020,2594,159,1951
Bosnia and Herzegovina,05-06-2020,2606,159,1968
Bosnia and Herzegovina,06-06-2020,2606,159,1968
Bosnia and Herzegovina,07-06-2020,2606,159,1968
Bosnia and Herzegovina,08-06-2020,2704,160,2023
Bosnia and Herzegovina,09-06-2020,2728,160,2049
Bosnia and Herzegovina,10-06-2020,2775,161,2063
Bosnia and Herzegovina,11-06-2020,2832,161,2100
Bosnia and Herzegovina,12-06-2020,2893,163,2119
Bosnia and Herzegovina,13-06-2020,2893,163,2119
Bosnia and Herzegovina,14-06-2020,2893,163,2119
Bosnia and Herzegovina,15-06-2020,3040,165,2162
Bosnia and Herzegovina,16-06-2020,3085,168,2178
Bosnia and Herzegovina,17-06-2020,3141,168,2197
Bosnia and Herzegovina,18-06-2020,3174,168,2219
Bosnia and Herzegovina,19-06-2020,3273,169,2241
Bosnia and Herzegovina,20-06-2020,3273,169,2241
Bosnia and Herzegovina,21-06-2020,3273,169,2241
Bosnia and Herzegovina,22-06-2020,3525,171,2270
Bosnia and Herzegovina,23-06-2020,3588,172,2285
Bosnia and Herzegovina,24-06-2020,3676,173,2297
Bosnia and Herzegovina,25-06-2020,3796,175,2322
Bosnia and Herzegovina,26-06-2020,3935,178,2338
Bosnia and Herzegovina,27-06-2020,3935,178,2338
Bosnia and Herzegovina,28-06-2020,3935,178,2338
Bosnia and Herzegovina,29-06-2020,4325,184,2366
Bosnia and Herzegovina,30-06-2020,4453,186,2402
Bosnia and Herzegovina,01-07-2020,4606,188,2432
Bosnia and Herzegovina,02-07-2020,4788,189,2515
Bosnia and Herzegovina,03-07-2020,4962,191,2550
Bosnia and Herzegovina,04-07-2020,4962,191,2550
Bosnia and Herzegovina,05-07-2020,4962,191,2550
Bosnia and Herzegovina,06-07-2020,5458,199,2598
Bosnia and Herzegovina,07-07-2020,5621,207,2693
Bosnia and Herzegovina,08-07-2020,5869,209,2769
Bosnia and Herzegovina,09-07-2020,6086,214,2815
Bosnia and Herzegovina,10-07-2020,6402,216,3037
Bosnia and Herzegovina,11-07-2020,6719,219,3078
Bosnia and Herzegovina,12-07-2020,6877,221,3115
Bosnia and Herzegovina,13-07-2020,6981,226,3179
Bosnia and Herzegovina,14-07-2020,6981,226,3179
Bosnia and Herzegovina,15-07-2020,7411,235,3335
Bosnia and Herzegovina,16-07-2020,7681,240,3534
Bosnia and Herzegovina,17-07-2020,7908,245,3612
Bosnia and Herzegovina,18-07-2020,8161,246,3648
Bosnia and Herzegovina,19-07-2020,8340,249,3669
Bosnia and Herzegovina,20-07-2020,8479,255,3755
Bosnia and Herzegovina,21-07-2020,8787,264,4003
Bosnia and Herzegovina,22-07-2020,9115,268,4159
Bosnia and Herzegovina,23-07-2020,9462,274,4367
Bosnia and Herzegovina,24-07-2020,9767,280,4555
Bosnia and Herzegovina,25-07-2020,9767,280,4555
Bosnia and Herzegovina,26-07-2020,9767,280,4555
Bosnia and Herzegovina,27-07-2020,10498,294,4930
Bosnia and Herzegovina,28-07-2020,10766,297,5220
Bosnia and Herzegovina,29-07-2020,11127,316,5441
Bosnia and Herzegovina,30-07-2020,11444,328,5586
Bosnia and Herzegovina,31-07-2020,11876,339,5959
Bosnia and Herzegovina,01-08-2020,11876,339,5959
Bosnia and Herzegovina,02-08-2020,12296,352,6312
Bosnia and Herzegovina,03-08-2020,12462,362,6359
