country,date,confirmed,deaths,recovered
Burkina Faso,22-01-2020,0,0,0
Burkina Faso,23-01-2020,0,0,0
Burkina Faso,24-01-2020,0,0,0
Burkina Faso,25-01-2020,0,0,0
Burkina Faso,26-01-2020,0,0,0
Burkina Faso,27-01-2020,0,0,0
Burkina Faso,28-01-2020,0,0,0
Burkina Faso,29-01-2020,0,0,0
Burkina Faso,30-01-2020,0,0,0
Burkina Faso,31-01-2020,0,0,0
Burkina Faso,01-02-2020,0,0,0
Burkina Faso,02-02-2020,0,0,0
Burkina Faso,03-02-2020,0,0,0
Burkina Faso,04-02-2020,0,0,0
Burkina Faso,05-02-2020,0,0,0
Burkina Faso,06-02-2020,0,0,0
Burkina Faso,07-02-2020,0,0,0
Burkina Faso,08-02-2020,0,0,0
Burkina Faso,09-02-2020,0,0,0
Burkina Faso,10-02-2020,0,0,0
Burkina Faso,11-02-2020,0,0,0
Burkina Faso,12-02-2020,0,0,0
Burkina Faso,13-02-2020,0,0,0
Burkina Faso,14-02-2020,0,0,0
Burkina Faso,15-02-2020,0,0,0
Burkina Faso,16-02-2020,0,0,0
Burkina Faso,17-02-2020,0,0,0
Burkina Faso,18-02-2020,0,0,0
Burkina Faso,19-02-2020,0,0,0
Burkina Faso,20-02-2020,0,0,0
Burkina Faso,21-02-2020,0,0,0
Burkina Faso,22-02-2020,0,0,0
Burkina Faso,23-02-2020,0,0,0
Burkina Faso,24-02-2020,0,0,0
Burkina Faso,25-02-2020,0,0,0
Burkina Faso,26-02-2020,0,0,0
Burkina Faso,27-02-2020,0,0,0
Burkina Faso,28-02-2020,0,0,0
Burkina Faso,29-02-2020,0,0,0
Burkina Faso,01-03-2020,0,0,0
Burkina Faso,02-03-2020,0,0,0
Burkina Faso,03-03-2020,0,0,0
Burkina Faso,04-03-2020,0,0,0
Burkina Faso,05-03-2020,0,0,0
Burkina Faso,06-03-2020,0,0,0
Burkina Faso,07-03-2020,0,0,0
Burkina Faso,08-03-2020,0,0,0
Burkina Faso,09-03-2020,0,0,0
Burkina Faso,10-03-2020,1,0,0
Burkina Faso,11-03-2020,2,0,0
Burkina Faso,12-03-2020,2,0,0
Burkina Faso,13-03-2020,2,0,0
Burkina Faso,14-03-2020,2,0,0
Burkina Faso,15-03-2020,3,0,0
Burkina Faso,16-03-2020,15,0,0
Burkina Faso,17-03-2020,15,0,0
Burkina Faso,18-03-2020,20,1,0
Burkina Faso,19-03-2020,33,1,0
Burkina Faso,20-03-2020,40,1,0
Burkina Faso,21-03-2020,64,2,5
Burkina Faso,22-03-2020,75,4,5
Burkina Faso,23-03-2020,99,4,5
Burkina Faso,24-03-2020,114,4,7
Burkina Faso,25-03-2020,146,4,10
Burkina Faso,26-03-2020,152,7,10
Burkina Faso,27-03-2020,180,9,12
Burkina Faso,28-03-2020,207,11,21
Burkina Faso,29-03-2020,222,12,23
Burkina Faso,30-03-2020,246,12,31
Burkina Faso,31-03-2020,261,14,32
Burkina Faso,01-04-2020,282,16,46
Burkina Faso,02-04-2020,288,16,50
Burkina Faso,03-04-2020,302,16,50
Burkina Faso,04-04-2020,318,16,66
Burkina Faso,05-04-2020,345,17,90
Burkina Faso,06-04-2020,364,18,108
Burkina Faso,07-04-2020,384,19,127
Burkina Faso,08-04-2020,414,23,134
Burkina Faso,09-04-2020,443,24,146
Burkina Faso,10-04-2020,443,24,146
Burkina Faso,11-04-2020,484,27,155
Burkina Faso,12-04-2020,497,27,161
Burkina Faso,13-04-2020,497,27,161
Burkina Faso,14-04-2020,528,30,177
Burkina Faso,15-04-2020,542,32,226
Burkina Faso,16-04-2020,546,32,257
Burkina Faso,17-04-2020,557,35,294
Burkina Faso,18-04-2020,565,36,321
Burkina Faso,19-04-2020,576,36,338
Burkina Faso,20-04-2020,581,38,357
Burkina Faso,21-04-2020,600,38,362
Burkina Faso,22-04-2020,609,39,389
Burkina Faso,23-04-2020,616,41,410
Burkina Faso,24-04-2020,629,41,425
Burkina Faso,25-04-2020,629,41,442
Burkina Faso,26-04-2020,632,42,453
Burkina Faso,27-04-2020,635,42,469
Burkina Faso,28-04-2020,638,42,476
Burkina Faso,29-04-2020,641,43,498
Burkina Faso,30-04-2020,645,43,506
Burkina Faso,01-05-2020,649,44,517
Burkina Faso,02-05-2020,652,44,535
Burkina Faso,03-05-2020,662,45,540
Burkina Faso,04-05-2020,672,46,545
Burkina Faso,05-05-2020,688,48,548
Burkina Faso,06-05-2020,729,48,555
Burkina Faso,07-05-2020,736,48,562
Burkina Faso,08-05-2020,744,48,566
Burkina Faso,09-05-2020,748,48,569
Burkina Faso,10-05-2020,751,49,577
Burkina Faso,11-05-2020,760,50,584
Burkina Faso,12-05-2020,766,51,588
Burkina Faso,13-05-2020,773,51,592
Burkina Faso,14-05-2020,773,51,592
Burkina Faso,15-05-2020,780,51,595
Burkina Faso,16-05-2020,782,51,604
Burkina Faso,17-05-2020,796,51,644
Burkina Faso,18-05-2020,796,51,652
Burkina Faso,19-05-2020,796,51,652
Burkina Faso,20-05-2020,809,52,661
Burkina Faso,21-05-2020,812,52,669
Burkina Faso,22-05-2020,814,52,672
Burkina Faso,23-05-2020,814,52,672
Burkina Faso,24-05-2020,814,52,672
Burkina Faso,25-05-2020,832,52,672
Burkina Faso,26-05-2020,832,52,672
Burkina Faso,27-05-2020,845,53,672
Burkina Faso,28-05-2020,847,53,719
Burkina Faso,29-05-2020,847,53,720
Burkina Faso,30-05-2020,847,53,720
Burkina Faso,31-05-2020,847,53,720
Burkina Faso,01-06-2020,847,53,720
Burkina Faso,02-06-2020,881,53,720
Burkina Faso,03-06-2020,884,53,753
Burkina Faso,04-06-2020,885,53,760
Burkina Faso,05-06-2020,888,53,760
Burkina Faso,06-06-2020,888,53,765
Burkina Faso,07-06-2020,889,53,765
Burkina Faso,08-06-2020,890,53,765
Burkina Faso,09-06-2020,891,53,765
Burkina Faso,10-06-2020,891,53,765
Burkina Faso,11-06-2020,892,53,790
Burkina Faso,12-06-2020,892,53,791
Burkina Faso,13-06-2020,892,53,799
Burkina Faso,14-06-2020,894,53,799
Burkina Faso,15-06-2020,894,53,804
Burkina Faso,16-06-2020,895,53,807
Burkina Faso,17-06-2020,899,53,809
Burkina Faso,18-06-2020,899,53,810
Burkina Faso,19-06-2020,900,53,810
Burkina Faso,20-06-2020,901,53,810
Burkina Faso,21-06-2020,903,53,814
Burkina Faso,22-06-2020,903,53,814
Burkina Faso,23-06-2020,907,53,823
Burkina Faso,24-06-2020,919,53,825
Burkina Faso,25-06-2020,934,53,826
Burkina Faso,26-06-2020,941,53,830
Burkina Faso,27-06-2020,941,53,830
Burkina Faso,28-06-2020,959,53,830
Burkina Faso,29-06-2020,959,53,830
Burkina Faso,30-06-2020,962,53,838
Burkina Faso,01-07-2020,962,53,838
Burkina Faso,02-07-2020,967,53,846
Burkina Faso,03-07-2020,980,53,852
Burkina Faso,04-07-2020,987,53,854
Burkina Faso,05-07-2020,987,53,854
Burkina Faso,06-07-2020,1000,53,858
Burkina Faso,07-07-2020,1003,53,860
Burkina Faso,08-07-2020,1003,53,861
Burkina Faso,09-07-2020,1005,53,862
Burkina Faso,10-07-2020,1020,53,862
Burkina Faso,11-07-2020,1033,53,869
Burkina Faso,12-07-2020,1036,53,869
Burkina Faso,13-07-2020,1036,53,869
Burkina Faso,14-07-2020,1037,53,873
Burkina Faso,15-07-2020,1038,53,882
Burkina Faso,16-07-2020,1038,53,882
Burkina Faso,17-07-2020,1045,53,887
Burkina Faso,18-07-2020,1047,53,887
Burkina Faso,19-07-2020,1052,53,901
Burkina Faso,20-07-2020,1065,53,901
Burkina Faso,21-07-2020,1065,53,901
Burkina Faso,22-07-2020,1066,53,917
Burkina Faso,23-07-2020,1070,53,919
Burkina Faso,24-07-2020,1075,53,920
Burkina Faso,25-07-2020,1086,53,920
Burkina Faso,26-07-2020,1086,53,920
Burkina Faso,27-07-2020,1100,53,926
Burkina Faso,28-07-2020,1105,53,926
Burkina Faso,29-07-2020,1105,53,931
Burkina Faso,30-07-2020,1106,53,935
Burkina Faso,31-07-2020,1106,53,935
Burkina Faso,01-08-2020,1143,53,935
Burkina Faso,02-08-2020,1143,53,945
Burkina Faso,03-08-2020,1150,53,947
