country,date,confirmed,deaths,recovered
Central African Republic,22-01-2020,0,0,0
Central African Republic,23-01-2020,0,0,0
Central African Republic,24-01-2020,0,0,0
Central African Republic,25-01-2020,0,0,0
Central African Republic,26-01-2020,0,0,0
Central African Republic,27-01-2020,0,0,0
Central African Republic,28-01-2020,0,0,0
Central African Republic,29-01-2020,0,0,0
Central African Republic,30-01-2020,0,0,0
Central African Republic,31-01-2020,0,0,0
Central African Republic,01-02-2020,0,0,0
Central African Republic,02-02-2020,0,0,0
Central African Republic,03-02-2020,0,0,0
Central African Republic,04-02-2020,0,0,0
Central African Republic,05-02-2020,0,0,0
Central African Republic,06-02-2020,0,0,0
Central African Republic,07-02-2020,0,0,0
Central African Republic,08-02-2020,0,0,0
Central African Republic,09-02-2020,0,0,0
Central African Republic,10-02-2020,0,0,0
Central African Republic,11-02-2020,0,0,0
Central African Republic,12-02-2020,0,0,0
Central African Republic,13-02-2020,0,0,0
Central African Republic,14-02-2020,0,0,0
Central African Republic,15-02-2020,0,0,0
Central African Republic,16-02-2020,0,0,0
Central African Republic,17-02-2020,0,0,0
Central African Republic,18-02-2020,0,0,0
Central African Republic,19-02-2020,0,0,0
Central African Republic,20-02-2020,0,0,0
Central African Republic,21-02-2020,0,0,0
Central African Republic,22-02-2020,0,0,0
Central African Republic,23-02-2020,0,0,0
Central African Republic,24-02-2020,0,0,0
Central African Republic,25-02-2020,0,0,0
Central African Republic,26-02-2020,0,0,0
Central African Republic,27-02-2020,0,0,0
Central African Republic,28-02-2020,0,0,0
Central African Republic,29-02-2020,0,0,0
Central African Republic,01-03-2020,0,0,0
Central African Republic,02-03-2020,0,0,0
Central African Republic,03-03-2020,0,0,0
Central African Republic,04-03-2020,0,0,0
Central African Republic,05-03-2020,0,0,0
Central African Republic,06-03-2020,0,0,0
Central African Republic,07-03-2020,0,0,0
Central African Republic,08-03-2020,0,0,0
Central African Republic,09-03-2020,0,0,0
Central African Republic,10-03-2020,0,0,0
Central African Republic,11-03-2020,0,0,0
Central African Republic,12-03-2020,0,0,0
Central African Republic,13-03-2020,0,0,0
Central African Republic,14-03-2020,0,0,0
Central African Republic,15-03-2020,1,0,0
Central African Republic,16-03-2020,1,0,0
Central African Republic,17-03-2020,1,0,0
Central African Republic,18-03-2020,1,0,0
Central African Republic,19-03-2020,1,0,0
Central African Republic,20-03-2020,3,0,0
Central African Republic,21-03-2020,3,0,0
Central African Republic,22-03-2020,3,0,0
Central African Republic,23-03-2020,3,0,0
Central African Republic,24-03-2020,3,0,0
Central African Republic,25-03-2020,3,0,0
Central African Republic,26-03-2020,3,0,0
Central African Republic,27-03-2020,3,0,0
Central African Republic,28-03-2020,3,0,0
Central African Republic,29-03-2020,3,0,0
Central African Republic,30-03-2020,3,0,0
Central African Republic,31-03-2020,3,0,0
Central African Republic,01-04-2020,3,0,0
Central African Republic,02-04-2020,3,0,0
Central African Republic,03-04-2020,8,0,0
Central African Republic,04-04-2020,8,0,0
Central African Republic,05-04-2020,8,0,0
Central African Republic,06-04-2020,8,0,0
Central African Republic,07-04-2020,8,0,0
Central African Republic,08-04-2020,8,0,0
Central African Republic,09-04-2020,8,0,0
Central African Republic,10-04-2020,8,0,0
Central African Republic,11-04-2020,8,0,0
Central African Republic,12-04-2020,8,0,0
Central African Republic,13-04-2020,11,0,3
Central African Republic,14-04-2020,11,0,4
Central African Republic,15-04-2020,12,0,4
Central African Republic,16-04-2020,12,0,4
Central African Republic,17-04-2020,12,0,4
Central African Republic,18-04-2020,12,0,4
Central African Republic,19-04-2020,12,0,4
Central African Republic,20-04-2020,12,0,4
Central African Republic,21-04-2020,14,0,10
Central African Republic,22-04-2020,14,0,10
Central African Republic,23-04-2020,16,0,10
Central African Republic,24-04-2020,16,0,10
Central African Republic,25-04-2020,16,0,10
Central African Republic,26-04-2020,19,0,10
Central African Republic,27-04-2020,19,0,10
Central African Republic,28-04-2020,50,0,10
Central African Republic,29-04-2020,50,0,10
Central African Republic,30-04-2020,50,0,10
Central African Republic,01-05-2020,72,0,10
Central African Republic,02-05-2020,72,0,10
Central African Republic,03-05-2020,72,0,10
Central African Republic,04-05-2020,85,0,10
Central African Republic,05-05-2020,85,0,10
Central African Republic,06-05-2020,94,0,10
Central African Republic,07-05-2020,94,0,10
Central African Republic,08-05-2020,143,0,10
Central African Republic,09-05-2020,143,0,10
Central African Republic,10-05-2020,143,0,10
Central African Republic,11-05-2020,143,0,10
Central African Republic,12-05-2020,143,0,10
Central African Republic,13-05-2020,143,0,10
Central African Republic,14-05-2020,143,0,10
Central African Republic,15-05-2020,301,0,13
Central African Republic,16-05-2020,327,0,13
Central African Republic,17-05-2020,327,0,13
Central African Republic,18-05-2020,327,0,13
Central African Republic,19-05-2020,366,0,18
Central African Republic,20-05-2020,418,0,18
Central African Republic,21-05-2020,436,0,18
Central African Republic,22-05-2020,479,0,18
Central African Republic,23-05-2020,552,1,18
Central African Republic,24-05-2020,604,1,22
Central African Republic,25-05-2020,652,1,22
Central African Republic,26-05-2020,671,1,22
Central African Republic,27-05-2020,702,1,23
Central African Republic,28-05-2020,755,1,23
Central African Republic,29-05-2020,874,1,23
Central African Republic,30-05-2020,962,1,23
Central African Republic,31-05-2020,1011,2,23
Central African Republic,01-06-2020,1069,4,23
Central African Republic,02-06-2020,1069,4,23
Central African Republic,03-06-2020,1173,4,23
Central African Republic,04-06-2020,1288,4,23
Central African Republic,05-06-2020,1451,4,29
Central African Republic,06-06-2020,1570,5,37
Central African Republic,07-06-2020,1634,5,38
Central African Republic,08-06-2020,1850,5,38
Central African Republic,09-06-2020,1850,5,38
Central African Republic,10-06-2020,1888,5,38
Central African Republic,11-06-2020,1952,5,38
Central African Republic,12-06-2020,2044,7,360
Central African Republic,13-06-2020,2057,7,363
Central African Republic,14-06-2020,2057,7,363
Central African Republic,15-06-2020,2222,7,369
Central African Republic,16-06-2020,2410,14,396
Central African Republic,17-06-2020,2564,18,402
Central African Republic,18-06-2020,2605,19,417
Central African Republic,19-06-2020,2605,19,417
Central African Republic,20-06-2020,2686,19,420
Central African Republic,21-06-2020,2808,23,472
Central African Republic,22-06-2020,2963,30,495
Central African Republic,23-06-2020,3051,37,522
Central African Republic,24-06-2020,3099,38,572
Central African Republic,25-06-2020,3244,40,607
Central African Republic,26-06-2020,3340,40,661
Central African Republic,27-06-2020,3429,45,699
Central African Republic,28-06-2020,3429,45,699
Central African Republic,29-06-2020,3613,47,773
Central African Republic,30-06-2020,3745,47,787
Central African Republic,01-07-2020,3745,47,787
Central African Republic,02-07-2020,3788,47,810
Central African Republic,03-07-2020,3918,48,859
Central African Republic,04-07-2020,3969,48,914
Central African Republic,05-07-2020,3969,48,914
Central African Republic,06-07-2020,4033,52,970
Central African Republic,07-07-2020,4071,52,976
Central African Republic,08-07-2020,4109,52,1050
Central African Republic,09-07-2020,4200,52,1142
Central African Republic,10-07-2020,4259,53,1142
Central African Republic,11-07-2020,4288,53,1145
Central African Republic,12-07-2020,4288,53,1145
Central African Republic,13-07-2020,4321,53,1208
Central African Republic,14-07-2020,4356,53,1229
Central African Republic,15-07-2020,4362,53,1261
Central African Republic,16-07-2020,4373,53,1265
Central African Republic,17-07-2020,4389,53,1288
Central African Republic,18-07-2020,4485,55,1348
Central African Republic,19-07-2020,4485,55,1348
Central African Republic,20-07-2020,4548,55,1400
Central African Republic,21-07-2020,4561,55,1411
Central African Republic,22-07-2020,4574,57,1437
Central African Republic,23-07-2020,4590,58,1452
Central African Republic,24-07-2020,4593,59,1483
Central African Republic,25-07-2020,4598,59,1506
Central African Republic,26-07-2020,4599,59,1546
Central African Republic,27-07-2020,4599,59,1546
Central African Republic,28-07-2020,4599,59,1546
Central African Republic,29-07-2020,4605,59,1574
Central African Republic,30-07-2020,4605,59,1574
Central African Republic,31-07-2020,4608,59,1606
Central African Republic,01-08-2020,4614,59,1635
Central African Republic,02-08-2020,4614,59,1635
Central African Republic,03-08-2020,4614,59,1635
