country,date,confirmed,deaths,recovered
Congo (Brazzaville),22-01-2020,0,0,0
Congo (Brazzaville),23-01-2020,0,0,0
Congo (Brazzaville),24-01-2020,0,0,0
Congo (Brazzaville),25-01-2020,0,0,0
Congo (Brazzaville),26-01-2020,0,0,0
Congo (Brazzaville),27-01-2020,0,0,0
Congo (Brazzaville),28-01-2020,0,0,0
Congo (Brazzaville),29-01-2020,0,0,0
Congo (Brazzaville),30-01-2020,0,0,0
Congo (Brazzaville),31-01-2020,0,0,0
Congo (Brazzaville),01-02-2020,0,0,0
Congo (Brazzaville),02-02-2020,0,0,0
Congo (Brazzaville),03-02-2020,0,0,0
Congo (Brazzaville),04-02-2020,0,0,0
Congo (Brazzaville),05-02-2020,0,0,0
Congo (Brazzaville),06-02-2020,0,0,0
Congo (Brazzaville),07-02-2020,0,0,0
Congo (Brazzaville),08-02-2020,0,0,0
Congo (Brazzaville),09-02-2020,0,0,0
Congo (Brazzaville),10-02-2020,0,0,0
Congo (Brazzaville),11-02-2020,0,0,0
Congo (Brazzaville),12-02-2020,0,0,0
Congo (Brazzaville),13-02-2020,0,0,0
Congo (Brazzaville),14-02-2020,0,0,0
Congo (Brazzaville),15-02-2020,0,0,0
Congo (Brazzaville),16-02-2020,0,0,0
Congo (Brazzaville),17-02-2020,0,0,0
Congo (Brazzaville),18-02-2020,0,0,0
Congo (Brazzaville),19-02-2020,0,0,0
Congo (Brazzaville),20-02-2020,0,0,0
Congo (Brazzaville),21-02-2020,0,0,0
Congo (Brazzaville),22-02-2020,0,0,0
Congo (Brazzaville),23-02-2020,0,0,0
Congo (Brazzaville),24-02-2020,0,0,0
Congo (Brazzaville),25-02-2020,0,0,0
Congo (Brazzaville),26-02-2020,0,0,0
Congo (Brazzaville),27-02-2020,0,0,0
Congo (Brazzaville),28-02-2020,0,0,0
Congo (Brazzaville),29-02-2020,0,0,0
Congo (Brazzaville),01-03-2020,0,0,0
Congo (Brazzaville),02-03-2020,0,0,0
Congo (Brazzaville),03-03-2020,0,0,0
Congo (Brazzaville),04-03-2020,0,0,0
Congo (Brazzaville),05-03-2020,0,0,0
Congo (Brazzaville),06-03-2020,0,0,0
Congo (Brazzaville),07-03-2020,0,0,0
Congo (Brazzaville),08-03-2020,0,0,0
Congo (Brazzaville),09-03-2020,0,0,0
Congo (Brazzaville),10-03-2020,0,0,0
Congo (Brazzaville),11-03-2020,0,0,0
Congo (Brazzaville),12-03-2020,0,0,0
Congo (Brazzaville),13-03-2020,0,0,0
Congo (Brazzaville),14-03-2020,0,0,0
Congo (Brazzaville),15-03-2020,1,0,0
Congo (Brazzaville),16-03-2020,1,0,0
Congo (Brazzaville),17-03-2020,1,0,0
Congo (Brazzaville),18-03-2020,1,0,0
Congo (Brazzaville),19-03-2020,3,0,0
Congo (Brazzaville),20-03-2020,3,0,0
Congo (Brazzaville),21-03-2020,3,0,0
Congo (Brazzaville),22-03-2020,3,0,0
Congo (Brazzaville),23-03-2020,4,0,0
Congo (Brazzaville),24-03-2020,4,0,0
Congo (Brazzaville),25-03-2020,4,0,0
Congo (Brazzaville),26-03-2020,4,0,0
Congo (Brazzaville),27-03-2020,4,0,0
Congo (Brazzaville),28-03-2020,4,0,0
Congo (Brazzaville),29-03-2020,19,0,0
Congo (Brazzaville),30-03-2020,19,0,0
Congo (Brazzaville),31-03-2020,19,0,0
Congo (Brazzaville),01-04-2020,19,0,0
Congo (Brazzaville),02-04-2020,22,2,2
Congo (Brazzaville),03-04-2020,22,2,2
Congo (Brazzaville),04-04-2020,22,2,2
Congo (Brazzaville),05-04-2020,45,5,2
Congo (Brazzaville),06-04-2020,45,5,2
Congo (Brazzaville),07-04-2020,45,5,2
Congo (Brazzaville),08-04-2020,45,5,2
Congo (Brazzaville),09-04-2020,60,5,5
Congo (Brazzaville),10-04-2020,60,5,5
Congo (Brazzaville),11-04-2020,60,5,5
Congo (Brazzaville),12-04-2020,60,5,5
Congo (Brazzaville),13-04-2020,60,5,5
Congo (Brazzaville),14-04-2020,60,5,5
Congo (Brazzaville),15-04-2020,117,5,11
Congo (Brazzaville),16-04-2020,117,5,11
Congo (Brazzaville),17-04-2020,143,6,11
Congo (Brazzaville),18-04-2020,143,6,11
Congo (Brazzaville),19-04-2020,143,6,11
Congo (Brazzaville),20-04-2020,160,6,16
Congo (Brazzaville),21-04-2020,165,6,16
Congo (Brazzaville),22-04-2020,186,6,16
Congo (Brazzaville),23-04-2020,186,6,16
Congo (Brazzaville),24-04-2020,200,6,19
Congo (Brazzaville),25-04-2020,200,6,19
Congo (Brazzaville),26-04-2020,200,6,19
Congo (Brazzaville),27-04-2020,200,6,19
Congo (Brazzaville),28-04-2020,207,8,19
Congo (Brazzaville),29-04-2020,207,8,19
Congo (Brazzaville),30-04-2020,220,9,19
Congo (Brazzaville),01-05-2020,229,9,25
Congo (Brazzaville),02-05-2020,229,9,25
Congo (Brazzaville),03-05-2020,229,9,25
Congo (Brazzaville),04-05-2020,236,10,26
Congo (Brazzaville),05-05-2020,236,10,26
Congo (Brazzaville),06-05-2020,264,10,30
Congo (Brazzaville),07-05-2020,264,10,30
Congo (Brazzaville),08-05-2020,274,10,33
Congo (Brazzaville),09-05-2020,274,10,33
Congo (Brazzaville),10-05-2020,274,10,33
Congo (Brazzaville),11-05-2020,333,11,53
Congo (Brazzaville),12-05-2020,333,11,53
Congo (Brazzaville),13-05-2020,333,11,53
Congo (Brazzaville),14-05-2020,391,15,87
Congo (Brazzaville),15-05-2020,391,15,87
Congo (Brazzaville),16-05-2020,391,15,87
Congo (Brazzaville),17-05-2020,391,15,87
Congo (Brazzaville),18-05-2020,412,15,110
Congo (Brazzaville),19-05-2020,420,15,132
Congo (Brazzaville),20-05-2020,420,15,132
Congo (Brazzaville),21-05-2020,469,16,137
Congo (Brazzaville),22-05-2020,469,16,137
Congo (Brazzaville),23-05-2020,487,16,147
Congo (Brazzaville),24-05-2020,487,16,147
Congo (Brazzaville),25-05-2020,487,16,147
Congo (Brazzaville),26-05-2020,487,16,147
Congo (Brazzaville),27-05-2020,571,19,161
Congo (Brazzaville),28-05-2020,571,19,161
Congo (Brazzaville),29-05-2020,571,19,161
Congo (Brazzaville),30-05-2020,571,19,161
Congo (Brazzaville),31-05-2020,611,20,179
Congo (Brazzaville),01-06-2020,611,20,179
Congo (Brazzaville),02-06-2020,611,20,179
Congo (Brazzaville),03-06-2020,611,20,179
Congo (Brazzaville),04-06-2020,611,20,179
Congo (Brazzaville),05-06-2020,635,20,182
Congo (Brazzaville),06-06-2020,683,22,210
Congo (Brazzaville),07-06-2020,683,22,210
Congo (Brazzaville),08-06-2020,683,22,210
Congo (Brazzaville),09-06-2020,728,24,221
Congo (Brazzaville),10-06-2020,728,24,221
Congo (Brazzaville),11-06-2020,728,24,221
Congo (Brazzaville),12-06-2020,728,24,221
Congo (Brazzaville),13-06-2020,728,24,221
Congo (Brazzaville),14-06-2020,728,24,221
Congo (Brazzaville),15-06-2020,883,27,391
Congo (Brazzaville),16-06-2020,883,27,391
Congo (Brazzaville),17-06-2020,883,27,391
Congo (Brazzaville),18-06-2020,883,27,391
Congo (Brazzaville),19-06-2020,883,27,391
Congo (Brazzaville),20-06-2020,883,27,391
Congo (Brazzaville),21-06-2020,883,27,391
Congo (Brazzaville),22-06-2020,1087,37,456
Congo (Brazzaville),23-06-2020,1087,37,456
Congo (Brazzaville),24-06-2020,1087,37,456
Congo (Brazzaville),25-06-2020,1087,37,456
Congo (Brazzaville),26-06-2020,1087,37,456
Congo (Brazzaville),27-06-2020,1087,37,456
Congo (Brazzaville),28-06-2020,1087,37,456
Congo (Brazzaville),29-06-2020,1087,37,456
Congo (Brazzaville),30-06-2020,1087,37,456
Congo (Brazzaville),01-07-2020,1382,41,486
Congo (Brazzaville),02-07-2020,1382,41,486
Congo (Brazzaville),03-07-2020,1557,44,501
Congo (Brazzaville),04-07-2020,1557,44,501
Congo (Brazzaville),05-07-2020,1557,44,501
Congo (Brazzaville),06-07-2020,1557,44,501
Congo (Brazzaville),07-07-2020,1557,44,501
Congo (Brazzaville),08-07-2020,1821,47,525
Congo (Brazzaville),09-07-2020,1821,47,525
Congo (Brazzaville),10-07-2020,2028,47,589
Congo (Brazzaville),11-07-2020,2028,47,589
Congo (Brazzaville),12-07-2020,2028,47,589
Congo (Brazzaville),13-07-2020,2028,47,589
Congo (Brazzaville),14-07-2020,2028,47,589
Congo (Brazzaville),15-07-2020,2222,47,589
Congo (Brazzaville),16-07-2020,2358,48,589
Congo (Brazzaville),17-07-2020,2633,49,626
Congo (Brazzaville),18-07-2020,2633,49,626
Congo (Brazzaville),19-07-2020,2633,49,626
Congo (Brazzaville),20-07-2020,2851,50,666
Congo (Brazzaville),21-07-2020,2851,50,666
Congo (Brazzaville),22-07-2020,2851,50,666
Congo (Brazzaville),23-07-2020,2851,50,666
Congo (Brazzaville),24-07-2020,3038,51,756
Congo (Brazzaville),25-07-2020,3038,51,756
Congo (Brazzaville),26-07-2020,3038,51,756
Congo (Brazzaville),27-07-2020,3200,54,829
Congo (Brazzaville),28-07-2020,3200,54,829
Congo (Brazzaville),29-07-2020,3200,54,829
Congo (Brazzaville),30-07-2020,3200,54,829
Congo (Brazzaville),31-07-2020,3200,54,829
Congo (Brazzaville),01-08-2020,3200,54,829
Congo (Brazzaville),02-08-2020,3200,54,829
Congo (Brazzaville),03-08-2020,3546,58,1589
