country,date,confirmed,deaths,recovered
Congo (Kinshasa),22-01-2020,0,0,0
Congo (Kinshasa),23-01-2020,0,0,0
Congo (Kinshasa),24-01-2020,0,0,0
Congo (Kinshasa),25-01-2020,0,0,0
Congo (Kinshasa),26-01-2020,0,0,0
Congo (Kinshasa),27-01-2020,0,0,0
Congo (Kinshasa),28-01-2020,0,0,0
Congo (Kinshasa),29-01-2020,0,0,0
Congo (Kinshasa),30-01-2020,0,0,0
Congo (Kinshasa),31-01-2020,0,0,0
Congo (Kinshasa),01-02-2020,0,0,0
Congo (Kinshasa),02-02-2020,0,0,0
Congo (Kinshasa),03-02-2020,0,0,0
Congo (Kinshasa),04-02-2020,0,0,0
Congo (Kinshasa),05-02-2020,0,0,0
Congo (Kinshasa),06-02-2020,0,0,0
Congo (Kinshasa),07-02-2020,0,0,0
Congo (Kinshasa),08-02-2020,0,0,0
Congo (Kinshasa),09-02-2020,0,0,0
Congo (Kinshasa),10-02-2020,0,0,0
Congo (Kinshasa),11-02-2020,0,0,0
Congo (Kinshasa),12-02-2020,0,0,0
Congo (Kinshasa),13-02-2020,0,0,0
Congo (Kinshasa),14-02-2020,0,0,0
Congo (Kinshasa),15-02-2020,0,0,0
Congo (Kinshasa),16-02-2020,0,0,0
Congo (Kinshasa),17-02-2020,0,0,0
Congo (Kinshasa),18-02-2020,0,0,0
Congo (Kinshasa),19-02-2020,0,0,0
Congo (Kinshasa),20-02-2020,0,0,0
Congo (Kinshasa),21-02-2020,0,0,0
Congo (Kinshasa),22-02-2020,0,0,0
Congo (Kinshasa),23-02-2020,0,0,0
Congo (Kinshasa),24-02-2020,0,0,0
Congo (Kinshasa),25-02-2020,0,0,0
Congo (Kinshasa),26-02-2020,0,0,0
Congo (Kinshasa),27-02-2020,0,0,0
Congo (Kinshasa),28-02-2020,0,0,0
Congo (Kinshasa),29-02-2020,0,0,0
Congo (Kinshasa),01-03-2020,0,0,0
Congo (Kinshasa),02-03-2020,0,0,0
Congo (Kinshasa),03-03-2020,0,0,0
Congo (Kinshasa),04-03-2020,0,0,0
Congo (Kinshasa),05-03-2020,0,0,0
Congo (Kinshasa),06-03-2020,0,0,0
Congo (Kinshasa),07-03-2020,0,0,0
Congo (Kinshasa),08-03-2020,0,0,0
Congo (Kinshasa),09-03-2020,0,0,0
Congo (Kinshasa),10-03-2020,0,0,0
Congo (Kinshasa),11-03-2020,1,0,0
Congo (Kinshasa),12-03-2020,1,0,0
Congo (Kinshasa),13-03-2020,2,0,0
Congo (Kinshasa),14-03-2020,2,0,0
Congo (Kinshasa),15-03-2020,2,0,0
Congo (Kinshasa),16-03-2020,2,0,0
Congo (Kinshasa),17-03-2020,3,0,0
Congo (Kinshasa),18-03-2020,4,0,0
Congo (Kinshasa),19-03-2020,14,0,0
Congo (Kinshasa),20-03-2020,18,0,0
Congo (Kinshasa),21-03-2020,23,1,0
Congo (Kinshasa),22-03-2020,30,1,0
Congo (Kinshasa),23-03-2020,36,1,0
Congo (Kinshasa),24-03-2020,45,2,0
Congo (Kinshasa),25-03-2020,48,2,0
Congo (Kinshasa),26-03-2020,51,3,0
Congo (Kinshasa),27-03-2020,51,3,2
Congo (Kinshasa),28-03-2020,65,6,2
Congo (Kinshasa),29-03-2020,65,6,2
Congo (Kinshasa),30-03-2020,81,8,2
Congo (Kinshasa),31-03-2020,98,8,2
Congo (Kinshasa),01-04-2020,109,9,3
Congo (Kinshasa),02-04-2020,134,13,3
Congo (Kinshasa),03-04-2020,134,13,3
Congo (Kinshasa),04-04-2020,154,18,3
Congo (Kinshasa),05-04-2020,154,18,3
Congo (Kinshasa),06-04-2020,161,18,5
Congo (Kinshasa),07-04-2020,180,18,9
Congo (Kinshasa),08-04-2020,180,18,9
Congo (Kinshasa),09-04-2020,180,18,9
Congo (Kinshasa),10-04-2020,215,20,13
Congo (Kinshasa),11-04-2020,223,20,16
Congo (Kinshasa),12-04-2020,234,20,16
Congo (Kinshasa),13-04-2020,235,20,17
Congo (Kinshasa),14-04-2020,241,20,20
Congo (Kinshasa),15-04-2020,254,21,21
Congo (Kinshasa),16-04-2020,267,22,23
Congo (Kinshasa),17-04-2020,287,23,25
Congo (Kinshasa),18-04-2020,307,25,26
Congo (Kinshasa),19-04-2020,327,25,26
Congo (Kinshasa),20-04-2020,332,25,27
Congo (Kinshasa),21-04-2020,350,25,35
Congo (Kinshasa),22-04-2020,359,25,45
Congo (Kinshasa),23-04-2020,377,25,47
Congo (Kinshasa),24-04-2020,394,25,48
Congo (Kinshasa),25-04-2020,416,28,49
Congo (Kinshasa),26-04-2020,442,28,50
Congo (Kinshasa),27-04-2020,459,28,50
Congo (Kinshasa),28-04-2020,471,30,56
Congo (Kinshasa),29-04-2020,491,30,59
Congo (Kinshasa),30-04-2020,572,31,73
Congo (Kinshasa),01-05-2020,604,32,75
Congo (Kinshasa),02-05-2020,674,33,75
Congo (Kinshasa),03-05-2020,674,33,75
Congo (Kinshasa),04-05-2020,682,34,80
Congo (Kinshasa),05-05-2020,705,34,90
Congo (Kinshasa),06-05-2020,797,35,92
Congo (Kinshasa),07-05-2020,863,36,103
Congo (Kinshasa),08-05-2020,937,39,130
Congo (Kinshasa),09-05-2020,937,39,130
Congo (Kinshasa),10-05-2020,991,41,136
Congo (Kinshasa),11-05-2020,1024,41,141
Congo (Kinshasa),12-05-2020,1102,44,146
Congo (Kinshasa),13-05-2020,1169,50,148
Congo (Kinshasa),14-05-2020,1242,50,157
Congo (Kinshasa),15-05-2020,1298,50,212
Congo (Kinshasa),16-05-2020,1455,61,270
Congo (Kinshasa),17-05-2020,1455,61,270
Congo (Kinshasa),18-05-2020,1538,61,272
Congo (Kinshasa),19-05-2020,1629,61,290
Congo (Kinshasa),20-05-2020,1731,61,302
Congo (Kinshasa),21-05-2020,1835,61,303
Congo (Kinshasa),22-05-2020,1945,63,312
Congo (Kinshasa),23-05-2020,2025,63,312
Congo (Kinshasa),24-05-2020,2141,63,317
Congo (Kinshasa),25-05-2020,2297,67,337
Congo (Kinshasa),26-05-2020,2403,68,340
Congo (Kinshasa),27-05-2020,2546,68,365
Congo (Kinshasa),28-05-2020,2660,69,381
Congo (Kinshasa),29-05-2020,2833,69,400
Congo (Kinshasa),30-05-2020,2966,69,428
Congo (Kinshasa),31-05-2020,3070,72,448
Congo (Kinshasa),01-06-2020,3195,72,454
Congo (Kinshasa),02-06-2020,3326,72,482
Congo (Kinshasa),03-06-2020,3495,75,492
Congo (Kinshasa),04-06-2020,3644,78,495
Congo (Kinshasa),05-06-2020,3764,81,512
Congo (Kinshasa),06-06-2020,3878,82,537
Congo (Kinshasa),07-06-2020,4016,85,537
Congo (Kinshasa),08-06-2020,4106,88,537
Congo (Kinshasa),09-06-2020,4259,90,539
Congo (Kinshasa),10-06-2020,4390,96,565
Congo (Kinshasa),11-06-2020,4515,98,567
Congo (Kinshasa),12-06-2020,4637,101,580
Congo (Kinshasa),13-06-2020,4724,106,595
Congo (Kinshasa),14-06-2020,4778,107,600
Congo (Kinshasa),15-06-2020,4837,112,613
Congo (Kinshasa),16-06-2020,4974,112,628
Congo (Kinshasa),17-06-2020,5100,115,640
Congo (Kinshasa),18-06-2020,5283,117,685
Congo (Kinshasa),19-06-2020,5477,122,719
Congo (Kinshasa),20-06-2020,5672,125,807
Congo (Kinshasa),21-06-2020,5826,130,841
Congo (Kinshasa),22-06-2020,5924,135,856
Congo (Kinshasa),23-06-2020,6027,135,861
Congo (Kinshasa),24-06-2020,6213,142,870
Congo (Kinshasa),25-06-2020,6411,142,885
Congo (Kinshasa),26-06-2020,6552,149,900
Congo (Kinshasa),27-06-2020,6690,153,937
Congo (Kinshasa),28-06-2020,6827,157,985
Congo (Kinshasa),29-06-2020,6939,167,1050
Congo (Kinshasa),30-06-2020,7039,170,1426
Congo (Kinshasa),01-07-2020,7122,175,1785
Congo (Kinshasa),02-07-2020,7189,176,2317
Congo (Kinshasa),03-07-2020,7311,179,2684
Congo (Kinshasa),04-07-2020,7379,182,2961
Congo (Kinshasa),05-07-2020,7411,182,3184
Congo (Kinshasa),06-07-2020,7432,182,3226
Congo (Kinshasa),07-07-2020,7432,182,3226
Congo (Kinshasa),08-07-2020,7432,182,3226
Congo (Kinshasa),09-07-2020,7846,189,3513
Congo (Kinshasa),10-07-2020,7905,189,3513
Congo (Kinshasa),11-07-2020,7971,189,3615
Congo (Kinshasa),12-07-2020,8033,189,3615
Congo (Kinshasa),13-07-2020,8075,190,3620
Congo (Kinshasa),14-07-2020,8135,190,3948
Congo (Kinshasa),15-07-2020,8163,192,3983
Congo (Kinshasa),16-07-2020,8199,193,4248
Congo (Kinshasa),17-07-2020,8249,193,4248
Congo (Kinshasa),18-07-2020,8324,193,4313
Congo (Kinshasa),19-07-2020,8403,194,4335
Congo (Kinshasa),20-07-2020,8443,194,4335
Congo (Kinshasa),21-07-2020,8534,196,4528
Congo (Kinshasa),22-07-2020,8626,197,4790
Congo (Kinshasa),23-07-2020,8720,201,5105
Congo (Kinshasa),24-07-2020,8767,201,5109
Congo (Kinshasa),25-07-2020,8801,204,5305
Congo (Kinshasa),26-07-2020,8831,204,5510
Congo (Kinshasa),27-07-2020,8844,208,5700
Congo (Kinshasa),28-07-2020,8873,208,5930
Congo (Kinshasa),29-07-2020,8931,210,6095
Congo (Kinshasa),30-07-2020,9010,215,6437
Congo (Kinshasa),31-07-2020,9070,215,6796
Congo (Kinshasa),01-08-2020,9084,215,7030
Congo (Kinshasa),02-08-2020,9115,215,7319
Congo (Kinshasa),03-08-2020,9133,215,7424
