country,date,confirmed,deaths,recovered
Cote d'Ivoire,22-01-2020,0,0,0
Cote d'Ivoire,23-01-2020,0,0,0
Cote d'Ivoire,24-01-2020,0,0,0
Cote d'Ivoire,25-01-2020,0,0,0
Cote d'Ivoire,26-01-2020,0,0,0
Cote d'Ivoire,27-01-2020,0,0,0
Cote d'Ivoire,28-01-2020,0,0,0
Cote d'Ivoire,29-01-2020,0,0,0
Cote d'Ivoire,30-01-2020,0,0,0
Cote d'Ivoire,31-01-2020,0,0,0
Cote d'Ivoire,01-02-2020,0,0,0
Cote d'Ivoire,02-02-2020,0,0,0
Cote d'Ivoire,03-02-2020,0,0,0
Cote d'Ivoire,04-02-2020,0,0,0
Cote d'Ivoire,05-02-2020,0,0,0
Cote d'Ivoire,06-02-2020,0,0,0
Cote d'Ivoire,07-02-2020,0,0,0
Cote d'Ivoire,08-02-2020,0,0,0
Cote d'Ivoire,09-02-2020,0,0,0
Cote d'Ivoire,10-02-2020,0,0,0
Cote d'Ivoire,11-02-2020,0,0,0
Cote d'Ivoire,12-02-2020,0,0,0
Cote d'Ivoire,13-02-2020,0,0,0
Cote d'Ivoire,14-02-2020,0,0,0
Cote d'Ivoire,15-02-2020,0,0,0
Cote d'Ivoire,16-02-2020,0,0,0
Cote d'Ivoire,17-02-2020,0,0,0
Cote d'Ivoire,18-02-2020,0,0,0
Cote d'Ivoire,19-02-2020,0,0,0
Cote d'Ivoire,20-02-2020,0,0,0
Cote d'Ivoire,21-02-2020,0,0,0
Cote d'Ivoire,22-02-2020,0,0,0
Cote d'Ivoire,23-02-2020,0,0,0
Cote d'Ivoire,24-02-2020,0,0,0
Cote d'Ivoire,25-02-2020,0,0,0
Cote d'Ivoire,26-02-2020,0,0,0
Cote d'Ivoire,27-02-2020,0,0,0
Cote d'Ivoire,28-02-2020,0,0,0
Cote d'Ivoire,29-02-2020,0,0,0
Cote d'Ivoire,01-03-2020,0,0,0
Cote d'Ivoire,02-03-2020,0,0,0
Cote d'Ivoire,03-03-2020,0,0,0
Cote d'Ivoire,04-03-2020,0,0,0
Cote d'Ivoire,05-03-2020,0,0,0
Cote d'Ivoire,06-03-2020,0,0,0
Cote d'Ivoire,07-03-2020,0,0,0
Cote d'Ivoire,08-03-2020,0,0,0
Cote d'Ivoire,09-03-2020,0,0,0
Cote d'Ivoire,10-03-2020,0,0,0
Cote d'Ivoire,11-03-2020,1,0,0
Cote d'Ivoire,12-03-2020,1,0,0
Cote d'Ivoire,13-03-2020,1,0,0
Cote d'Ivoire,14-03-2020,1,0,0
Cote d'Ivoire,15-03-2020,1,0,0
Cote d'Ivoire,16-03-2020,1,0,0
Cote d'Ivoire,17-03-2020,5,0,1
Cote d'Ivoire,18-03-2020,6,0,1
Cote d'Ivoire,19-03-2020,9,0,1
Cote d'Ivoire,20-03-2020,9,0,1
Cote d'Ivoire,21-03-2020,14,0,1
Cote d'Ivoire,22-03-2020,14,0,1
Cote d'Ivoire,23-03-2020,25,0,1
Cote d'Ivoire,24-03-2020,73,0,2
Cote d'Ivoire,25-03-2020,80,0,3
Cote d'Ivoire,26-03-2020,96,0,3
Cote d'Ivoire,27-03-2020,101,0,3
Cote d'Ivoire,28-03-2020,101,0,3
Cote d'Ivoire,29-03-2020,165,1,4
Cote d'Ivoire,30-03-2020,168,1,6
Cote d'Ivoire,31-03-2020,179,1,7
Cote d'Ivoire,01-04-2020,190,1,9
Cote d'Ivoire,02-04-2020,194,1,15
Cote d'Ivoire,03-04-2020,218,1,19
Cote d'Ivoire,04-04-2020,245,1,25
Cote d'Ivoire,05-04-2020,261,3,37
Cote d'Ivoire,06-04-2020,323,3,41
Cote d'Ivoire,07-04-2020,349,3,41
Cote d'Ivoire,08-04-2020,384,3,48
Cote d'Ivoire,09-04-2020,444,3,52
Cote d'Ivoire,10-04-2020,444,3,52
Cote d'Ivoire,11-04-2020,533,4,58
Cote d'Ivoire,12-04-2020,574,5,85
Cote d'Ivoire,13-04-2020,626,6,89
Cote d'Ivoire,14-04-2020,638,6,114
Cote d'Ivoire,15-04-2020,638,6,114
Cote d'Ivoire,16-04-2020,654,6,146
Cote d'Ivoire,17-04-2020,688,6,193
Cote d'Ivoire,18-04-2020,801,8,239
Cote d'Ivoire,19-04-2020,847,9,260
Cote d'Ivoire,20-04-2020,847,9,260
Cote d'Ivoire,21-04-2020,916,13,303
Cote d'Ivoire,22-04-2020,952,14,310
Cote d'Ivoire,23-04-2020,1004,14,359
Cote d'Ivoire,24-04-2020,1077,14,419
Cote d'Ivoire,25-04-2020,1077,14,419
Cote d'Ivoire,26-04-2020,1150,14,468
Cote d'Ivoire,27-04-2020,1164,14,499
Cote d'Ivoire,28-04-2020,1183,14,525
Cote d'Ivoire,29-04-2020,1238,14,557
Cote d'Ivoire,30-04-2020,1275,14,574
Cote d'Ivoire,01-05-2020,1333,15,597
Cote d'Ivoire,02-05-2020,1362,15,622
Cote d'Ivoire,03-05-2020,1398,17,653
Cote d'Ivoire,04-05-2020,1432,17,693
Cote d'Ivoire,05-05-2020,1464,18,701
Cote d'Ivoire,06-05-2020,1516,18,721
Cote d'Ivoire,07-05-2020,1571,20,742
Cote d'Ivoire,08-05-2020,1602,20,754
Cote d'Ivoire,09-05-2020,1667,21,769
Cote d'Ivoire,10-05-2020,1700,21,794
Cote d'Ivoire,11-05-2020,1730,21,818
Cote d'Ivoire,12-05-2020,1857,21,820
Cote d'Ivoire,13-05-2020,1912,24,902
Cote d'Ivoire,14-05-2020,1971,24,930
Cote d'Ivoire,15-05-2020,2017,24,942
Cote d'Ivoire,16-05-2020,2061,25,987
Cote d'Ivoire,17-05-2020,2109,27,1004
Cote d'Ivoire,18-05-2020,2119,28,1040
Cote d'Ivoire,19-05-2020,2153,28,1050
Cote d'Ivoire,20-05-2020,2231,29,1083
Cote d'Ivoire,21-05-2020,2301,29,1100
Cote d'Ivoire,22-05-2020,2341,29,1146
Cote d'Ivoire,23-05-2020,2366,30,1188
Cote d'Ivoire,24-05-2020,2376,30,1219
Cote d'Ivoire,25-05-2020,2423,30,1257
Cote d'Ivoire,26-05-2020,2477,30,1286
Cote d'Ivoire,27-05-2020,2556,31,1302
Cote d'Ivoire,28-05-2020,2641,32,1326
Cote d'Ivoire,29-05-2020,2750,32,1370
Cote d'Ivoire,30-05-2020,2799,33,1385
Cote d'Ivoire,31-05-2020,2833,33,1435
Cote d'Ivoire,01-06-2020,2951,33,1467
Cote d'Ivoire,02-06-2020,3024,33,1501
Cote d'Ivoire,03-06-2020,3110,35,1530
Cote d'Ivoire,04-06-2020,3262,35,1584
Cote d'Ivoire,05-06-2020,3431,36,1604
Cote d'Ivoire,06-06-2020,3557,36,1750
Cote d'Ivoire,07-06-2020,3739,36,1818
Cote d'Ivoire,08-06-2020,3881,38,1869
Cote d'Ivoire,09-06-2020,3995,38,2045
Cote d'Ivoire,10-06-2020,4181,41,2174
Cote d'Ivoire,11-06-2020,4404,41,2212
Cote d'Ivoire,12-06-2020,4684,45,2263
Cote d'Ivoire,13-06-2020,4848,45,2397
Cote d'Ivoire,14-06-2020,5084,45,2505
Cote d'Ivoire,15-06-2020,5439,46,2590
Cote d'Ivoire,16-06-2020,5679,46,2637
Cote d'Ivoire,17-06-2020,6063,48,2749
Cote d'Ivoire,18-06-2020,6444,49,2863
Cote d'Ivoire,19-06-2020,6874,49,2942
Cote d'Ivoire,20-06-2020,7276,52,2992
Cote d'Ivoire,21-06-2020,7492,54,3068
Cote d'Ivoire,22-06-2020,7677,56,3493
Cote d'Ivoire,23-06-2020,7904,58,3182
Cote d'Ivoire,24-06-2020,8164,58,3419
Cote d'Ivoire,25-06-2020,8334,60,3487
Cote d'Ivoire,26-06-2020,8739,64,3587
Cote d'Ivoire,27-06-2020,8944,66,3722
Cote d'Ivoire,28-06-2020,9101,66,3808
Cote d'Ivoire,29-06-2020,9214,66,3996
Cote d'Ivoire,30-06-2020,9499,68,4273
Cote d'Ivoire,01-07-2020,9702,68,4381
Cote d'Ivoire,02-07-2020,9992,68,4660
Cote d'Ivoire,03-07-2020,10244,70,4726
Cote d'Ivoire,04-07-2020,10462,72,4807
Cote d'Ivoire,05-07-2020,10772,74,5067
Cote d'Ivoire,06-07-2020,10966,75,5384
Cote d'Ivoire,07-07-2020,11194,76,5487
Cote d'Ivoire,08-07-2020,11504,78,5571
Cote d'Ivoire,09-07-2020,11750,79,5752
Cote d'Ivoire,10-07-2020,12052,81,6080
Cote d'Ivoire,11-07-2020,12443,82,6357
Cote d'Ivoire,12-07-2020,12766,84,6654
Cote d'Ivoire,13-07-2020,12872,84,6810
Cote d'Ivoire,14-07-2020,13037,87,6908
Cote d'Ivoire,15-07-2020,13403,87,7146
Cote d'Ivoire,16-07-2020,13554,87,7363
Cote d'Ivoire,17-07-2020,13696,87,7607
Cote d'Ivoire,18-07-2020,13912,91,8000
Cote d'Ivoire,19-07-2020,14119,92,8366
Cote d'Ivoire,20-07-2020,14312,92,8659
Cote d'Ivoire,21-07-2020,14531,93,8857
Cote d'Ivoire,22-07-2020,14733,93,8995
Cote d'Ivoire,23-07-2020,15001,93,9282
Cote d'Ivoire,24-07-2020,15253,94,9499
Cote d'Ivoire,25-07-2020,15494,94,9880
Cote d'Ivoire,26-07-2020,15596,96,10178
Cote d'Ivoire,27-07-2020,15655,96,10361
Cote d'Ivoire,28-07-2020,15713,98,10537
Cote d'Ivoire,29-07-2020,15813,99,10793
Cote d'Ivoire,30-07-2020,15978,100,11160
Cote d'Ivoire,31-07-2020,16047,102,11428
Cote d'Ivoire,01-08-2020,16109,102,11750
Cote d'Ivoire,02-08-2020,16182,102,11801
Cote d'Ivoire,03-08-2020,16220,102,11887
