country,date,confirmed,deaths,recovered
Diamond Princess,22-01-2020,0,0,0
Diamond Princess,23-01-2020,0,0,0
Diamond Princess,24-01-2020,0,0,0
Diamond Princess,25-01-2020,0,0,0
Diamond Princess,26-01-2020,0,0,0
Diamond Princess,27-01-2020,0,0,0
Diamond Princess,28-01-2020,0,0,0
Diamond Princess,29-01-2020,0,0,0
Diamond Princess,30-01-2020,0,0,0
Diamond Princess,31-01-2020,0,0,0
Diamond Princess,01-02-2020,0,0,0
Diamond Princess,02-02-2020,0,0,0
Diamond Princess,03-02-2020,0,0,0
Diamond Princess,04-02-2020,0,0,0
Diamond Princess,05-02-2020,0,0,0
Diamond Princess,06-02-2020,0,0,0
Diamond Princess,07-02-2020,61,0,0
Diamond Princess,08-02-2020,61,0,0
Diamond Princess,09-02-2020,64,0,0
Diamond Princess,10-02-2020,135,0,0
Diamond Princess,11-02-2020,135,0,0
Diamond Princess,12-02-2020,175,0,0
Diamond Princess,13-02-2020,175,0,0
Diamond Princess,14-02-2020,218,0,0
Diamond Princess,15-02-2020,285,0,0
Diamond Princess,16-02-2020,355,0,0
Diamond Princess,17-02-2020,454,0,0
Diamond Princess,18-02-2020,542,0,0
Diamond Princess,19-02-2020,621,0,1
Diamond Princess,20-02-2020,634,2,1
Diamond Princess,21-02-2020,634,2,1
Diamond Princess,22-02-2020,634,2,1
Diamond Princess,23-02-2020,691,3,0
Diamond Princess,24-02-2020,691,3,0
Diamond Princess,25-02-2020,691,3,0
Diamond Princess,26-02-2020,705,4,10
Diamond Princess,27-02-2020,705,4,10
Diamond Princess,28-02-2020,705,6,10
Diamond Princess,29-02-2020,705,6,10
Diamond Princess,01-03-2020,705,6,10
Diamond Princess,02-03-2020,705,6,10
Diamond Princess,03-03-2020,706,6,10
Diamond Princess,04-03-2020,706,6,10
Diamond Princess,05-03-2020,706,6,10
Diamond Princess,06-03-2020,706,6,40
Diamond Princess,07-03-2020,706,6,40
Diamond Princess,08-03-2020,706,6,40
Diamond Princess,09-03-2020,706,6,40
Diamond Princess,10-03-2020,706,6,40
Diamond Princess,11-03-2020,706,7,325
Diamond Princess,12-03-2020,706,7,325
Diamond Princess,13-03-2020,706,7,325
Diamond Princess,14-03-2020,706,7,325
Diamond Princess,15-03-2020,706,7,325
Diamond Princess,16-03-2020,706,7,325
Diamond Princess,17-03-2020,706,7,325
Diamond Princess,18-03-2020,712,7,325
Diamond Princess,19-03-2020,712,7,325
Diamond Princess,20-03-2020,712,7,325
Diamond Princess,21-03-2020,712,8,325
Diamond Princess,22-03-2020,712,8,325
Diamond Princess,23-03-2020,712,8,325
Diamond Princess,24-03-2020,712,10,325
Diamond Princess,25-03-2020,712,10,587
Diamond Princess,26-03-2020,712,10,597
Diamond Princess,27-03-2020,712,10,597
Diamond Princess,28-03-2020,712,10,597
Diamond Princess,29-03-2020,712,10,603
Diamond Princess,30-03-2020,712,10,603
Diamond Princess,31-03-2020,712,10,603
Diamond Princess,01-04-2020,712,11,603
Diamond Princess,02-04-2020,712,11,619
Diamond Princess,03-04-2020,712,11,619
Diamond Princess,04-04-2020,712,11,619
Diamond Princess,05-04-2020,712,11,619
Diamond Princess,06-04-2020,712,11,619
Diamond Princess,07-04-2020,712,11,619
Diamond Princess,08-04-2020,712,11,619
Diamond Princess,09-04-2020,712,11,619
Diamond Princess,10-04-2020,712,11,619
Diamond Princess,11-04-2020,712,11,619
Diamond Princess,12-04-2020,712,11,619
Diamond Princess,13-04-2020,712,11,619
Diamond Princess,14-04-2020,712,12,639
Diamond Princess,15-04-2020,712,12,639
Diamond Princess,16-04-2020,712,12,644
Diamond Princess,17-04-2020,712,13,644
Diamond Princess,18-04-2020,712,13,644
Diamond Princess,19-04-2020,712,13,644
Diamond Princess,20-04-2020,712,13,644
Diamond Princess,21-04-2020,712,13,644
Diamond Princess,22-04-2020,712,13,644
Diamond Princess,23-04-2020,712,13,645
Diamond Princess,24-04-2020,712,13,645
Diamond Princess,25-04-2020,712,13,645
Diamond Princess,26-04-2020,712,13,645
Diamond Princess,27-04-2020,712,13,645
Diamond Princess,28-04-2020,712,13,645
Diamond Princess,29-04-2020,712,13,645
Diamond Princess,30-04-2020,712,13,645
Diamond Princess,01-05-2020,712,13,645
Diamond Princess,02-05-2020,712,13,645
Diamond Princess,03-05-2020,712,13,645
Diamond Princess,04-05-2020,712,13,645
Diamond Princess,05-05-2020,712,13,645
Diamond Princess,06-05-2020,712,13,645
Diamond Princess,07-05-2020,712,13,645
Diamond Princess,08-05-2020,712,13,645
Diamond Princess,09-05-2020,712,13,645
Diamond Princess,10-05-2020,712,13,651
Diamond Princess,11-05-2020,712,13,651
Diamond Princess,12-05-2020,712,13,651
Diamond Princess,13-05-2020,712,13,651
Diamond Princess,14-05-2020,712,13,651
Diamond Princess,15-05-2020,712,13,651
Diamond Princess,16-05-2020,712,13,651
Diamond Princess,17-05-2020,712,13,651
Diamond Princess,18-05-2020,712,13,651
Diamond Princess,19-05-2020,712,13,651
Diamond Princess,20-05-2020,712,13,651
Diamond Princess,21-05-2020,712,13,651
Diamond Princess,22-05-2020,712,13,651
Diamond Princess,23-05-2020,712,13,651
Diamond Princess,24-05-2020,712,13,651
Diamond Princess,25-05-2020,712,13,651
Diamond Princess,26-05-2020,712,13,651
Diamond Princess,27-05-2020,712,13,651
Diamond Princess,28-05-2020,712,13,651
Diamond Princess,29-05-2020,712,13,651
Diamond Princess,30-05-2020,712,13,651
Diamond Princess,31-05-2020,712,13,651
Diamond Princess,01-06-2020,712,13,651
Diamond Princess,02-06-2020,712,13,651
Diamond Princess,03-06-2020,712,13,651
Diamond Princess,04-06-2020,712,13,651
Diamond Princess,05-06-2020,712,13,651
Diamond Princess,06-06-2020,712,13,651
Diamond Princess,07-06-2020,712,13,651
Diamond Princess,08-06-2020,712,13,651
Diamond Princess,09-06-2020,712,13,651
Diamond Princess,10-06-2020,712,13,651
Diamond Princess,11-06-2020,712,13,651
Diamond Princess,12-06-2020,712,13,651
Diamond Princess,13-06-2020,712,13,651
Diamond Princess,14-06-2020,712,13,651
Diamond Princess,15-06-2020,712,13,651
Diamond Princess,16-06-2020,712,13,651
Diamond Princess,17-06-2020,712,13,651
Diamond Princess,18-06-2020,712,13,651
Diamond Princess,19-06-2020,712,13,651
Diamond Princess,20-06-2020,712,13,651
Diamond Princess,21-06-2020,712,13,651
Diamond Princess,22-06-2020,712,13,651
Diamond Princess,23-06-2020,712,13,651
Diamond Princess,24-06-2020,712,13,651
Diamond Princess,25-06-2020,712,13,651
Diamond Princess,26-06-2020,712,13,651
Diamond Princess,27-06-2020,712,13,651
Diamond Princess,28-06-2020,712,13,651
Diamond Princess,29-06-2020,712,13,651
Diamond Princess,30-06-2020,712,13,651
Diamond Princess,01-07-2020,712,13,651
Diamond Princess,02-07-2020,712,13,651
Diamond Princess,03-07-2020,712,13,651
Diamond Princess,04-07-2020,712,13,651
Diamond Princess,05-07-2020,712,13,651
Diamond Princess,06-07-2020,712,13,651
Diamond Princess,07-07-2020,712,13,651
Diamond Princess,08-07-2020,712,13,651
Diamond Princess,09-07-2020,712,13,651
Diamond Princess,10-07-2020,712,13,651
Diamond Princess,11-07-2020,712,13,651
Diamond Princess,12-07-2020,712,13,651
Diamond Princess,13-07-2020,712,13,651
Diamond Princess,14-07-2020,712,13,651
Diamond Princess,15-07-2020,712,13,651
Diamond Princess,16-07-2020,712,13,651
Diamond Princess,17-07-2020,712,13,651
Diamond Princess,18-07-2020,712,13,651
Diamond Princess,19-07-2020,712,13,651
Diamond Princess,20-07-2020,712,13,651
Diamond Princess,21-07-2020,712,13,651
Diamond Princess,22-07-2020,712,13,651
Diamond Princess,23-07-2020,712,13,651
Diamond Princess,24-07-2020,712,13,651
Diamond Princess,25-07-2020,712,13,651
Diamond Princess,26-07-2020,712,13,651
Diamond Princess,27-07-2020,712,13,651
Diamond Princess,28-07-2020,712,13,651
Diamond Princess,29-07-2020,712,13,651
Diamond Princess,30-07-2020,712,13,651
Diamond Princess,31-07-2020,712,13,651
Diamond Princess,01-08-2020,712,13,651
Diamond Princess,02-08-2020,712,13,651
Diamond Princess,03-08-2020,712,13,651
