country,date,confirmed,deaths,recovered
Dominican Republic,22-01-2020,0,0,0
Dominican Republic,23-01-2020,0,0,0
Dominican Republic,24-01-2020,0,0,0
Dominican Republic,25-01-2020,0,0,0
Dominican Republic,26-01-2020,0,0,0
Dominican Republic,27-01-2020,0,0,0
Dominican Republic,28-01-2020,0,0,0
Dominican Republic,29-01-2020,0,0,0
Dominican Republic,30-01-2020,0,0,0
Dominican Republic,31-01-2020,0,0,0
Dominican Republic,01-02-2020,0,0,0
Dominican Republic,02-02-2020,0,0,0
Dominican Republic,03-02-2020,0,0,0
Dominican Republic,04-02-2020,0,0,0
Dominican Republic,05-02-2020,0,0,0
Dominican Republic,06-02-2020,0,0,0
Dominican Republic,07-02-2020,0,0,0
Dominican Republic,08-02-2020,0,0,0
Dominican Republic,09-02-2020,0,0,0
Dominican Republic,10-02-2020,0,0,0
Dominican Republic,11-02-2020,0,0,0
Dominican Republic,12-02-2020,0,0,0
Dominican Republic,13-02-2020,0,0,0
Dominican Republic,14-02-2020,0,0,0
Dominican Republic,15-02-2020,0,0,0
Dominican Republic,16-02-2020,0,0,0
Dominican Republic,17-02-2020,0,0,0
Dominican Republic,18-02-2020,0,0,0
Dominican Republic,19-02-2020,0,0,0
Dominican Republic,20-02-2020,0,0,0
Dominican Republic,21-02-2020,0,0,0
Dominican Republic,22-02-2020,0,0,0
Dominican Republic,23-02-2020,0,0,0
Dominican Republic,24-02-2020,0,0,0
Dominican Republic,25-02-2020,0,0,0
Dominican Republic,26-02-2020,0,0,0
Dominican Republic,27-02-2020,0,0,0
Dominican Republic,28-02-2020,0,0,0
Dominican Republic,29-02-2020,0,0,0
Dominican Republic,01-03-2020,1,0,0
Dominican Republic,02-03-2020,1,0,0
Dominican Republic,03-03-2020,1,0,0
Dominican Republic,04-03-2020,1,0,0
Dominican Republic,05-03-2020,1,0,0
Dominican Republic,06-03-2020,2,0,0
Dominican Republic,07-03-2020,2,0,0
Dominican Republic,08-03-2020,5,0,0
Dominican Republic,09-03-2020,5,0,0
Dominican Republic,10-03-2020,5,0,0
Dominican Republic,11-03-2020,5,0,0
Dominican Republic,12-03-2020,5,0,0
Dominican Republic,13-03-2020,5,0,0
Dominican Republic,14-03-2020,11,0,0
Dominican Republic,15-03-2020,11,0,0
Dominican Republic,16-03-2020,11,0,0
Dominican Republic,17-03-2020,21,1,0
Dominican Republic,18-03-2020,21,1,0
Dominican Republic,19-03-2020,34,2,0
Dominican Republic,20-03-2020,72,2,0
Dominican Republic,21-03-2020,112,2,0
Dominican Republic,22-03-2020,202,3,0
Dominican Republic,23-03-2020,245,3,0
Dominican Republic,24-03-2020,312,6,3
Dominican Republic,25-03-2020,392,10,3
Dominican Republic,26-03-2020,488,10,3
Dominican Republic,27-03-2020,581,20,3
Dominican Republic,28-03-2020,719,28,3
Dominican Republic,29-03-2020,859,39,3
Dominican Republic,30-03-2020,901,42,4
Dominican Republic,31-03-2020,1109,51,5
Dominican Republic,01-04-2020,1284,57,9
Dominican Republic,02-04-2020,1380,60,16
Dominican Republic,03-04-2020,1488,68,16
Dominican Republic,04-04-2020,1488,68,16
Dominican Republic,05-04-2020,1745,82,17
Dominican Republic,06-04-2020,1828,86,33
Dominican Republic,07-04-2020,1956,98,36
Dominican Republic,08-04-2020,2111,108,50
Dominican Republic,09-04-2020,2349,118,80
Dominican Republic,10-04-2020,2620,126,98
Dominican Republic,11-04-2020,2759,135,108
Dominican Republic,12-04-2020,2967,173,131
Dominican Republic,13-04-2020,3167,177,152
Dominican Republic,14-04-2020,3286,183,162
Dominican Republic,15-04-2020,3614,189,208
Dominican Republic,16-04-2020,3755,196,215
Dominican Republic,17-04-2020,4126,200,268
Dominican Republic,18-04-2020,4335,217,312
Dominican Republic,19-04-2020,4680,226,363
Dominican Republic,20-04-2020,4964,235,416
Dominican Republic,21-04-2020,5044,245,463
Dominican Republic,22-04-2020,5300,260,581
Dominican Republic,23-04-2020,5543,265,581
Dominican Republic,24-04-2020,5749,267,763
Dominican Republic,25-04-2020,5926,273,822
Dominican Republic,26-04-2020,6135,278,910
Dominican Republic,27-04-2020,6293,282,993
Dominican Republic,28-04-2020,6416,286,1165
Dominican Republic,29-04-2020,6652,293,1228
Dominican Republic,30-04-2020,6972,301,1301
Dominican Republic,01-05-2020,7288,313,1387
Dominican Republic,02-05-2020,7578,326,1481
Dominican Republic,03-05-2020,7954,333,1606
Dominican Republic,04-05-2020,8235,346,1771
Dominican Republic,05-05-2020,8480,354,1905
Dominican Republic,06-05-2020,8807,362,1960
Dominican Republic,07-05-2020,9095,373,2064
Dominican Republic,08-05-2020,9376,380,2286
Dominican Republic,09-05-2020,9882,385,2584
Dominican Republic,10-05-2020,10347,388,2763
Dominican Republic,11-05-2020,10634,393,2870
Dominican Republic,12-05-2020,10900,402,3221
Dominican Republic,13-05-2020,11196,409,3221
Dominican Republic,14-05-2020,11320,422,3351
Dominican Republic,15-05-2020,11739,424,3557
Dominican Republic,16-05-2020,12110,428,3726
Dominican Republic,17-05-2020,12314,428,5847
Dominican Republic,18-05-2020,12725,434,6613
Dominican Republic,19-05-2020,13223,441,6613
Dominican Republic,20-05-2020,13477,446,7142
Dominican Republic,21-05-2020,13657,448,7366
Dominican Republic,22-05-2020,13989,456,7572
Dominican Republic,23-05-2020,14422,458,7854
Dominican Republic,24-05-2020,14801,458,8133
Dominican Republic,25-05-2020,15073,460,8285
Dominican Republic,26-05-2020,15264,468,8534
Dominican Republic,27-05-2020,15723,474,8790
Dominican Republic,28-05-2020,16068,485,8952
Dominican Republic,29-05-2020,16531,488,9266
Dominican Republic,30-05-2020,16908,498,9557
Dominican Republic,31-05-2020,17285,502,10559
Dominican Republic,01-06-2020,17572,502,10893
Dominican Republic,02-06-2020,17752,515,11075
Dominican Republic,03-06-2020,18040,516,11224
Dominican Republic,04-06-2020,18319,520,11474
Dominican Republic,05-06-2020,18708,525,11736
Dominican Republic,06-06-2020,19195,536,11919
Dominican Republic,07-06-2020,19600,538,12007
Dominican Republic,08-06-2020,20126,539,12158
Dominican Republic,09-06-2020,20415,544,12208
Dominican Republic,10-06-2020,20808,550,12318
Dominican Republic,11-06-2020,21437,561,12541
Dominican Republic,12-06-2020,22008,568,12754
Dominican Republic,13-06-2020,22572,577,13084
Dominican Republic,14-06-2020,22962,592,13320
Dominican Republic,15-06-2020,23271,605,14025
Dominican Republic,16-06-2020,23686,615,14133
Dominican Republic,17-06-2020,24105,633,14216
Dominican Republic,18-06-2020,24645,635,14293
Dominican Republic,19-06-2020,25068,647,14605
Dominican Republic,20-06-2020,25778,655,14957
Dominican Republic,21-06-2020,26677,662,15138
Dominican Republic,22-06-2020,27370,669,15338
Dominican Republic,23-06-2020,27936,675,15551
Dominican Republic,24-06-2020,28631,691,16006
Dominican Republic,25-06-2020,29141,698,16223
Dominican Republic,26-06-2020,29764,712,16357
Dominican Republic,27-06-2020,30619,718,16666
Dominican Republic,28-06-2020,31373,726,17142
Dominican Republic,29-06-2020,31816,733,17280
Dominican Republic,30-06-2020,32568,747,17580
Dominican Republic,01-07-2020,33387,754,17904
Dominican Republic,02-07-2020,34197,765,18141
Dominican Republic,03-07-2020,35148,775,18392
Dominican Republic,04-07-2020,36184,786,18602
Dominican Republic,05-07-2020,37425,794,18943
Dominican Republic,06-07-2020,38128,804,19489
Dominican Republic,07-07-2020,38430,821,19564
Dominican Republic,08-07-2020,39588,829,20056
Dominican Republic,09-07-2020,40790,842,20426
Dominican Republic,10-07-2020,41915,864,20830
Dominican Republic,11-07-2020,43114,880,20996
Dominican Republic,12-07-2020,44532,897,21459
Dominican Republic,13-07-2020,45506,903,22441
Dominican Republic,14-07-2020,46305,910,23134
Dominican Republic,15-07-2020,47671,929,23459
Dominican Republic,16-07-2020,48743,941,23636
Dominican Republic,17-07-2020,50113,942,24423
Dominican Republic,18-07-2020,51519,971,24607
Dominican Republic,19-07-2020,52855,981,25094
Dominican Republic,20-07-2020,53956,993,25561
Dominican Republic,21-07-2020,54797,999,25976
Dominican Republic,22-07-2020,56043,1005,26466
Dominican Republic,23-07-2020,57615,1006,26905
Dominican Republic,24-07-2020,59077,1036,27625
Dominican Republic,25-07-2020,60896,1055,27980
Dominican Republic,26-07-2020,62908,1063,28603
Dominican Republic,27-07-2020,64156,1083,30204
Dominican Republic,28-07-2020,64690,1101,32014
Dominican Republic,29-07-2020,66182,1123,33947
Dominican Republic,30-07-2020,67915,1146,35302
Dominican Republic,31-07-2020,69649,1160,36470
Dominican Republic,01-08-2020,71415,1170,37509
Dominican Republic,02-08-2020,72243,1178,38244
Dominican Republic,03-08-2020,73117,1183,38824
