country,date,confirmed,deaths,recovered
El Salvador,22-01-2020,0,0,0
El Salvador,23-01-2020,0,0,0
El Salvador,24-01-2020,0,0,0
El Salvador,25-01-2020,0,0,0
El Salvador,26-01-2020,0,0,0
El Salvador,27-01-2020,0,0,0
El Salvador,28-01-2020,0,0,0
El Salvador,29-01-2020,0,0,0
El Salvador,30-01-2020,0,0,0
El Salvador,31-01-2020,0,0,0
El Salvador,01-02-2020,0,0,0
El Salvador,02-02-2020,0,0,0
El Salvador,03-02-2020,0,0,0
El Salvador,04-02-2020,0,0,0
El Salvador,05-02-2020,0,0,0
El Salvador,06-02-2020,0,0,0
El Salvador,07-02-2020,0,0,0
El Salvador,08-02-2020,0,0,0
El Salvador,09-02-2020,0,0,0
El Salvador,10-02-2020,0,0,0
El Salvador,11-02-2020,0,0,0
El Salvador,12-02-2020,0,0,0
El Salvador,13-02-2020,0,0,0
El Salvador,14-02-2020,0,0,0
El Salvador,15-02-2020,0,0,0
El Salvador,16-02-2020,0,0,0
El Salvador,17-02-2020,0,0,0
El Salvador,18-02-2020,0,0,0
El Salvador,19-02-2020,0,0,0
El Salvador,20-02-2020,0,0,0
El Salvador,21-02-2020,0,0,0
El Salvador,22-02-2020,0,0,0
El Salvador,23-02-2020,0,0,0
El Salvador,24-02-2020,0,0,0
El Salvador,25-02-2020,0,0,0
El Salvador,26-02-2020,0,0,0
El Salvador,27-02-2020,0,0,0
El Salvador,28-02-2020,0,0,0
El Salvador,29-02-2020,0,0,0
El Salvador,01-03-2020,0,0,0
El Salvador,02-03-2020,0,0,0
El Salvador,03-03-2020,0,0,0
El Salvador,04-03-2020,0,0,0
El Salvador,05-03-2020,0,0,0
El Salvador,06-03-2020,0,0,0
El Salvador,07-03-2020,0,0,0
El Salvador,08-03-2020,0,0,0
El Salvador,09-03-2020,0,0,0
El Salvador,10-03-2020,0,0,0
El Salvador,11-03-2020,0,0,0
El Salvador,12-03-2020,0,0,0
El Salvador,13-03-2020,0,0,0
El Salvador,14-03-2020,0,0,0
El Salvador,15-03-2020,0,0,0
El Salvador,16-03-2020,0,0,0
El Salvador,17-03-2020,0,0,0
El Salvador,18-03-2020,0,0,0
El Salvador,19-03-2020,1,0,0
El Salvador,20-03-2020,1,0,0
El Salvador,21-03-2020,3,0,0
El Salvador,22-03-2020,3,0,0
El Salvador,23-03-2020,3,0,0
El Salvador,24-03-2020,5,0,0
El Salvador,25-03-2020,9,0,0
El Salvador,26-03-2020,13,0,0
El Salvador,27-03-2020,13,0,0
El Salvador,28-03-2020,19,0,0
El Salvador,29-03-2020,24,0,0
El Salvador,30-03-2020,30,0,0
El Salvador,31-03-2020,32,1,0
El Salvador,01-04-2020,32,1,0
El Salvador,02-04-2020,41,2,0
El Salvador,03-04-2020,46,2,0
El Salvador,04-04-2020,56,3,2
El Salvador,05-04-2020,62,3,2
El Salvador,06-04-2020,69,4,5
El Salvador,07-04-2020,78,4,5
El Salvador,08-04-2020,93,5,9
El Salvador,09-04-2020,103,6,14
El Salvador,10-04-2020,117,6,15
El Salvador,11-04-2020,118,6,19
El Salvador,12-04-2020,125,6,21
El Salvador,13-04-2020,137,6,22
El Salvador,14-04-2020,149,6,25
El Salvador,15-04-2020,159,6,30
El Salvador,16-04-2020,164,6,33
El Salvador,17-04-2020,177,7,38
El Salvador,18-04-2020,190,7,43
El Salvador,19-04-2020,201,7,44
El Salvador,20-04-2020,218,7,46
El Salvador,21-04-2020,225,7,48
El Salvador,22-04-2020,237,7,63
El Salvador,23-04-2020,250,8,67
El Salvador,24-04-2020,274,8,75
El Salvador,25-04-2020,274,8,75
El Salvador,26-04-2020,298,8,83
El Salvador,27-04-2020,323,8,89
El Salvador,28-04-2020,345,8,97
El Salvador,29-04-2020,377,9,106
El Salvador,30-04-2020,395,10,119
El Salvador,01-05-2020,424,10,124
El Salvador,02-05-2020,446,11,141
El Salvador,03-05-2020,490,11,154
El Salvador,04-05-2020,555,13,180
El Salvador,05-05-2020,587,14,205
El Salvador,06-05-2020,633,15,219
El Salvador,07-05-2020,695,15,252
El Salvador,08-05-2020,742,16,257
El Salvador,09-05-2020,784,17,276
El Salvador,10-05-2020,889,17,293
El Salvador,11-05-2020,958,18,325
El Salvador,12-05-2020,998,20,349
El Salvador,13-05-2020,1037,20,374
El Salvador,14-05-2020,1112,23,405
El Salvador,15-05-2020,1210,25,417
El Salvador,16-05-2020,1265,26,441
El Salvador,17-05-2020,1338,30,464
El Salvador,18-05-2020,1413,30,474
El Salvador,19-05-2020,1498,30,502
El Salvador,20-05-2020,1571,31,537
El Salvador,21-05-2020,1640,33,544
El Salvador,22-05-2020,1725,33,570
El Salvador,23-05-2020,1819,33,570
El Salvador,24-05-2020,1915,35,633
El Salvador,25-05-2020,1983,35,772
El Salvador,26-05-2020,2042,36,787
El Salvador,27-05-2020,2109,39,891
El Salvador,28-05-2020,2194,39,1002
El Salvador,29-05-2020,2278,42,1015
El Salvador,30-05-2020,2395,46,1031
El Salvador,31-05-2020,2517,46,1040
El Salvador,01-06-2020,2582,46,1063
El Salvador,02-06-2020,2653,49,1160
El Salvador,03-06-2020,2705,51,1186
El Salvador,04-06-2020,2781,52,1214
El Salvador,05-06-2020,2849,53,1249
El Salvador,06-06-2020,2934,53,1281
El Salvador,07-06-2020,3015,53,1305
El Salvador,08-06-2020,3104,56,1379
El Salvador,09-06-2020,3191,60,1419
El Salvador,10-06-2020,3274,64,1438
El Salvador,11-06-2020,3373,68,1504
El Salvador,12-06-2020,3481,68,1587
El Salvador,13-06-2020,3603,72,1738
El Salvador,14-06-2020,3720,74,1846
El Salvador,15-06-2020,3826,74,1926
El Salvador,16-06-2020,3941,76,2041
El Salvador,17-06-2020,4066,79,2137
El Salvador,18-06-2020,4200,82,2235
El Salvador,19-06-2020,4329,86,2310
El Salvador,20-06-2020,4475,93,2449
El Salvador,21-06-2020,4626,98,2535
El Salvador,22-06-2020,4808,107,2655
El Salvador,23-06-2020,4973,113,2814
El Salvador,24-06-2020,5150,119,2924
El Salvador,25-06-2020,5336,126,3116
El Salvador,26-06-2020,5517,133,3291
El Salvador,27-06-2020,5727,143,3447
El Salvador,28-06-2020,5934,152,3557
El Salvador,29-06-2020,6173,164,3648
El Salvador,30-06-2020,6438,174,3770
El Salvador,01-07-2020,6736,182,3964
El Salvador,02-07-2020,7000,191,4115
El Salvador,03-07-2020,7267,202,4268
El Salvador,04-07-2020,7507,210,4434
El Salvador,05-07-2020,7777,217,4573
El Salvador,06-07-2020,8027,223,4730
El Salvador,07-07-2020,8307,229,4929
El Salvador,08-07-2020,8566,235,5133
El Salvador,09-07-2020,8844,243,5289
El Salvador,10-07-2020,9142,249,5428
El Salvador,11-07-2020,9391,254,5516
El Salvador,12-07-2020,9674,260,5634
El Salvador,13-07-2020,9978,267,5732
El Salvador,14-07-2020,10303,278,5919
El Salvador,15-07-2020,10645,286,6120
El Salvador,16-07-2020,10957,298,6257
El Salvador,17-07-2020,11207,309,6422
El Salvador,18-07-2020,11508,324,6560
El Salvador,19-07-2020,11846,335,6705
El Salvador,20-07-2020,12207,344,6831
El Salvador,21-07-2020,12582,352,6965
El Salvador,22-07-2020,12975,363,7119
El Salvador,23-07-2020,13377,372,7276
El Salvador,24-07-2020,13792,379,7415
El Salvador,25-07-2020,14221,390,7549
El Salvador,26-07-2020,14630,400,7648
El Salvador,27-07-2020,15035,408,7778
El Salvador,28-07-2020,15446,417,7903
El Salvador,29-07-2020,15841,430,8071
El Salvador,30-07-2020,16230,439,8206
El Salvador,31-07-2020,16632,448,8362
El Salvador,01-08-2020,17050,459,8495
El Salvador,02-08-2020,17448,467,8634
El Salvador,03-08-2020,17843,477,8809
