country,date,confirmed,deaths,recovered
Guinea-Bissau,22-01-2020,0,0,0
Guinea-Bissau,23-01-2020,0,0,0
Guinea-Bissau,24-01-2020,0,0,0
Guinea-Bissau,25-01-2020,0,0,0
Guinea-Bissau,26-01-2020,0,0,0
Guinea-Bissau,27-01-2020,0,0,0
Guinea-Bissau,28-01-2020,0,0,0
Guinea-Bissau,29-01-2020,0,0,0
Guinea-Bissau,30-01-2020,0,0,0
Guinea-Bissau,31-01-2020,0,0,0
Guinea-Bissau,01-02-2020,0,0,0
Guinea-Bissau,02-02-2020,0,0,0
Guinea-Bissau,03-02-2020,0,0,0
Guinea-Bissau,04-02-2020,0,0,0
Guinea-Bissau,05-02-2020,0,0,0
Guinea-Bissau,06-02-2020,0,0,0
Guinea-Bissau,07-02-2020,0,0,0
Guinea-Bissau,08-02-2020,0,0,0
Guinea-Bissau,09-02-2020,0,0,0
Guinea-Bissau,10-02-2020,0,0,0
Guinea-Bissau,11-02-2020,0,0,0
Guinea-Bissau,12-02-2020,0,0,0
Guinea-Bissau,13-02-2020,0,0,0
Guinea-Bissau,14-02-2020,0,0,0
Guinea-Bissau,15-02-2020,0,0,0
Guinea-Bissau,16-02-2020,0,0,0
Guinea-Bissau,17-02-2020,0,0,0
Guinea-Bissau,18-02-2020,0,0,0
Guinea-Bissau,19-02-2020,0,0,0
Guinea-Bissau,20-02-2020,0,0,0
Guinea-Bissau,21-02-2020,0,0,0
Guinea-Bissau,22-02-2020,0,0,0
Guinea-Bissau,23-02-2020,0,0,0
Guinea-Bissau,24-02-2020,0,0,0
Guinea-Bissau,25-02-2020,0,0,0
Guinea-Bissau,26-02-2020,0,0,0
Guinea-Bissau,27-02-2020,0,0,0
Guinea-Bissau,28-02-2020,0,0,0
Guinea-Bissau,29-02-2020,0,0,0
Guinea-Bissau,01-03-2020,0,0,0
Guinea-Bissau,02-03-2020,0,0,0
Guinea-Bissau,03-03-2020,0,0,0
Guinea-Bissau,04-03-2020,0,0,0
Guinea-Bissau,05-03-2020,0,0,0
Guinea-Bissau,06-03-2020,0,0,0
Guinea-Bissau,07-03-2020,0,0,0
Guinea-Bissau,08-03-2020,0,0,0
Guinea-Bissau,09-03-2020,0,0,0
Guinea-Bissau,10-03-2020,0,0,0
Guinea-Bissau,11-03-2020,0,0,0
Guinea-Bissau,12-03-2020,0,0,0
Guinea-Bissau,13-03-2020,0,0,0
Guinea-Bissau,14-03-2020,0,0,0
Guinea-Bissau,15-03-2020,0,0,0
Guinea-Bissau,16-03-2020,0,0,0
Guinea-Bissau,17-03-2020,0,0,0
Guinea-Bissau,18-03-2020,0,0,0
Guinea-Bissau,19-03-2020,0,0,0
Guinea-Bissau,20-03-2020,0,0,0
Guinea-Bissau,21-03-2020,0,0,0
Guinea-Bissau,22-03-2020,0,0,0
Guinea-Bissau,23-03-2020,0,0,0
Guinea-Bissau,24-03-2020,0,0,0
Guinea-Bissau,25-03-2020,2,0,0
Guinea-Bissau,26-03-2020,2,0,0
Guinea-Bissau,27-03-2020,2,0,0
Guinea-Bissau,28-03-2020,2,0,0
Guinea-Bissau,29-03-2020,2,0,0
Guinea-Bissau,30-03-2020,8,0,0
Guinea-Bissau,31-03-2020,8,0,0
Guinea-Bissau,01-04-2020,9,0,0
Guinea-Bissau,02-04-2020,9,0,0
Guinea-Bissau,03-04-2020,15,0,0
Guinea-Bissau,04-04-2020,18,0,0
Guinea-Bissau,05-04-2020,18,0,0
Guinea-Bissau,06-04-2020,18,0,0
Guinea-Bissau,07-04-2020,33,0,0
Guinea-Bissau,08-04-2020,33,0,0
Guinea-Bissau,09-04-2020,36,0,0
Guinea-Bissau,10-04-2020,36,0,0
Guinea-Bissau,11-04-2020,38,0,0
Guinea-Bissau,12-04-2020,38,0,0
Guinea-Bissau,13-04-2020,38,0,0
Guinea-Bissau,14-04-2020,38,0,0
Guinea-Bissau,15-04-2020,43,0,0
Guinea-Bissau,16-04-2020,43,0,0
Guinea-Bissau,17-04-2020,43,0,0
Guinea-Bissau,18-04-2020,46,0,0
Guinea-Bissau,19-04-2020,50,0,3
Guinea-Bissau,20-04-2020,50,0,3
Guinea-Bissau,21-04-2020,50,0,3
Guinea-Bissau,22-04-2020,50,0,3
Guinea-Bissau,23-04-2020,50,0,3
Guinea-Bissau,24-04-2020,52,0,3
Guinea-Bissau,25-04-2020,52,0,3
Guinea-Bissau,26-04-2020,53,1,3
Guinea-Bissau,27-04-2020,73,1,18
Guinea-Bissau,28-04-2020,73,1,18
Guinea-Bissau,29-04-2020,205,1,19
Guinea-Bissau,30-04-2020,205,1,19
Guinea-Bissau,01-05-2020,257,1,19
Guinea-Bissau,02-05-2020,257,1,19
Guinea-Bissau,03-05-2020,257,1,19
Guinea-Bissau,04-05-2020,413,1,19
Guinea-Bissau,05-05-2020,413,1,19
Guinea-Bissau,06-05-2020,475,2,24
Guinea-Bissau,07-05-2020,564,2,25
Guinea-Bissau,08-05-2020,594,2,25
Guinea-Bissau,09-05-2020,641,3,25
Guinea-Bissau,10-05-2020,726,3,26
Guinea-Bissau,11-05-2020,761,3,26
Guinea-Bissau,12-05-2020,820,3,26
Guinea-Bissau,13-05-2020,836,3,26
Guinea-Bissau,14-05-2020,913,3,26
Guinea-Bissau,15-05-2020,913,3,26
Guinea-Bissau,16-05-2020,969,4,26
Guinea-Bissau,17-05-2020,990,4,26
Guinea-Bissau,18-05-2020,1032,4,38
Guinea-Bissau,19-05-2020,1038,6,42
Guinea-Bissau,20-05-2020,1089,6,42
Guinea-Bissau,21-05-2020,1109,6,42
Guinea-Bissau,22-05-2020,1114,6,42
Guinea-Bissau,23-05-2020,1114,6,42
Guinea-Bissau,24-05-2020,1114,6,42
Guinea-Bissau,25-05-2020,1178,7,42
Guinea-Bissau,26-05-2020,1178,7,42
Guinea-Bissau,27-05-2020,1195,7,42
Guinea-Bissau,28-05-2020,1195,8,42
Guinea-Bissau,29-05-2020,1256,8,42
Guinea-Bissau,30-05-2020,1256,8,42
Guinea-Bissau,31-05-2020,1256,8,42
Guinea-Bissau,01-06-2020,1339,8,53
Guinea-Bissau,02-06-2020,1339,8,53
Guinea-Bissau,03-06-2020,1339,8,53
Guinea-Bissau,04-06-2020,1339,8,53
Guinea-Bissau,05-06-2020,1368,12,153
Guinea-Bissau,06-06-2020,1368,12,153
Guinea-Bissau,07-06-2020,1368,12,153
Guinea-Bissau,08-06-2020,1389,12,153
Guinea-Bissau,09-06-2020,1389,12,153
Guinea-Bissau,10-06-2020,1389,12,153
Guinea-Bissau,11-06-2020,1389,12,153
Guinea-Bissau,12-06-2020,1460,15,153
Guinea-Bissau,13-06-2020,1460,15,153
Guinea-Bissau,14-06-2020,1460,15,153
Guinea-Bissau,15-06-2020,1492,15,153
Guinea-Bissau,16-06-2020,1492,15,153
Guinea-Bissau,17-06-2020,1492,15,153
Guinea-Bissau,18-06-2020,1492,15,153
Guinea-Bissau,19-06-2020,1541,17,153
Guinea-Bissau,20-06-2020,1541,17,153
Guinea-Bissau,21-06-2020,1541,17,153
Guinea-Bissau,22-06-2020,1556,19,191
Guinea-Bissau,23-06-2020,1556,19,191
Guinea-Bissau,24-06-2020,1556,19,191
Guinea-Bissau,25-06-2020,1556,19,191
Guinea-Bissau,26-06-2020,1614,22,191
Guinea-Bissau,27-06-2020,1614,22,317
Guinea-Bissau,28-06-2020,1614,22,317
Guinea-Bissau,29-06-2020,1654,24,317
Guinea-Bissau,30-06-2020,1654,24,317
Guinea-Bissau,01-07-2020,1654,24,317
Guinea-Bissau,02-07-2020,1654,24,317
Guinea-Bissau,03-07-2020,1765,25,676
Guinea-Bissau,04-07-2020,1765,25,676
Guinea-Bissau,05-07-2020,1765,25,676
Guinea-Bissau,06-07-2020,1790,25,760
Guinea-Bissau,07-07-2020,1790,25,760
Guinea-Bissau,08-07-2020,1790,25,760
Guinea-Bissau,09-07-2020,1790,25,760
Guinea-Bissau,10-07-2020,1842,26,773
Guinea-Bissau,11-07-2020,1842,26,773
Guinea-Bissau,12-07-2020,1842,26,773
Guinea-Bissau,13-07-2020,1842,26,773
Guinea-Bissau,14-07-2020,1842,26,773
Guinea-Bissau,15-07-2020,1842,26,773
Guinea-Bissau,16-07-2020,1902,26,773
Guinea-Bissau,17-07-2020,1927,26,773
Guinea-Bissau,18-07-2020,1949,26,803
Guinea-Bissau,19-07-2020,1949,26,803
Guinea-Bissau,20-07-2020,1949,26,803
Guinea-Bissau,21-07-2020,1954,26,803
Guinea-Bissau,22-07-2020,1954,26,803
Guinea-Bissau,23-07-2020,1954,26,803
Guinea-Bissau,24-07-2020,1954,26,803
Guinea-Bissau,25-07-2020,1954,26,803
Guinea-Bissau,26-07-2020,1954,26,803
Guinea-Bissau,27-07-2020,1954,26,803
Guinea-Bissau,28-07-2020,1954,26,803
Guinea-Bissau,29-07-2020,1954,26,803
Guinea-Bissau,30-07-2020,1981,26,803
Guinea-Bissau,31-07-2020,1981,26,803
Guinea-Bissau,01-08-2020,1981,27,803
Guinea-Bissau,02-08-2020,1981,27,803
Guinea-Bissau,03-08-2020,1981,27,803
