country,date,confirmed,deaths,recovered
Kazakhstan,22-01-2020,0,0,0
Kazakhstan,23-01-2020,0,0,0
Kazakhstan,24-01-2020,0,0,0
Kazakhstan,25-01-2020,0,0,0
Kazakhstan,26-01-2020,0,0,0
Kazakhstan,27-01-2020,0,0,0
Kazakhstan,28-01-2020,0,0,0
Kazakhstan,29-01-2020,0,0,0
Kazakhstan,30-01-2020,0,0,0
Kazakhstan,31-01-2020,0,0,0
Kazakhstan,01-02-2020,0,0,0
Kazakhstan,02-02-2020,0,0,0
Kazakhstan,03-02-2020,0,0,0
Kazakhstan,04-02-2020,0,0,0
Kazakhstan,05-02-2020,0,0,0
Kazakhstan,06-02-2020,0,0,0
Kazakhstan,07-02-2020,0,0,0
Kazakhstan,08-02-2020,0,0,0
Kazakhstan,09-02-2020,0,0,0
Kazakhstan,10-02-2020,0,0,0
Kazakhstan,11-02-2020,0,0,0
Kazakhstan,12-02-2020,0,0,0
Kazakhstan,13-02-2020,0,0,0
Kazakhstan,14-02-2020,0,0,0
Kazakhstan,15-02-2020,0,0,0
Kazakhstan,16-02-2020,0,0,0
Kazakhstan,17-02-2020,0,0,0
Kazakhstan,18-02-2020,0,0,0
Kazakhstan,19-02-2020,0,0,0
Kazakhstan,20-02-2020,0,0,0
Kazakhstan,21-02-2020,0,0,0
Kazakhstan,22-02-2020,0,0,0
Kazakhstan,23-02-2020,0,0,0
Kazakhstan,24-02-2020,0,0,0
Kazakhstan,25-02-2020,0,0,0
Kazakhstan,26-02-2020,0,0,0
Kazakhstan,27-02-2020,0,0,0
Kazakhstan,28-02-2020,0,0,0
Kazakhstan,29-02-2020,0,0,0
Kazakhstan,01-03-2020,0,0,0
Kazakhstan,02-03-2020,0,0,0
Kazakhstan,03-03-2020,0,0,0
Kazakhstan,04-03-2020,0,0,0
Kazakhstan,05-03-2020,0,0,0
Kazakhstan,06-03-2020,0,0,0
Kazakhstan,07-03-2020,0,0,0
Kazakhstan,08-03-2020,0,0,0
Kazakhstan,09-03-2020,0,0,0
Kazakhstan,10-03-2020,0,0,0
Kazakhstan,11-03-2020,0,0,0
Kazakhstan,12-03-2020,0,0,0
Kazakhstan,13-03-2020,4,0,0
Kazakhstan,14-03-2020,6,0,0
Kazakhstan,15-03-2020,9,0,0
Kazakhstan,16-03-2020,10,0,0
Kazakhstan,17-03-2020,33,0,0
Kazakhstan,18-03-2020,35,0,0
Kazakhstan,19-03-2020,44,0,0
Kazakhstan,20-03-2020,49,3,0
Kazakhstan,21-03-2020,53,0,0
Kazakhstan,22-03-2020,60,0,0
Kazakhstan,23-03-2020,62,0,0
Kazakhstan,24-03-2020,72,0,0
Kazakhstan,25-03-2020,81,0,0
Kazakhstan,26-03-2020,111,1,2
Kazakhstan,27-03-2020,150,1,3
Kazakhstan,28-03-2020,228,1,16
Kazakhstan,29-03-2020,284,1,20
Kazakhstan,30-03-2020,302,1,21
Kazakhstan,31-03-2020,343,2,24
Kazakhstan,01-04-2020,380,3,26
Kazakhstan,02-04-2020,435,3,27
Kazakhstan,03-04-2020,464,6,29
Kazakhstan,04-04-2020,531,5,36
Kazakhstan,05-04-2020,584,6,42
Kazakhstan,06-04-2020,662,6,46
Kazakhstan,07-04-2020,697,6,51
Kazakhstan,08-04-2020,727,7,54
Kazakhstan,09-04-2020,781,8,60
Kazakhstan,10-04-2020,812,10,64
Kazakhstan,11-04-2020,865,10,81
Kazakhstan,12-04-2020,951,10,99
Kazakhstan,13-04-2020,1091,12,138
Kazakhstan,14-04-2020,1232,14,203
Kazakhstan,15-04-2020,1295,16,240
Kazakhstan,16-04-2020,1402,17,277
Kazakhstan,17-04-2020,1546,17,347
Kazakhstan,18-04-2020,1615,17,377
Kazakhstan,19-04-2020,1676,17,400
Kazakhstan,20-04-2020,1852,19,447
Kazakhstan,21-04-2020,1995,19,489
Kazakhstan,22-04-2020,2135,19,515
Kazakhstan,23-04-2020,2289,20,560
Kazakhstan,24-04-2020,2482,25,604
Kazakhstan,25-04-2020,2601,25,646
Kazakhstan,26-04-2020,2717,25,682
Kazakhstan,27-04-2020,2835,25,720
Kazakhstan,28-04-2020,3027,25,774
Kazakhstan,29-04-2020,3138,25,819
Kazakhstan,30-04-2020,3402,25,866
Kazakhstan,01-05-2020,3597,25,922
Kazakhstan,02-05-2020,3857,25,985
Kazakhstan,03-05-2020,3920,27,1084
Kazakhstan,04-05-2020,4049,29,1173
Kazakhstan,05-05-2020,4205,29,1279
Kazakhstan,06-05-2020,4422,30,1408
Kazakhstan,07-05-2020,4578,30,1518
Kazakhstan,08-05-2020,4834,31,1631
Kazakhstan,09-05-2020,4975,31,1776
Kazakhstan,10-05-2020,5090,31,1941
Kazakhstan,11-05-2020,5207,32,2074
Kazakhstan,12-05-2020,5279,32,2223
Kazakhstan,13-05-2020,5417,32,2408
Kazakhstan,14-05-2020,5571,32,2531
Kazakhstan,15-05-2020,5689,34,2707
Kazakhstan,16-05-2020,5850,34,2980
Kazakhstan,17-05-2020,6157,34,3256
Kazakhstan,18-05-2020,6751,35,3469
Kazakhstan,19-05-2020,6751,35,3598
Kazakhstan,20-05-2020,6969,35,3734
Kazakhstan,21-05-2020,7234,35,3843
Kazakhstan,22-05-2020,7919,35,4096
Kazakhstan,23-05-2020,7919,35,4214
Kazakhstan,24-05-2020,8531,35,4352
Kazakhstan,25-05-2020,8969,35,4515
Kazakhstan,26-05-2020,8969,37,4613
Kazakhstan,27-05-2020,9304,37,4768
Kazakhstan,28-05-2020,9576,37,4900
Kazakhstan,29-05-2020,9932,37,5057
Kazakhstan,30-05-2020,10382,38,5220
Kazakhstan,31-05-2020,10858,40,5404
Kazakhstan,01-06-2020,11308,41,5587
Kazakhstan,02-06-2020,11571,44,5941
Kazakhstan,03-06-2020,12067,48,6240
Kazakhstan,04-06-2020,12067,52,6606
Kazakhstan,05-06-2020,12312,52,6903
Kazakhstan,06-06-2020,12511,53,7135
Kazakhstan,07-06-2020,12694,56,7376
Kazakhstan,08-06-2020,12859,56,7376
Kazakhstan,09-06-2020,13074,61,8015
Kazakhstan,10-06-2020,13319,67,8345
Kazakhstan,11-06-2020,13872,67,8593
Kazakhstan,12-06-2020,13872,70,8829
Kazakhstan,13-06-2020,14238,73,8829
Kazakhstan,14-06-2020,14496,77,9188
Kazakhstan,15-06-2020,15192,81,9388
Kazakhstan,16-06-2020,15542,88,9647
Kazakhstan,17-06-2020,15877,97,9920
Kazakhstan,18-06-2020,15877,100,10065
Kazakhstan,19-06-2020,16779,113,10411
Kazakhstan,20-06-2020,17225,118,10671
Kazakhstan,21-06-2020,17732,120,10897
Kazakhstan,22-06-2020,18231,127,11158
Kazakhstan,23-06-2020,18765,134,11514
Kazakhstan,24-06-2020,19285,136,11882
Kazakhstan,25-06-2020,19750,140,12220
Kazakhstan,26-06-2020,20319,150,12548
Kazakhstan,27-06-2020,20319,166,12738
Kazakhstan,28-06-2020,21327,178,12933
Kazakhstan,29-06-2020,21819,188,13008
Kazakhstan,30-06-2020,22308,188,13558
Kazakhstan,01-07-2020,41065,188,14059
Kazakhstan,02-07-2020,42574,188,14777
Kazakhstan,03-07-2020,45719,188,15276
Kazakhstan,04-07-2020,47171,188,15556
Kazakhstan,05-07-2020,48574,188,15860
Kazakhstan,06-07-2020,49683,264,15860
Kazakhstan,07-07-2020,51059,264,16298
Kazakhstan,08-07-2020,51059,264,35137
Kazakhstan,09-07-2020,54747,264,35137
Kazakhstan,10-07-2020,56455,264,32500
Kazakhstan,11-07-2020,58253,264,33814
Kazakhstan,12-07-2020,58253,375,33814
Kazakhstan,13-07-2020,61755,375,35911
Kazakhstan,14-07-2020,63514,375,38008
Kazakhstan,15-07-2020,65188,375,39066
Kazakhstan,16-07-2020,66895,375,40256
Kazakhstan,17-07-2020,68703,375,40256
Kazakhstan,18-07-2020,68703,375,40256
Kazakhstan,19-07-2020,71838,375,43029
Kazakhstan,20-07-2020,73468,585,43401
Kazakhstan,21-07-2020,75153,585,46790
Kazakhstan,22-07-2020,75153,585,46790
Kazakhstan,23-07-2020,78486,585,49488
Kazakhstan,24-07-2020,80226,585,51260
Kazakhstan,25-07-2020,81720,585,51823
Kazakhstan,26-07-2020,83122,585,52571
Kazakhstan,27-07-2020,84648,585,54404
Kazakhstan,28-07-2020,86192,793,56638
Kazakhstan,29-07-2020,87664,793,57815
Kazakhstan,30-07-2020,89078,793,59517
Kazakhstan,31-07-2020,90367,793,60825
Kazakhstan,01-08-2020,90367,793,60825
Kazakhstan,02-08-2020,92662,793,62511
Kazakhstan,03-08-2020,93820,793,65132
