country,date,confirmed,deaths,recovered
Kyrgyzstan,22-01-2020,0,0,0
Kyrgyzstan,23-01-2020,0,0,0
Kyrgyzstan,24-01-2020,0,0,0
Kyrgyzstan,25-01-2020,0,0,0
Kyrgyzstan,26-01-2020,0,0,0
Kyrgyzstan,27-01-2020,0,0,0
Kyrgyzstan,28-01-2020,0,0,0
Kyrgyzstan,29-01-2020,0,0,0
Kyrgyzstan,30-01-2020,0,0,0
Kyrgyzstan,31-01-2020,0,0,0
Kyrgyzstan,01-02-2020,0,0,0
Kyrgyzstan,02-02-2020,0,0,0
Kyrgyzstan,03-02-2020,0,0,0
Kyrgyzstan,04-02-2020,0,0,0
Kyrgyzstan,05-02-2020,0,0,0
Kyrgyzstan,06-02-2020,0,0,0
Kyrgyzstan,07-02-2020,0,0,0
Kyrgyzstan,08-02-2020,0,0,0
Kyrgyzstan,09-02-2020,0,0,0
Kyrgyzstan,10-02-2020,0,0,0
Kyrgyzstan,11-02-2020,0,0,0
Kyrgyzstan,12-02-2020,0,0,0
Kyrgyzstan,13-02-2020,0,0,0
Kyrgyzstan,14-02-2020,0,0,0
Kyrgyzstan,15-02-2020,0,0,0
Kyrgyzstan,16-02-2020,0,0,0
Kyrgyzstan,17-02-2020,0,0,0
Kyrgyzstan,18-02-2020,0,0,0
Kyrgyzstan,19-02-2020,0,0,0
Kyrgyzstan,20-02-2020,0,0,0
Kyrgyzstan,21-02-2020,0,0,0
Kyrgyzstan,22-02-2020,0,0,0
Kyrgyzstan,23-02-2020,0,0,0
Kyrgyzstan,24-02-2020,0,0,0
Kyrgyzstan,25-02-2020,0,0,0
Kyrgyzstan,26-02-2020,0,0,0
Kyrgyzstan,27-02-2020,0,0,0
Kyrgyzstan,28-02-2020,0,0,0
Kyrgyzstan,29-02-2020,0,0,0
Kyrgyzstan,01-03-2020,0,0,0
Kyrgyzstan,02-03-2020,0,0,0
Kyrgyzstan,03-03-2020,0,0,0
Kyrgyzstan,04-03-2020,0,0,0
Kyrgyzstan,05-03-2020,0,0,0
Kyrgyzstan,06-03-2020,0,0,0
Kyrgyzstan,07-03-2020,0,0,0
Kyrgyzstan,08-03-2020,0,0,0
Kyrgyzstan,09-03-2020,0,0,0
Kyrgyzstan,10-03-2020,0,0,0
Kyrgyzstan,11-03-2020,0,0,0
Kyrgyzstan,12-03-2020,0,0,0
Kyrgyzstan,13-03-2020,0,0,0
Kyrgyzstan,14-03-2020,0,0,0
Kyrgyzstan,15-03-2020,0,0,0
Kyrgyzstan,16-03-2020,0,0,0
Kyrgyzstan,17-03-2020,0,0,0
Kyrgyzstan,18-03-2020,3,0,0
Kyrgyzstan,19-03-2020,3,0,0
Kyrgyzstan,20-03-2020,6,0,0
Kyrgyzstan,21-03-2020,14,0,0
Kyrgyzstan,22-03-2020,14,0,0
Kyrgyzstan,23-03-2020,16,0,0
Kyrgyzstan,24-03-2020,42,0,0
Kyrgyzstan,25-03-2020,44,0,0
Kyrgyzstan,26-03-2020,44,0,0
Kyrgyzstan,27-03-2020,58,0,0
Kyrgyzstan,28-03-2020,58,0,0
Kyrgyzstan,29-03-2020,84,0,0
Kyrgyzstan,30-03-2020,94,0,3
Kyrgyzstan,31-03-2020,107,0,3
Kyrgyzstan,01-04-2020,111,0,3
Kyrgyzstan,02-04-2020,116,0,5
Kyrgyzstan,03-04-2020,130,1,6
Kyrgyzstan,04-04-2020,144,1,9
Kyrgyzstan,05-04-2020,147,1,9
Kyrgyzstan,06-04-2020,216,4,33
Kyrgyzstan,07-04-2020,228,4,33
Kyrgyzstan,08-04-2020,270,4,33
Kyrgyzstan,09-04-2020,280,4,35
Kyrgyzstan,10-04-2020,298,5,35
Kyrgyzstan,11-04-2020,339,5,44
Kyrgyzstan,12-04-2020,377,5,54
Kyrgyzstan,13-04-2020,419,5,67
Kyrgyzstan,14-04-2020,430,5,71
Kyrgyzstan,15-04-2020,449,5,78
Kyrgyzstan,16-04-2020,466,5,91
Kyrgyzstan,17-04-2020,489,5,114
Kyrgyzstan,18-04-2020,506,5,130
Kyrgyzstan,19-04-2020,554,5,133
Kyrgyzstan,20-04-2020,568,7,201
Kyrgyzstan,21-04-2020,590,7,216
Kyrgyzstan,22-04-2020,612,7,254
Kyrgyzstan,23-04-2020,631,8,302
Kyrgyzstan,24-04-2020,665,8,345
Kyrgyzstan,25-04-2020,665,8,345
Kyrgyzstan,26-04-2020,682,8,370
Kyrgyzstan,27-04-2020,695,8,395
Kyrgyzstan,28-04-2020,708,8,416
Kyrgyzstan,29-04-2020,729,8,437
Kyrgyzstan,30-04-2020,746,8,462
Kyrgyzstan,01-05-2020,756,8,504
Kyrgyzstan,02-05-2020,769,8,527
Kyrgyzstan,03-05-2020,795,10,564
Kyrgyzstan,04-05-2020,830,10,575
Kyrgyzstan,05-05-2020,843,11,600
Kyrgyzstan,06-05-2020,871,12,614
Kyrgyzstan,07-05-2020,895,12,637
Kyrgyzstan,08-05-2020,906,12,650
Kyrgyzstan,09-05-2020,931,12,658
Kyrgyzstan,10-05-2020,1002,12,675
Kyrgyzstan,11-05-2020,1016,12,688
Kyrgyzstan,12-05-2020,1037,12,709
Kyrgyzstan,13-05-2020,1044,12,726
Kyrgyzstan,14-05-2020,1082,12,735
Kyrgyzstan,15-05-2020,1111,14,745
Kyrgyzstan,16-05-2020,1117,14,783
Kyrgyzstan,17-05-2020,1138,14,804
Kyrgyzstan,18-05-2020,1216,14,827
Kyrgyzstan,19-05-2020,1243,14,898
Kyrgyzstan,20-05-2020,1270,14,910
Kyrgyzstan,21-05-2020,1313,14,923
Kyrgyzstan,22-05-2020,1350,14,939
Kyrgyzstan,23-05-2020,1365,14,957
Kyrgyzstan,24-05-2020,1403,14,980
Kyrgyzstan,25-05-2020,1433,16,992
Kyrgyzstan,26-05-2020,1468,16,1015
Kyrgyzstan,27-05-2020,1520,16,1043
Kyrgyzstan,28-05-2020,1594,16,1066
Kyrgyzstan,29-05-2020,1662,16,1088
Kyrgyzstan,30-05-2020,1722,16,1113
Kyrgyzstan,31-05-2020,1748,16,1170
Kyrgyzstan,01-06-2020,1817,16,1181
Kyrgyzstan,02-06-2020,1845,17,1219
Kyrgyzstan,03-06-2020,1871,20,1265
Kyrgyzstan,04-06-2020,1899,20,1292
Kyrgyzstan,05-06-2020,1936,22,1340
Kyrgyzstan,06-06-2020,1974,22,1360
Kyrgyzstan,07-06-2020,2007,22,1425
Kyrgyzstan,08-06-2020,2032,23,1445
Kyrgyzstan,09-06-2020,2055,24,1483
Kyrgyzstan,10-06-2020,2093,26,1572
Kyrgyzstan,11-06-2020,2166,26,1668
Kyrgyzstan,12-06-2020,2166,26,1668
Kyrgyzstan,13-06-2020,2207,27,1722
Kyrgyzstan,14-06-2020,2285,27,1791
Kyrgyzstan,15-06-2020,2472,28,1847
Kyrgyzstan,16-06-2020,2562,30,1902
Kyrgyzstan,17-06-2020,2657,31,1933
Kyrgyzstan,18-06-2020,2657,31,1933
Kyrgyzstan,19-06-2020,2789,32,1961
Kyrgyzstan,20-06-2020,2981,35,1981
Kyrgyzstan,21-06-2020,3356,40,2021
Kyrgyzstan,22-06-2020,3356,40,2021
Kyrgyzstan,23-06-2020,3726,42,2082
Kyrgyzstan,24-06-2020,3954,43,2112
Kyrgyzstan,25-06-2020,4204,43,2162
Kyrgyzstan,26-06-2020,4446,46,2194
Kyrgyzstan,27-06-2020,4513,46,2212
Kyrgyzstan,28-06-2020,5017,50,2294
Kyrgyzstan,29-06-2020,5296,57,2370
Kyrgyzstan,30-06-2020,5506,61,2443
Kyrgyzstan,01-07-2020,6261,66,2530
Kyrgyzstan,02-07-2020,6767,76,2655
Kyrgyzstan,03-07-2020,6878,76,2671
Kyrgyzstan,04-07-2020,7094,78,2714
Kyrgyzstan,05-07-2020,7377,88,2802
Kyrgyzstan,06-07-2020,8141,99,2916
Kyrgyzstan,07-07-2020,8279,107,2967
Kyrgyzstan,08-07-2020,8847,116,3053
Kyrgyzstan,09-07-2020,9358,122,3134
Kyrgyzstan,10-07-2020,9910,125,3236
Kyrgyzstan,11-07-2020,10410,129,3253
Kyrgyzstan,12-07-2020,11117,147,3460
Kyrgyzstan,13-07-2020,11444,149,3538
Kyrgyzstan,14-07-2020,11444,149,3538
Kyrgyzstan,15-07-2020,12282,165,3712
Kyrgyzstan,16-07-2020,12498,167,3735
Kyrgyzstan,17-07-2020,13101,173,3821
Kyrgyzstan,18-07-2020,24606,900,10704
Kyrgyzstan,19-07-2020,27143,1037,13109
Kyrgyzstan,20-07-2020,27143,1037,13109
Kyrgyzstan,21-07-2020,28251,1079,14776
Kyrgyzstan,22-07-2020,28980,1111,15536
Kyrgyzstan,23-07-2020,31247,1211,18038
Kyrgyzstan,24-07-2020,31247,1211,18038
Kyrgyzstan,25-07-2020,32124,1249,19203
Kyrgyzstan,26-07-2020,32813,1277,20388
Kyrgyzstan,27-07-2020,33296,1301,21205
Kyrgyzstan,28-07-2020,33844,1329,22296
Kyrgyzstan,29-07-2020,34592,1347,22296
Kyrgyzstan,30-07-2020,35223,1364,23985
Kyrgyzstan,31-07-2020,35805,1378,25037
Kyrgyzstan,01-08-2020,36299,1397,26419
Kyrgyzstan,02-08-2020,36719,1409,27274
Kyrgyzstan,03-08-2020,37129,1420,27927
