country,date,confirmed,deaths,recovered
Liechtenstein,22-01-2020,0,0,0
Liechtenstein,23-01-2020,0,0,0
Liechtenstein,24-01-2020,0,0,0
Liechtenstein,25-01-2020,0,0,0
Liechtenstein,26-01-2020,0,0,0
Liechtenstein,27-01-2020,0,0,0
Liechtenstein,28-01-2020,0,0,0
Liechtenstein,29-01-2020,0,0,0
Liechtenstein,30-01-2020,0,0,0
Liechtenstein,31-01-2020,0,0,0
Liechtenstein,01-02-2020,0,0,0
Liechtenstein,02-02-2020,0,0,0
Liechtenstein,03-02-2020,0,0,0
Liechtenstein,04-02-2020,0,0,0
Liechtenstein,05-02-2020,0,0,0
Liechtenstein,06-02-2020,0,0,0
Liechtenstein,07-02-2020,0,0,0
Liechtenstein,08-02-2020,0,0,0
Liechtenstein,09-02-2020,0,0,0
Liechtenstein,10-02-2020,0,0,0
Liechtenstein,11-02-2020,0,0,0
Liechtenstein,12-02-2020,0,0,0
Liechtenstein,13-02-2020,0,0,0
Liechtenstein,14-02-2020,0,0,0
Liechtenstein,15-02-2020,0,0,0
Liechtenstein,16-02-2020,0,0,0
Liechtenstein,17-02-2020,0,0,0
Liechtenstein,18-02-2020,0,0,0
Liechtenstein,19-02-2020,0,0,0
Liechtenstein,20-02-2020,0,0,0
Liechtenstein,21-02-2020,0,0,0
Liechtenstein,22-02-2020,0,0,0
Liechtenstein,23-02-2020,0,0,0
Liechtenstein,24-02-2020,0,0,0
Liechtenstein,25-02-2020,0,0,0
Liechtenstein,26-02-2020,0,0,0
Liechtenstein,27-02-2020,0,0,0
Liechtenstein,28-02-2020,0,0,0
Liechtenstein,29-02-2020,0,0,0
Liechtenstein,01-03-2020,0,0,0
Liechtenstein,02-03-2020,0,0,0
Liechtenstein,03-03-2020,0,0,0
Liechtenstein,04-03-2020,1,0,0
Liechtenstein,05-03-2020,1,0,0
Liechtenstein,06-03-2020,1,0,0
Liechtenstein,07-03-2020,1,0,0
Liechtenstein,08-03-2020,1,0,0
Liechtenstein,09-03-2020,1,0,0
Liechtenstein,10-03-2020,1,0,0
Liechtenstein,11-03-2020,1,0,0
Liechtenstein,12-03-2020,1,0,1
Liechtenstein,13-03-2020,1,0,1
Liechtenstein,14-03-2020,4,0,1
Liechtenstein,15-03-2020,4,0,1
Liechtenstein,16-03-2020,4,0,1
Liechtenstein,17-03-2020,7,0,1
Liechtenstein,18-03-2020,28,0,1
Liechtenstein,19-03-2020,28,0,1
Liechtenstein,20-03-2020,28,0,1
Liechtenstein,21-03-2020,37,0,4
Liechtenstein,22-03-2020,37,0,4
Liechtenstein,23-03-2020,51,0,5
Liechtenstein,24-03-2020,51,0,7
Liechtenstein,25-03-2020,51,0,7
Liechtenstein,26-03-2020,56,0,12
Liechtenstein,27-03-2020,56,0,19
Liechtenstein,28-03-2020,56,0,28
Liechtenstein,29-03-2020,56,0,28
Liechtenstein,30-03-2020,62,0,37
Liechtenstein,31-03-2020,68,0,44
Liechtenstein,01-04-2020,68,0,46
Liechtenstein,02-04-2020,75,0,50
Liechtenstein,03-04-2020,76,0,51
Liechtenstein,04-04-2020,77,1,55
Liechtenstein,05-04-2020,77,1,56
Liechtenstein,06-04-2020,77,1,58
Liechtenstein,07-04-2020,78,1,61
Liechtenstein,08-04-2020,78,1,61
Liechtenstein,09-04-2020,78,1,66
Liechtenstein,10-04-2020,79,1,70
Liechtenstein,11-04-2020,79,1,72
Liechtenstein,12-04-2020,79,1,77
Liechtenstein,13-04-2020,79,1,77
Liechtenstein,14-04-2020,79,1,77
Liechtenstein,15-04-2020,79,1,77
Liechtenstein,16-04-2020,79,1,77
Liechtenstein,17-04-2020,79,1,77
Liechtenstein,18-04-2020,79,1,77
Liechtenstein,19-04-2020,81,1,78
Liechtenstein,20-04-2020,81,1,78
Liechtenstein,21-04-2020,81,1,78
Liechtenstein,22-04-2020,81,1,79
Liechtenstein,23-04-2020,81,1,79
Liechtenstein,24-04-2020,81,1,79
Liechtenstein,25-04-2020,81,1,79
Liechtenstein,26-04-2020,82,1,79
Liechtenstein,27-04-2020,82,1,79
Liechtenstein,28-04-2020,82,1,80
Liechtenstein,29-04-2020,82,1,80
Liechtenstein,30-04-2020,82,1,80
Liechtenstein,01-05-2020,82,1,80
Liechtenstein,02-05-2020,82,1,80
Liechtenstein,03-05-2020,82,1,80
Liechtenstein,04-05-2020,82,1,80
Liechtenstein,05-05-2020,82,1,80
Liechtenstein,06-05-2020,82,1,81
Liechtenstein,07-05-2020,82,1,81
Liechtenstein,08-05-2020,82,1,81
Liechtenstein,09-05-2020,82,1,81
Liechtenstein,10-05-2020,82,1,81
Liechtenstein,11-05-2020,82,1,81
Liechtenstein,12-05-2020,82,1,81
Liechtenstein,13-05-2020,82,1,81
Liechtenstein,14-05-2020,82,1,81
Liechtenstein,15-05-2020,82,1,81
Liechtenstein,16-05-2020,82,1,81
Liechtenstein,17-05-2020,82,1,81
Liechtenstein,18-05-2020,82,1,81
Liechtenstein,19-05-2020,82,1,81
Liechtenstein,20-05-2020,82,1,81
Liechtenstein,21-05-2020,82,1,81
Liechtenstein,22-05-2020,82,1,81
Liechtenstein,23-05-2020,82,1,81
Liechtenstein,24-05-2020,82,1,81
Liechtenstein,25-05-2020,82,1,81
Liechtenstein,26-05-2020,82,1,81
Liechtenstein,27-05-2020,82,1,81
Liechtenstein,28-05-2020,82,1,81
Liechtenstein,29-05-2020,82,1,81
Liechtenstein,30-05-2020,82,1,81
Liechtenstein,31-05-2020,82,1,81
Liechtenstein,01-06-2020,82,1,81
Liechtenstein,02-06-2020,82,1,81
Liechtenstein,03-06-2020,82,1,81
Liechtenstein,04-06-2020,82,1,81
Liechtenstein,05-06-2020,82,1,81
Liechtenstein,06-06-2020,82,1,81
Liechtenstein,07-06-2020,82,1,81
Liechtenstein,08-06-2020,82,1,81
Liechtenstein,09-06-2020,82,1,81
Liechtenstein,10-06-2020,82,1,81
Liechtenstein,11-06-2020,82,1,81
Liechtenstein,12-06-2020,82,1,81
Liechtenstein,13-06-2020,82,1,81
Liechtenstein,14-06-2020,82,1,81
Liechtenstein,15-06-2020,82,1,81
Liechtenstein,16-06-2020,82,1,81
Liechtenstein,17-06-2020,82,1,81
Liechtenstein,18-06-2020,82,1,81
Liechtenstein,19-06-2020,82,1,81
Liechtenstein,20-06-2020,82,1,81
Liechtenstein,21-06-2020,82,1,81
Liechtenstein,22-06-2020,82,1,81
Liechtenstein,23-06-2020,82,2,81
Liechtenstein,24-06-2020,82,1,81
Liechtenstein,25-06-2020,82,1,81
Liechtenstein,26-06-2020,82,1,81
Liechtenstein,27-06-2020,82,1,81
Liechtenstein,28-06-2020,82,1,81
Liechtenstein,29-06-2020,82,1,81
Liechtenstein,30-06-2020,82,1,81
Liechtenstein,01-07-2020,82,1,81
Liechtenstein,02-07-2020,83,1,81
Liechtenstein,03-07-2020,83,1,81
Liechtenstein,04-07-2020,83,1,81
Liechtenstein,05-07-2020,83,1,81
Liechtenstein,06-07-2020,84,1,81
Liechtenstein,07-07-2020,84,1,81
Liechtenstein,08-07-2020,84,1,81
Liechtenstein,09-07-2020,84,1,81
Liechtenstein,10-07-2020,84,1,81
Liechtenstein,11-07-2020,84,1,81
Liechtenstein,12-07-2020,84,1,82
Liechtenstein,13-07-2020,84,1,82
Liechtenstein,14-07-2020,84,1,82
Liechtenstein,15-07-2020,84,1,83
Liechtenstein,16-07-2020,84,1,83
Liechtenstein,17-07-2020,85,1,83
Liechtenstein,18-07-2020,86,1,83
Liechtenstein,19-07-2020,86,1,83
Liechtenstein,20-07-2020,86,1,83
Liechtenstein,21-07-2020,86,1,83
Liechtenstein,22-07-2020,86,1,81
Liechtenstein,23-07-2020,86,1,81
Liechtenstein,24-07-2020,86,1,81
Liechtenstein,25-07-2020,86,1,81
Liechtenstein,26-07-2020,86,1,81
Liechtenstein,27-07-2020,86,1,81
Liechtenstein,28-07-2020,87,1,81
Liechtenstein,29-07-2020,88,1,85
Liechtenstein,30-07-2020,88,1,85
Liechtenstein,31-07-2020,88,1,85
Liechtenstein,01-08-2020,88,1,85
Liechtenstein,02-08-2020,89,1,85
Liechtenstein,03-08-2020,89,1,85
