country,date,confirmed,deaths,recovered
Luxembourg,22-01-2020,0,0,0
Luxembourg,23-01-2020,0,0,0
Luxembourg,24-01-2020,0,0,0
Luxembourg,25-01-2020,0,0,0
Luxembourg,26-01-2020,0,0,0
Luxembourg,27-01-2020,0,0,0
Luxembourg,28-01-2020,0,0,0
Luxembourg,29-01-2020,0,0,0
Luxembourg,30-01-2020,0,0,0
Luxembourg,31-01-2020,0,0,0
Luxembourg,01-02-2020,0,0,0
Luxembourg,02-02-2020,0,0,0
Luxembourg,03-02-2020,0,0,0
Luxembourg,04-02-2020,0,0,0
Luxembourg,05-02-2020,0,0,0
Luxembourg,06-02-2020,0,0,0
Luxembourg,07-02-2020,0,0,0
Luxembourg,08-02-2020,0,0,0
Luxembourg,09-02-2020,0,0,0
Luxembourg,10-02-2020,0,0,0
Luxembourg,11-02-2020,0,0,0
Luxembourg,12-02-2020,0,0,0
Luxembourg,13-02-2020,0,0,0
Luxembourg,14-02-2020,0,0,0
Luxembourg,15-02-2020,0,0,0
Luxembourg,16-02-2020,0,0,0
Luxembourg,17-02-2020,0,0,0
Luxembourg,18-02-2020,0,0,0
Luxembourg,19-02-2020,0,0,0
Luxembourg,20-02-2020,0,0,0
Luxembourg,21-02-2020,0,0,0
Luxembourg,22-02-2020,0,0,0
Luxembourg,23-02-2020,0,0,0
Luxembourg,24-02-2020,0,0,0
Luxembourg,25-02-2020,0,0,0
Luxembourg,26-02-2020,0,0,0
Luxembourg,27-02-2020,0,0,0
Luxembourg,28-02-2020,0,0,0
Luxembourg,29-02-2020,1,0,0
Luxembourg,01-03-2020,1,0,0
Luxembourg,02-03-2020,1,0,0
Luxembourg,03-03-2020,1,0,0
Luxembourg,04-03-2020,1,0,0
Luxembourg,05-03-2020,1,0,0
Luxembourg,06-03-2020,2,0,0
Luxembourg,07-03-2020,2,0,0
Luxembourg,08-03-2020,3,0,0
Luxembourg,09-03-2020,3,0,0
Luxembourg,10-03-2020,5,0,0
Luxembourg,11-03-2020,7,0,0
Luxembourg,12-03-2020,19,0,0
Luxembourg,13-03-2020,34,0,0
Luxembourg,14-03-2020,51,1,0
Luxembourg,15-03-2020,59,1,0
Luxembourg,16-03-2020,77,1,0
Luxembourg,17-03-2020,140,1,0
Luxembourg,18-03-2020,203,2,0
Luxembourg,19-03-2020,335,4,0
Luxembourg,20-03-2020,484,4,0
Luxembourg,21-03-2020,670,8,0
Luxembourg,22-03-2020,798,8,6
Luxembourg,23-03-2020,875,8,6
Luxembourg,24-03-2020,1099,8,6
Luxembourg,25-03-2020,1333,8,6
Luxembourg,26-03-2020,1453,9,6
Luxembourg,27-03-2020,1605,15,40
Luxembourg,28-03-2020,1831,18,40
Luxembourg,29-03-2020,1950,21,40
Luxembourg,30-03-2020,1988,22,40
Luxembourg,31-03-2020,2178,23,80
Luxembourg,01-04-2020,2319,29,80
Luxembourg,02-04-2020,2487,30,80
Luxembourg,03-04-2020,2612,31,500
Luxembourg,04-04-2020,2729,31,500
Luxembourg,05-04-2020,2804,36,500
Luxembourg,06-04-2020,2843,41,500
Luxembourg,07-04-2020,2970,44,500
Luxembourg,08-04-2020,3034,46,500
Luxembourg,09-04-2020,3115,52,500
Luxembourg,10-04-2020,3223,54,500
Luxembourg,11-04-2020,3270,62,500
Luxembourg,12-04-2020,3281,66,500
Luxembourg,13-04-2020,3292,69,500
Luxembourg,14-04-2020,3307,67,500
Luxembourg,15-04-2020,3373,69,526
Luxembourg,16-04-2020,3444,69,552
Luxembourg,17-04-2020,3480,72,579
Luxembourg,18-04-2020,3537,72,601
Luxembourg,19-04-2020,3550,73,627
Luxembourg,20-04-2020,3558,75,637
Luxembourg,21-04-2020,3618,78,670
Luxembourg,22-04-2020,3654,80,711
Luxembourg,23-04-2020,3665,83,728
Luxembourg,24-04-2020,3695,85,3007
Luxembourg,25-04-2020,3711,85,3088
Luxembourg,26-04-2020,3723,88,3104
Luxembourg,27-04-2020,3729,88,3123
Luxembourg,28-04-2020,3741,89,3123
Luxembourg,29-04-2020,3769,89,3134
Luxembourg,30-04-2020,3784,90,3213
Luxembourg,01-05-2020,3802,92,3213
Luxembourg,02-05-2020,3812,92,3318
Luxembourg,03-05-2020,3824,96,3379
Luxembourg,04-05-2020,3828,96,3405
Luxembourg,05-05-2020,3840,96,3412
Luxembourg,06-05-2020,3851,98,3452
Luxembourg,07-05-2020,3859,100,3505
Luxembourg,08-05-2020,3871,100,3526
Luxembourg,09-05-2020,3877,101,3550
Luxembourg,10-05-2020,3886,101,3586
Luxembourg,11-05-2020,3888,101,3602
Luxembourg,12-05-2020,3894,102,3610
Luxembourg,13-05-2020,3904,103,3629
Luxembourg,14-05-2020,3915,103,3665
Luxembourg,15-05-2020,3923,104,3682
Luxembourg,16-05-2020,3930,104,3699
Luxembourg,17-05-2020,3945,107,3702
Luxembourg,18-05-2020,3947,107,3715
Luxembourg,19-05-2020,3958,109,3718
Luxembourg,20-05-2020,3971,109,3728
Luxembourg,21-05-2020,3980,109,3741
Luxembourg,22-05-2020,3981,109,3748
Luxembourg,23-05-2020,3990,109,3758
Luxembourg,24-05-2020,3992,110,3767
Luxembourg,25-05-2020,3993,110,3781
Luxembourg,26-05-2020,3995,110,3783
Luxembourg,27-05-2020,4001,110,3791
Luxembourg,28-05-2020,4008,110,3803
Luxembourg,29-05-2020,4012,110,3815
Luxembourg,30-05-2020,4016,110,3815
Luxembourg,31-05-2020,4018,110,3833
Luxembourg,01-06-2020,4019,110,3845
Luxembourg,02-06-2020,4020,110,3848
Luxembourg,03-06-2020,4024,110,3861
Luxembourg,04-06-2020,4027,110,3874
Luxembourg,05-06-2020,4032,110,3885
Luxembourg,06-06-2020,4035,110,3888
Luxembourg,07-06-2020,4039,110,3899
Luxembourg,08-06-2020,4040,110,3901
Luxembourg,09-06-2020,4046,110,3902
Luxembourg,10-06-2020,4049,110,3904
Luxembourg,11-06-2020,4052,110,3910
Luxembourg,12-06-2020,4055,110,3918
Luxembourg,13-06-2020,4063,110,3922
Luxembourg,14-06-2020,4070,110,3929
Luxembourg,15-06-2020,4072,110,3931
Luxembourg,16-06-2020,4075,110,3933
Luxembourg,17-06-2020,4085,110,3935
Luxembourg,18-06-2020,4091,110,3940
Luxembourg,19-06-2020,4099,110,3944
Luxembourg,20-06-2020,4105,110,3951
Luxembourg,21-06-2020,4120,110,3956
Luxembourg,22-06-2020,4121,110,3959
Luxembourg,23-06-2020,4133,110,3959
Luxembourg,24-06-2020,4140,110,3965
Luxembourg,25-06-2020,4151,110,3968
Luxembourg,26-06-2020,4173,110,3968
Luxembourg,27-06-2020,4217,110,3978
Luxembourg,28-06-2020,4242,110,3978
Luxembourg,29-06-2020,4256,110,3997
Luxembourg,30-06-2020,4299,110,3998
Luxembourg,01-07-2020,4345,110,4003
Luxembourg,02-07-2020,4395,110,4012
Luxembourg,03-07-2020,4447,110,4016
Luxembourg,04-07-2020,4476,110,4016
Luxembourg,05-07-2020,4522,110,4016
Luxembourg,06-07-2020,4542,110,4016
Luxembourg,07-07-2020,4603,110,4056
Luxembourg,08-07-2020,4650,110,4056
Luxembourg,09-07-2020,4719,110,4056
Luxembourg,10-07-2020,4777,110,4086
Luxembourg,11-07-2020,4842,110,4086
Luxembourg,12-07-2020,4925,111,4086
Luxembourg,13-07-2020,4956,111,4183
Luxembourg,14-07-2020,5056,111,4195
Luxembourg,15-07-2020,5122,111,4247
Luxembourg,16-07-2020,5285,111,4275
Luxembourg,17-07-2020,5409,111,4333
Luxembourg,18-07-2020,5483,111,4333
Luxembourg,19-07-2020,5605,111,4333
Luxembourg,20-07-2020,5639,111,4464
Luxembourg,21-07-2020,5725,111,4479
Luxembourg,22-07-2020,5854,111,4530
Luxembourg,23-07-2020,5952,112,4591
Luxembourg,24-07-2020,6056,112,4647
Luxembourg,25-07-2020,6189,112,4647
Luxembourg,26-07-2020,6272,112,4647
Luxembourg,27-07-2020,6321,112,4825
Luxembourg,28-07-2020,6375,113,4855
Luxembourg,29-07-2020,6533,114,4959
Luxembourg,30-07-2020,6616,114,5027
Luxembourg,31-07-2020,6695,114,5192
Luxembourg,01-08-2020,6793,116,5192
Luxembourg,02-08-2020,6855,117,5192
Luxembourg,03-08-2020,6864,118,5498
