country,date,confirmed,deaths,recovered
Madagascar,22-01-2020,0,0,0
Madagascar,23-01-2020,0,0,0
Madagascar,24-01-2020,0,0,0
Madagascar,25-01-2020,0,0,0
Madagascar,26-01-2020,0,0,0
Madagascar,27-01-2020,0,0,0
Madagascar,28-01-2020,0,0,0
Madagascar,29-01-2020,0,0,0
Madagascar,30-01-2020,0,0,0
Madagascar,31-01-2020,0,0,0
Madagascar,01-02-2020,0,0,0
Madagascar,02-02-2020,0,0,0
Madagascar,03-02-2020,0,0,0
Madagascar,04-02-2020,0,0,0
Madagascar,05-02-2020,0,0,0
Madagascar,06-02-2020,0,0,0
Madagascar,07-02-2020,0,0,0
Madagascar,08-02-2020,0,0,0
Madagascar,09-02-2020,0,0,0
Madagascar,10-02-2020,0,0,0
Madagascar,11-02-2020,0,0,0
Madagascar,12-02-2020,0,0,0
Madagascar,13-02-2020,0,0,0
Madagascar,14-02-2020,0,0,0
Madagascar,15-02-2020,0,0,0
Madagascar,16-02-2020,0,0,0
Madagascar,17-02-2020,0,0,0
Madagascar,18-02-2020,0,0,0
Madagascar,19-02-2020,0,0,0
Madagascar,20-02-2020,0,0,0
Madagascar,21-02-2020,0,0,0
Madagascar,22-02-2020,0,0,0
Madagascar,23-02-2020,0,0,0
Madagascar,24-02-2020,0,0,0
Madagascar,25-02-2020,0,0,0
Madagascar,26-02-2020,0,0,0
Madagascar,27-02-2020,0,0,0
Madagascar,28-02-2020,0,0,0
Madagascar,29-02-2020,0,0,0
Madagascar,01-03-2020,0,0,0
Madagascar,02-03-2020,0,0,0
Madagascar,03-03-2020,0,0,0
Madagascar,04-03-2020,0,0,0
Madagascar,05-03-2020,0,0,0
Madagascar,06-03-2020,0,0,0
Madagascar,07-03-2020,0,0,0
Madagascar,08-03-2020,0,0,0
Madagascar,09-03-2020,0,0,0
Madagascar,10-03-2020,0,0,0
Madagascar,11-03-2020,0,0,0
Madagascar,12-03-2020,0,0,0
Madagascar,13-03-2020,0,0,0
Madagascar,14-03-2020,0,0,0
Madagascar,15-03-2020,0,0,0
Madagascar,16-03-2020,0,0,0
Madagascar,17-03-2020,0,0,0
Madagascar,18-03-2020,0,0,0
Madagascar,19-03-2020,0,0,0
Madagascar,20-03-2020,3,0,0
Madagascar,21-03-2020,3,0,0
Madagascar,22-03-2020,3,0,0
Madagascar,23-03-2020,12,0,0
Madagascar,24-03-2020,17,0,0
Madagascar,25-03-2020,19,0,0
Madagascar,26-03-2020,23,0,0
Madagascar,27-03-2020,26,0,0
Madagascar,28-03-2020,26,0,0
Madagascar,29-03-2020,39,0,0
Madagascar,30-03-2020,43,0,0
Madagascar,31-03-2020,57,0,0
Madagascar,01-04-2020,57,0,0
Madagascar,02-04-2020,59,0,0
Madagascar,03-04-2020,70,0,0
Madagascar,04-04-2020,70,0,0
Madagascar,05-04-2020,72,0,2
Madagascar,06-04-2020,82,0,2
Madagascar,07-04-2020,88,0,7
Madagascar,08-04-2020,93,0,11
Madagascar,09-04-2020,93,0,11
Madagascar,10-04-2020,93,0,11
Madagascar,11-04-2020,102,0,11
Madagascar,12-04-2020,106,0,20
Madagascar,13-04-2020,106,0,21
Madagascar,14-04-2020,108,0,23
Madagascar,15-04-2020,110,0,29
Madagascar,16-04-2020,111,0,33
Madagascar,17-04-2020,117,0,33
Madagascar,18-04-2020,120,0,35
Madagascar,19-04-2020,121,0,39
Madagascar,20-04-2020,121,0,41
Madagascar,21-04-2020,121,0,44
Madagascar,22-04-2020,121,0,52
Madagascar,23-04-2020,121,0,58
Madagascar,24-04-2020,122,0,61
Madagascar,25-04-2020,123,0,62
Madagascar,26-04-2020,124,0,71
Madagascar,27-04-2020,128,0,75
Madagascar,28-04-2020,128,0,82
Madagascar,29-04-2020,128,0,90
Madagascar,30-04-2020,128,0,92
Madagascar,01-05-2020,132,0,94
Madagascar,02-05-2020,135,0,97
Madagascar,03-05-2020,149,0,98
Madagascar,04-05-2020,149,0,99
Madagascar,05-05-2020,151,0,101
Madagascar,06-05-2020,158,0,101
Madagascar,07-05-2020,193,0,101
Madagascar,08-05-2020,193,0,101
Madagascar,09-05-2020,193,0,101
Madagascar,10-05-2020,193,0,101
Madagascar,11-05-2020,186,0,101
Madagascar,12-05-2020,186,0,101
Madagascar,13-05-2020,212,0,107
Madagascar,14-05-2020,230,0,108
Madagascar,15-05-2020,238,0,112
Madagascar,16-05-2020,283,0,114
Madagascar,17-05-2020,304,1,114
Madagascar,18-05-2020,322,1,119
Madagascar,19-05-2020,326,2,119
Madagascar,20-05-2020,371,2,131
Madagascar,21-05-2020,405,2,131
Madagascar,22-05-2020,448,2,135
Madagascar,23-05-2020,488,2,138
Madagascar,24-05-2020,527,2,142
Madagascar,25-05-2020,542,2,147
Madagascar,26-05-2020,586,2,147
Madagascar,27-05-2020,612,2,151
Madagascar,28-05-2020,656,2,154
Madagascar,29-05-2020,698,5,164
Madagascar,30-05-2020,758,6,165
Madagascar,31-05-2020,771,6,168
Madagascar,01-06-2020,826,6,174
Madagascar,02-06-2020,845,6,185
Madagascar,03-06-2020,908,6,195
Madagascar,04-06-2020,957,7,200
Madagascar,05-06-2020,975,7,201
Madagascar,06-06-2020,1026,8,212
Madagascar,07-06-2020,1052,9,233
Madagascar,08-06-2020,1094,9,254
Madagascar,09-06-2020,1138,9,274
Madagascar,10-06-2020,1162,10,296
Madagascar,11-06-2020,1203,10,312
Madagascar,12-06-2020,1240,10,344
Madagascar,13-06-2020,1252,10,362
Madagascar,14-06-2020,1272,10,367
Madagascar,15-06-2020,1290,10,384
Madagascar,16-06-2020,1317,12,417
Madagascar,17-06-2020,1378,12,450
Madagascar,18-06-2020,1403,13,463
Madagascar,19-06-2020,1443,13,498
Madagascar,20-06-2020,1503,13,618
Madagascar,21-06-2020,1596,14,655
Madagascar,22-06-2020,1640,15,692
Madagascar,23-06-2020,1724,15,732
Madagascar,24-06-2020,1787,16,779
Madagascar,25-06-2020,1829,16,823
Madagascar,26-06-2020,1922,16,862
Madagascar,27-06-2020,2005,16,907
Madagascar,28-06-2020,2078,18,944
Madagascar,29-06-2020,2138,20,966
Madagascar,30-06-2020,2214,20,994
Madagascar,01-07-2020,2303,22,1006
Madagascar,02-07-2020,2403,24,1040
Madagascar,03-07-2020,2512,26,1057
Madagascar,04-07-2020,2728,29,1078
Madagascar,05-07-2020,2941,32,1108
Madagascar,06-07-2020,3250,33,1135
Madagascar,07-07-2020,3472,33,1187
Madagascar,08-07-2020,3573,33,1761
Madagascar,09-07-2020,3782,33,1950
Madagascar,10-07-2020,4143,34,2183
Madagascar,11-07-2020,4578,34,2287
Madagascar,12-07-2020,4867,35,2378
Madagascar,13-07-2020,5080,37,2494
Madagascar,14-07-2020,5343,39,2646
Madagascar,15-07-2020,5605,43,2811
Madagascar,16-07-2020,6089,53,2951
Madagascar,17-07-2020,6467,54,3108
Madagascar,18-07-2020,6849,55,3339
Madagascar,19-07-2020,7049,59,3498
Madagascar,20-07-2020,7153,62,3788
Madagascar,21-07-2020,7548,65,4286
Madagascar,22-07-2020,8162,69,4662
Madagascar,23-07-2020,8381,70,5160
Madagascar,24-07-2020,8741,76,5522
Madagascar,25-07-2020,8866,78,5579
Madagascar,26-07-2020,9295,85,5579
Madagascar,27-07-2020,9690,91,6260
Madagascar,28-07-2020,10104,93,6613
Madagascar,29-07-2020,10317,99,7117
Madagascar,30-07-2020,10748,105,7461
Madagascar,31-07-2020,10868,106,7807
Madagascar,01-08-2020,11273,107,8109
Madagascar,02-08-2020,11528,114,8444
Madagascar,03-08-2020,11660,118,8825
