country,date,confirmed,deaths,recovered
Mauritania,22-01-2020,0,0,0
Mauritania,23-01-2020,0,0,0
Mauritania,24-01-2020,0,0,0
Mauritania,25-01-2020,0,0,0
Mauritania,26-01-2020,0,0,0
Mauritania,27-01-2020,0,0,0
Mauritania,28-01-2020,0,0,0
Mauritania,29-01-2020,0,0,0
Mauritania,30-01-2020,0,0,0
Mauritania,31-01-2020,0,0,0
Mauritania,01-02-2020,0,0,0
Mauritania,02-02-2020,0,0,0
Mauritania,03-02-2020,0,0,0
Mauritania,04-02-2020,0,0,0
Mauritania,05-02-2020,0,0,0
Mauritania,06-02-2020,0,0,0
Mauritania,07-02-2020,0,0,0
Mauritania,08-02-2020,0,0,0
Mauritania,09-02-2020,0,0,0
Mauritania,10-02-2020,0,0,0
Mauritania,11-02-2020,0,0,0
Mauritania,12-02-2020,0,0,0
Mauritania,13-02-2020,0,0,0
Mauritania,14-02-2020,0,0,0
Mauritania,15-02-2020,0,0,0
Mauritania,16-02-2020,0,0,0
Mauritania,17-02-2020,0,0,0
Mauritania,18-02-2020,0,0,0
Mauritania,19-02-2020,0,0,0
Mauritania,20-02-2020,0,0,0
Mauritania,21-02-2020,0,0,0
Mauritania,22-02-2020,0,0,0
Mauritania,23-02-2020,0,0,0
Mauritania,24-02-2020,0,0,0
Mauritania,25-02-2020,0,0,0
Mauritania,26-02-2020,0,0,0
Mauritania,27-02-2020,0,0,0
Mauritania,28-02-2020,0,0,0
Mauritania,29-02-2020,0,0,0
Mauritania,01-03-2020,0,0,0
Mauritania,02-03-2020,0,0,0
Mauritania,03-03-2020,0,0,0
Mauritania,04-03-2020,0,0,0
Mauritania,05-03-2020,0,0,0
Mauritania,06-03-2020,0,0,0
Mauritania,07-03-2020,0,0,0
Mauritania,08-03-2020,0,0,0
Mauritania,09-03-2020,0,0,0
Mauritania,10-03-2020,0,0,0
Mauritania,11-03-2020,0,0,0
Mauritania,12-03-2020,0,0,0
Mauritania,13-03-2020,0,0,0
Mauritania,14-03-2020,1,0,0
Mauritania,15-03-2020,1,0,0
Mauritania,16-03-2020,1,0,0
Mauritania,17-03-2020,1,0,0
Mauritania,18-03-2020,1,0,0
Mauritania,19-03-2020,2,0,0
Mauritania,20-03-2020,2,0,0
Mauritania,21-03-2020,2,0,0
Mauritania,22-03-2020,2,0,0
Mauritania,23-03-2020,2,0,0
Mauritania,24-03-2020,2,0,0
Mauritania,25-03-2020,2,0,0
Mauritania,26-03-2020,3,0,0
Mauritania,27-03-2020,3,0,0
Mauritania,28-03-2020,5,0,0
Mauritania,29-03-2020,5,0,2
Mauritania,30-03-2020,5,1,2
Mauritania,31-03-2020,6,1,2
Mauritania,01-04-2020,6,1,2
Mauritania,02-04-2020,6,1,2
Mauritania,03-04-2020,6,1,2
Mauritania,04-04-2020,6,1,2
Mauritania,05-04-2020,6,1,2
Mauritania,06-04-2020,6,1,2
Mauritania,07-04-2020,6,1,2
Mauritania,08-04-2020,6,1,2
Mauritania,09-04-2020,7,1,2
Mauritania,10-04-2020,7,1,2
Mauritania,11-04-2020,7,1,2
Mauritania,12-04-2020,7,1,2
Mauritania,13-04-2020,7,1,2
Mauritania,14-04-2020,7,1,2
Mauritania,15-04-2020,7,1,2
Mauritania,16-04-2020,7,1,2
Mauritania,17-04-2020,7,1,2
Mauritania,18-04-2020,7,1,2
Mauritania,19-04-2020,7,1,6
Mauritania,20-04-2020,7,1,6
Mauritania,21-04-2020,7,1,6
Mauritania,22-04-2020,7,1,6
Mauritania,23-04-2020,7,1,6
Mauritania,24-04-2020,7,1,6
Mauritania,25-04-2020,7,1,6
Mauritania,26-04-2020,7,1,6
Mauritania,27-04-2020,7,1,6
Mauritania,28-04-2020,7,1,6
Mauritania,29-04-2020,8,1,6
Mauritania,30-04-2020,8,1,6
Mauritania,01-05-2020,8,1,6
Mauritania,02-05-2020,8,1,6
Mauritania,03-05-2020,8,1,6
Mauritania,04-05-2020,8,1,6
Mauritania,05-05-2020,8,1,6
Mauritania,06-05-2020,8,1,6
Mauritania,07-05-2020,8,1,6
Mauritania,08-05-2020,8,1,6
Mauritania,09-05-2020,8,1,6
Mauritania,10-05-2020,8,1,6
Mauritania,11-05-2020,8,1,6
Mauritania,12-05-2020,9,1,6
Mauritania,13-05-2020,15,2,6
Mauritania,14-05-2020,20,2,7
Mauritania,15-05-2020,29,3,7
Mauritania,16-05-2020,40,4,7
Mauritania,17-05-2020,62,4,7
Mauritania,18-05-2020,81,4,7
Mauritania,19-05-2020,131,4,7
Mauritania,20-05-2020,141,4,7
Mauritania,21-05-2020,173,5,7
Mauritania,22-05-2020,200,6,7
Mauritania,23-05-2020,227,6,7
Mauritania,24-05-2020,237,6,15
Mauritania,25-05-2020,262,9,15
Mauritania,26-05-2020,268,13,15
Mauritania,27-05-2020,292,16,15
Mauritania,28-05-2020,346,19,15
Mauritania,29-05-2020,423,20,21
Mauritania,30-05-2020,483,20,21
Mauritania,31-05-2020,530,23,27
Mauritania,01-06-2020,588,23,27
Mauritania,02-06-2020,668,31,55
Mauritania,03-06-2020,745,34,57
Mauritania,04-06-2020,784,39,65
Mauritania,05-06-2020,883,43,69
Mauritania,06-06-2020,947,49,104
Mauritania,07-06-2020,1049,55,108
Mauritania,08-06-2020,1104,59,119
Mauritania,09-06-2020,1162,61,139
Mauritania,10-06-2020,1283,71,142
Mauritania,11-06-2020,1439,74,250
Mauritania,12-06-2020,1572,81,278
Mauritania,13-06-2020,1682,83,311
Mauritania,14-06-2020,1783,87,332
Mauritania,15-06-2020,1887,91,360
Mauritania,16-06-2020,2057,93,373
Mauritania,17-06-2020,2223,95,427
Mauritania,18-06-2020,2424,97,550
Mauritania,19-06-2020,2621,102,653
Mauritania,20-06-2020,2813,108,696
Mauritania,21-06-2020,2984,111,811
Mauritania,22-06-2020,3121,112,905
Mauritania,23-06-2020,3292,114,963
Mauritania,24-06-2020,3519,116,1074
Mauritania,25-06-2020,3739,119,1225
Mauritania,26-06-2020,3907,120,1280
Mauritania,27-06-2020,4025,121,1344
Mauritania,28-06-2020,4149,126,1419
Mauritania,29-06-2020,4237,128,1497
Mauritania,30-06-2020,4363,129,1622
Mauritania,01-07-2020,4472,129,1677
Mauritania,02-07-2020,4606,129,1727
Mauritania,03-07-2020,4705,129,1765
Mauritania,04-07-2020,4827,129,1805
Mauritania,05-07-2020,4879,130,1844
Mauritania,06-07-2020,4948,133,1896
Mauritania,07-07-2020,5024,135,1944
Mauritania,08-07-2020,5087,139,1994
Mauritania,09-07-2020,5126,144,2026
Mauritania,10-07-2020,5203,146,2111
Mauritania,11-07-2020,5275,147,2160
Mauritania,12-07-2020,5355,147,2363
Mauritania,13-07-2020,5446,147,2501
Mauritania,14-07-2020,5518,147,2664
Mauritania,15-07-2020,5564,149,2830
Mauritania,16-07-2020,5659,150,2993
Mauritania,17-07-2020,5710,151,3153
Mauritania,18-07-2020,5813,153,3279
Mauritania,19-07-2020,5873,155,3436
Mauritania,20-07-2020,5923,155,3632
Mauritania,21-07-2020,5985,155,3826
Mauritania,22-07-2020,6027,155,3977
Mauritania,23-07-2020,6067,156,4086
Mauritania,24-07-2020,6116,156,4206
Mauritania,25-07-2020,6151,156,4299
Mauritania,26-07-2020,6171,156,4430
Mauritania,27-07-2020,6208,156,4653
Mauritania,28-07-2020,6249,156,4683
Mauritania,29-07-2020,6273,156,4776
Mauritania,30-07-2020,6295,157,4889
Mauritania,31-07-2020,6310,157,4962
Mauritania,01-08-2020,6319,157,5043
Mauritania,02-08-2020,6323,157,5115
Mauritania,03-08-2020,6382,157,5174
