country,date,confirmed,deaths,recovered
Montenegro,22-01-2020,0,0,0
Montenegro,23-01-2020,0,0,0
Montenegro,24-01-2020,0,0,0
Montenegro,25-01-2020,0,0,0
Montenegro,26-01-2020,0,0,0
Montenegro,27-01-2020,0,0,0
Montenegro,28-01-2020,0,0,0
Montenegro,29-01-2020,0,0,0
Montenegro,30-01-2020,0,0,0
Montenegro,31-01-2020,0,0,0
Montenegro,01-02-2020,0,0,0
Montenegro,02-02-2020,0,0,0
Montenegro,03-02-2020,0,0,0
Montenegro,04-02-2020,0,0,0
Montenegro,05-02-2020,0,0,0
Montenegro,06-02-2020,0,0,0
Montenegro,07-02-2020,0,0,0
Montenegro,08-02-2020,0,0,0
Montenegro,09-02-2020,0,0,0
Montenegro,10-02-2020,0,0,0
Montenegro,11-02-2020,0,0,0
Montenegro,12-02-2020,0,0,0
Montenegro,13-02-2020,0,0,0
Montenegro,14-02-2020,0,0,0
Montenegro,15-02-2020,0,0,0
Montenegro,16-02-2020,0,0,0
Montenegro,17-02-2020,0,0,0
Montenegro,18-02-2020,0,0,0
Montenegro,19-02-2020,0,0,0
Montenegro,20-02-2020,0,0,0
Montenegro,21-02-2020,0,0,0
Montenegro,22-02-2020,0,0,0
Montenegro,23-02-2020,0,0,0
Montenegro,24-02-2020,0,0,0
Montenegro,25-02-2020,0,0,0
Montenegro,26-02-2020,0,0,0
Montenegro,27-02-2020,0,0,0
Montenegro,28-02-2020,0,0,0
Montenegro,29-02-2020,0,0,0
Montenegro,01-03-2020,0,0,0
Montenegro,02-03-2020,0,0,0
Montenegro,03-03-2020,0,0,0
Montenegro,04-03-2020,0,0,0
Montenegro,05-03-2020,0,0,0
Montenegro,06-03-2020,0,0,0
Montenegro,07-03-2020,0,0,0
Montenegro,08-03-2020,0,0,0
Montenegro,09-03-2020,0,0,0
Montenegro,10-03-2020,0,0,0
Montenegro,11-03-2020,0,0,0
Montenegro,12-03-2020,0,0,0
Montenegro,13-03-2020,0,0,0
Montenegro,14-03-2020,0,0,0
Montenegro,15-03-2020,0,0,0
Montenegro,16-03-2020,0,0,0
Montenegro,17-03-2020,2,0,0
Montenegro,18-03-2020,2,0,0
Montenegro,19-03-2020,3,0,0
Montenegro,20-03-2020,14,0,0
Montenegro,21-03-2020,14,0,0
Montenegro,22-03-2020,21,0,0
Montenegro,23-03-2020,27,1,0
Montenegro,24-03-2020,47,1,0
Montenegro,25-03-2020,52,1,0
Montenegro,26-03-2020,69,1,0
Montenegro,27-03-2020,82,1,0
Montenegro,28-03-2020,84,1,0
Montenegro,29-03-2020,85,1,0
Montenegro,30-03-2020,91,1,0
Montenegro,31-03-2020,109,2,0
Montenegro,01-04-2020,123,2,0
Montenegro,02-04-2020,144,2,0
Montenegro,03-04-2020,174,2,1
Montenegro,04-04-2020,201,2,1
Montenegro,05-04-2020,214,2,1
Montenegro,06-04-2020,233,2,1
Montenegro,07-04-2020,241,2,4
Montenegro,08-04-2020,248,2,4
Montenegro,09-04-2020,252,2,4
Montenegro,10-04-2020,255,2,4
Montenegro,11-04-2020,263,2,5
Montenegro,12-04-2020,272,3,5
Montenegro,13-04-2020,274,3,5
Montenegro,14-04-2020,283,4,46
Montenegro,15-04-2020,288,4,55
Montenegro,16-04-2020,303,4,55
Montenegro,17-04-2020,303,5,55
Montenegro,18-04-2020,307,5,55
Montenegro,19-04-2020,308,5,55
Montenegro,20-04-2020,312,5,88
Montenegro,21-04-2020,313,5,101
Montenegro,22-04-2020,315,5,116
Montenegro,23-04-2020,316,5,123
Montenegro,24-04-2020,319,6,123
Montenegro,25-04-2020,320,6,153
Montenegro,26-04-2020,321,7,153
Montenegro,27-04-2020,321,7,189
Montenegro,28-04-2020,321,7,199
Montenegro,29-04-2020,322,7,203
Montenegro,30-04-2020,322,7,214
Montenegro,01-05-2020,322,7,233
Montenegro,02-05-2020,322,8,245
Montenegro,03-05-2020,322,8,249
Montenegro,04-05-2020,323,8,253
Montenegro,05-05-2020,324,8,253
Montenegro,06-05-2020,324,8,261
Montenegro,07-05-2020,324,8,265
Montenegro,08-05-2020,324,8,267
Montenegro,09-05-2020,324,8,274
Montenegro,10-05-2020,324,9,290
Montenegro,11-05-2020,324,9,294
Montenegro,12-05-2020,324,9,298
Montenegro,13-05-2020,324,9,307
Montenegro,14-05-2020,324,9,309
Montenegro,15-05-2020,324,9,311
Montenegro,16-05-2020,324,9,311
Montenegro,17-05-2020,324,9,311
Montenegro,18-05-2020,324,9,311
Montenegro,19-05-2020,324,9,312
Montenegro,20-05-2020,324,9,312
Montenegro,21-05-2020,324,9,314
Montenegro,22-05-2020,324,9,314
Montenegro,23-05-2020,324,9,314
Montenegro,24-05-2020,324,9,315
Montenegro,25-05-2020,324,9,315
Montenegro,26-05-2020,324,9,315
Montenegro,27-05-2020,324,9,315
Montenegro,28-05-2020,324,9,315
Montenegro,29-05-2020,324,9,315
Montenegro,30-05-2020,324,9,315
Montenegro,31-05-2020,324,9,315
Montenegro,01-06-2020,324,9,315
Montenegro,02-06-2020,324,9,315
Montenegro,03-06-2020,324,9,315
Montenegro,04-06-2020,324,9,315
Montenegro,05-06-2020,324,9,315
Montenegro,06-06-2020,324,9,315
Montenegro,07-06-2020,324,9,315
Montenegro,08-06-2020,324,9,315
Montenegro,09-06-2020,324,9,315
Montenegro,10-06-2020,324,9,315
Montenegro,11-06-2020,324,9,315
Montenegro,12-06-2020,324,9,315
Montenegro,13-06-2020,324,9,315
Montenegro,14-06-2020,325,9,315
Montenegro,15-06-2020,326,9,315
Montenegro,16-06-2020,326,9,315
Montenegro,17-06-2020,333,9,315
Montenegro,18-06-2020,337,9,315
Montenegro,19-06-2020,355,9,315
Montenegro,20-06-2020,359,9,315
Montenegro,21-06-2020,362,9,315
Montenegro,22-06-2020,367,9,315
Montenegro,23-06-2020,378,9,315
Montenegro,24-06-2020,389,9,315
Montenegro,25-06-2020,414,9,315
Montenegro,26-06-2020,439,9,315
Montenegro,27-06-2020,469,9,315
Montenegro,28-06-2020,481,11,315
Montenegro,29-06-2020,501,11,315
Montenegro,30-06-2020,548,12,315
Montenegro,01-07-2020,576,12,315
Montenegro,02-07-2020,616,12,315
Montenegro,03-07-2020,663,13,315
Montenegro,04-07-2020,720,14,315
Montenegro,05-07-2020,781,14,315
Montenegro,06-07-2020,841,14,315
Montenegro,07-07-2020,907,17,320
Montenegro,08-07-2020,960,17,320
Montenegro,09-07-2020,1019,19,320
Montenegro,10-07-2020,1019,19,320
Montenegro,11-07-2020,1164,23,325
Montenegro,12-07-2020,1221,23,325
Montenegro,13-07-2020,1287,24,330
Montenegro,14-07-2020,1287,24,330
Montenegro,15-07-2020,1287,24,330
Montenegro,16-07-2020,1287,24,330
Montenegro,17-07-2020,1965,26,357
Montenegro,18-07-2020,2072,30,378
Montenegro,19-07-2020,2188,32,385
Montenegro,20-07-2020,2188,32,385
Montenegro,21-07-2020,2381,35,426
Montenegro,22-07-2020,2472,39,426
Montenegro,23-07-2020,2569,40,538
Montenegro,24-07-2020,2665,43,643
Montenegro,25-07-2020,2747,43,664
Montenegro,26-07-2020,2799,43,739
Montenegro,27-07-2020,2893,45,809
Montenegro,28-07-2020,2949,45,839
Montenegro,29-07-2020,3016,47,931
Montenegro,30-07-2020,3016,47,931
Montenegro,31-07-2020,3073,48,1005
Montenegro,01-08-2020,3198,50,1293
Montenegro,02-08-2020,3258,51,1445
Montenegro,03-08-2020,3301,52,1445
