country,date,confirmed,deaths,recovered
Mozambique,22-01-2020,0,0,0
Mozambique,23-01-2020,0,0,0
Mozambique,24-01-2020,0,0,0
Mozambique,25-01-2020,0,0,0
Mozambique,26-01-2020,0,0,0
Mozambique,27-01-2020,0,0,0
Mozambique,28-01-2020,0,0,0
Mozambique,29-01-2020,0,0,0
Mozambique,30-01-2020,0,0,0
Mozambique,31-01-2020,0,0,0
Mozambique,01-02-2020,0,0,0
Mozambique,02-02-2020,0,0,0
Mozambique,03-02-2020,0,0,0
Mozambique,04-02-2020,0,0,0
Mozambique,05-02-2020,0,0,0
Mozambique,06-02-2020,0,0,0
Mozambique,07-02-2020,0,0,0
Mozambique,08-02-2020,0,0,0
Mozambique,09-02-2020,0,0,0
Mozambique,10-02-2020,0,0,0
Mozambique,11-02-2020,0,0,0
Mozambique,12-02-2020,0,0,0
Mozambique,13-02-2020,0,0,0
Mozambique,14-02-2020,0,0,0
Mozambique,15-02-2020,0,0,0
Mozambique,16-02-2020,0,0,0
Mozambique,17-02-2020,0,0,0
Mozambique,18-02-2020,0,0,0
Mozambique,19-02-2020,0,0,0
Mozambique,20-02-2020,0,0,0
Mozambique,21-02-2020,0,0,0
Mozambique,22-02-2020,0,0,0
Mozambique,23-02-2020,0,0,0
Mozambique,24-02-2020,0,0,0
Mozambique,25-02-2020,0,0,0
Mozambique,26-02-2020,0,0,0
Mozambique,27-02-2020,0,0,0
Mozambique,28-02-2020,0,0,0
Mozambique,29-02-2020,0,0,0
Mozambique,01-03-2020,0,0,0
Mozambique,02-03-2020,0,0,0
Mozambique,03-03-2020,0,0,0
Mozambique,04-03-2020,0,0,0
Mozambique,05-03-2020,0,0,0
Mozambique,06-03-2020,0,0,0
Mozambique,07-03-2020,0,0,0
Mozambique,08-03-2020,0,0,0
Mozambique,09-03-2020,0,0,0
Mozambique,10-03-2020,0,0,0
Mozambique,11-03-2020,0,0,0
Mozambique,12-03-2020,0,0,0
Mozambique,13-03-2020,0,0,0
Mozambique,14-03-2020,0,0,0
Mozambique,15-03-2020,0,0,0
Mozambique,16-03-2020,0,0,0
Mozambique,17-03-2020,0,0,0
Mozambique,18-03-2020,0,0,0
Mozambique,19-03-2020,0,0,0
Mozambique,20-03-2020,0,0,0
Mozambique,21-03-2020,0,0,0
Mozambique,22-03-2020,1,0,0
Mozambique,23-03-2020,1,0,0
Mozambique,24-03-2020,3,0,0
Mozambique,25-03-2020,5,0,0
Mozambique,26-03-2020,7,0,0
Mozambique,27-03-2020,7,0,0
Mozambique,28-03-2020,8,0,0
Mozambique,29-03-2020,8,0,0
Mozambique,30-03-2020,8,0,0
Mozambique,31-03-2020,8,0,0
Mozambique,01-04-2020,10,0,0
Mozambique,02-04-2020,10,0,0
Mozambique,03-04-2020,10,0,0
Mozambique,04-04-2020,10,0,1
Mozambique,05-04-2020,10,0,1
Mozambique,06-04-2020,10,0,1
Mozambique,07-04-2020,10,0,1
Mozambique,08-04-2020,17,0,1
Mozambique,09-04-2020,17,0,1
Mozambique,10-04-2020,20,0,2
Mozambique,11-04-2020,20,0,2
Mozambique,12-04-2020,21,0,2
Mozambique,13-04-2020,21,0,2
Mozambique,14-04-2020,28,0,2
Mozambique,15-04-2020,29,0,2
Mozambique,16-04-2020,31,0,2
Mozambique,17-04-2020,34,0,2
Mozambique,18-04-2020,35,0,4
Mozambique,19-04-2020,39,0,8
Mozambique,20-04-2020,39,0,8
Mozambique,21-04-2020,39,0,8
Mozambique,22-04-2020,41,0,8
Mozambique,23-04-2020,46,0,9
Mozambique,24-04-2020,65,0,12
Mozambique,25-04-2020,70,0,12
Mozambique,26-04-2020,76,0,12
Mozambique,27-04-2020,76,0,12
Mozambique,28-04-2020,76,0,12
Mozambique,29-04-2020,76,0,12
Mozambique,30-04-2020,76,0,12
Mozambique,01-05-2020,79,0,12
Mozambique,02-05-2020,79,0,18
Mozambique,03-05-2020,80,0,19
Mozambique,04-05-2020,80,0,19
Mozambique,05-05-2020,81,0,19
Mozambique,06-05-2020,81,0,21
Mozambique,07-05-2020,81,0,24
Mozambique,08-05-2020,82,0,27
Mozambique,09-05-2020,87,0,34
Mozambique,10-05-2020,91,0,34
Mozambique,11-05-2020,103,0,34
Mozambique,12-05-2020,104,0,34
Mozambique,13-05-2020,104,0,34
Mozambique,14-05-2020,115,0,35
Mozambique,15-05-2020,119,0,42
Mozambique,16-05-2020,129,0,43
Mozambique,17-05-2020,137,0,44
Mozambique,18-05-2020,145,0,44
Mozambique,19-05-2020,146,0,44
Mozambique,20-05-2020,156,0,48
Mozambique,21-05-2020,162,0,48
Mozambique,22-05-2020,164,0,48
Mozambique,23-05-2020,168,0,48
Mozambique,24-05-2020,194,0,51
Mozambique,25-05-2020,209,1,71
Mozambique,26-05-2020,213,1,71
Mozambique,27-05-2020,227,1,71
Mozambique,28-05-2020,233,2,82
Mozambique,29-05-2020,234,2,84
Mozambique,30-05-2020,244,2,90
Mozambique,31-05-2020,254,2,91
Mozambique,01-06-2020,254,2,97
Mozambique,02-06-2020,307,2,98
Mozambique,03-06-2020,316,2,109
Mozambique,04-06-2020,352,2,114
Mozambique,05-06-2020,354,2,119
Mozambique,06-06-2020,409,2,126
Mozambique,07-06-2020,424,2,127
Mozambique,08-06-2020,433,2,131
Mozambique,09-06-2020,453,2,136
Mozambique,10-06-2020,472,2,138
Mozambique,11-06-2020,489,2,144
Mozambique,12-06-2020,509,2,145
Mozambique,13-06-2020,553,2,151
Mozambique,14-06-2020,583,3,151
Mozambique,15-06-2020,609,3,157
Mozambique,16-06-2020,638,4,160
Mozambique,17-06-2020,651,4,160
Mozambique,18-06-2020,662,4,175
Mozambique,19-06-2020,668,4,177
Mozambique,20-06-2020,688,4,177
Mozambique,21-06-2020,733,5,181
Mozambique,22-06-2020,737,5,181
Mozambique,23-06-2020,757,5,206
Mozambique,24-06-2020,762,5,220
Mozambique,25-06-2020,788,5,221
Mozambique,26-06-2020,816,5,223
Mozambique,27-06-2020,839,5,225
Mozambique,28-06-2020,859,5,228
Mozambique,29-06-2020,883,6,229
Mozambique,30-06-2020,889,6,232
Mozambique,01-07-2020,903,6,248
Mozambique,02-07-2020,918,6,249
Mozambique,03-07-2020,939,6,249
Mozambique,04-07-2020,969,7,256
Mozambique,05-07-2020,987,8,256
Mozambique,06-07-2020,1012,8,277
Mozambique,07-07-2020,1040,8,280
Mozambique,08-07-2020,1071,8,337
Mozambique,09-07-2020,1092,9,340
Mozambique,10-07-2020,1111,9,344
Mozambique,11-07-2020,1135,9,349
Mozambique,12-07-2020,1157,9,364
Mozambique,13-07-2020,1219,9,369
Mozambique,14-07-2020,1268,9,373
Mozambique,15-07-2020,1330,9,375
Mozambique,16-07-2020,1383,9,375
Mozambique,17-07-2020,1402,9,397
Mozambique,18-07-2020,1435,10,408
Mozambique,19-07-2020,1491,10,472
Mozambique,20-07-2020,1507,11,505
Mozambique,21-07-2020,1536,11,506
Mozambique,22-07-2020,1557,11,523
Mozambique,23-07-2020,1582,11,528
Mozambique,24-07-2020,1590,11,532
Mozambique,25-07-2020,1616,11,543
Mozambique,26-07-2020,1669,11,593
Mozambique,27-07-2020,1701,11,596
Mozambique,28-07-2020,1720,11,602
Mozambique,29-07-2020,1748,11,616
Mozambique,30-07-2020,1808,11,638
Mozambique,31-07-2020,1864,11,641
Mozambique,01-08-2020,1907,12,645
Mozambique,02-08-2020,1946,13,654
Mozambique,03-08-2020,1973,14,676
