country,date,confirmed,deaths,recovered
MS Zaandam,22-01-2020,0,0,0
MS Zaandam,23-01-2020,0,0,0
MS Zaandam,24-01-2020,0,0,0
MS Zaandam,25-01-2020,0,0,0
MS Zaandam,26-01-2020,0,0,0
MS Zaandam,27-01-2020,0,0,0
MS Zaandam,28-01-2020,0,0,0
MS Zaandam,29-01-2020,0,0,0
MS Zaandam,30-01-2020,0,0,0
MS Zaandam,31-01-2020,0,0,0
MS Zaandam,01-02-2020,0,0,0
MS Zaandam,02-02-2020,0,0,0
MS Zaandam,03-02-2020,0,0,0
MS Zaandam,04-02-2020,0,0,0
MS Zaandam,05-02-2020,0,0,0
MS Zaandam,06-02-2020,0,0,0
MS Zaandam,07-02-2020,0,0,0
MS Zaandam,08-02-2020,0,0,0
MS Zaandam,09-02-2020,0,0,0
MS Zaandam,10-02-2020,0,0,0
MS Zaandam,11-02-2020,0,0,0
MS Zaandam,12-02-2020,0,0,0
MS Zaandam,13-02-2020,0,0,0
MS Zaandam,14-02-2020,0,0,0
MS Zaandam,15-02-2020,0,0,0
MS Zaandam,16-02-2020,0,0,0
MS Zaandam,17-02-2020,0,0,0
MS Zaandam,18-02-2020,0,0,0
MS Zaandam,19-02-2020,0,0,0
MS Zaandam,20-02-2020,0,0,0
MS Zaandam,21-02-2020,0,0,0
MS Zaandam,22-02-2020,0,0,0
MS Zaandam,23-02-2020,0,0,0
MS Zaandam,24-02-2020,0,0,0
MS Zaandam,25-02-2020,0,0,0
MS Zaandam,26-02-2020,0,0,0
MS Zaandam,27-02-2020,0,0,0
MS Zaandam,28-02-2020,0,0,0
MS Zaandam,29-02-2020,0,0,0
MS Zaandam,01-03-2020,0,0,0
MS Zaandam,02-03-2020,0,0,0
MS Zaandam,03-03-2020,0,0,0
MS Zaandam,04-03-2020,0,0,0
MS Zaandam,05-03-2020,0,0,0
MS Zaandam,06-03-2020,0,0,0
MS Zaandam,07-03-2020,0,0,0
MS Zaandam,08-03-2020,0,0,0
MS Zaandam,09-03-2020,0,0,0
MS Zaandam,10-03-2020,0,0,0
MS Zaandam,11-03-2020,0,0,0
MS Zaandam,12-03-2020,0,0,0
MS Zaandam,13-03-2020,0,0,0
MS Zaandam,14-03-2020,0,0,0
MS Zaandam,15-03-2020,0,0,0
MS Zaandam,16-03-2020,0,0,0
MS Zaandam,17-03-2020,0,0,0
MS Zaandam,18-03-2020,0,0,0
MS Zaandam,19-03-2020,0,0,0
MS Zaandam,20-03-2020,0,0,0
MS Zaandam,21-03-2020,0,0,0
MS Zaandam,22-03-2020,0,0,0
MS Zaandam,23-03-2020,0,0,0
MS Zaandam,24-03-2020,0,0,0
MS Zaandam,25-03-2020,0,0,0
MS Zaandam,26-03-2020,0,0,0
MS Zaandam,27-03-2020,0,0,0
MS Zaandam,28-03-2020,2,0,0
MS Zaandam,29-03-2020,2,0,0
MS Zaandam,30-03-2020,2,0,0
MS Zaandam,31-03-2020,2,0,0
MS Zaandam,01-04-2020,9,2,0
MS Zaandam,02-04-2020,9,2,0
MS Zaandam,03-04-2020,9,2,0
MS Zaandam,04-04-2020,9,2,0
MS Zaandam,05-04-2020,9,2,0
MS Zaandam,06-04-2020,9,2,0
MS Zaandam,07-04-2020,9,2,0
MS Zaandam,08-04-2020,9,2,0
MS Zaandam,09-04-2020,9,2,0
MS Zaandam,10-04-2020,9,2,0
MS Zaandam,11-04-2020,9,2,0
MS Zaandam,12-04-2020,9,2,0
MS Zaandam,13-04-2020,9,2,0
MS Zaandam,14-04-2020,9,2,0
MS Zaandam,15-04-2020,9,2,0
MS Zaandam,16-04-2020,9,2,0
MS Zaandam,17-04-2020,9,2,0
MS Zaandam,18-04-2020,9,2,0
MS Zaandam,19-04-2020,9,2,0
MS Zaandam,20-04-2020,9,2,0
MS Zaandam,21-04-2020,9,2,0
MS Zaandam,22-04-2020,9,2,0
MS Zaandam,23-04-2020,9,2,0
MS Zaandam,24-04-2020,9,2,0
MS Zaandam,25-04-2020,9,2,0
MS Zaandam,26-04-2020,9,2,0
MS Zaandam,27-04-2020,9,2,0
MS Zaandam,28-04-2020,9,2,0
MS Zaandam,29-04-2020,9,2,0
MS Zaandam,30-04-2020,9,2,0
MS Zaandam,01-05-2020,9,2,0
MS Zaandam,02-05-2020,9,2,0
MS Zaandam,03-05-2020,9,2,0
MS Zaandam,04-05-2020,9,2,0
MS Zaandam,05-05-2020,9,2,0
MS Zaandam,06-05-2020,9,2,0
MS Zaandam,07-05-2020,9,2,0
MS Zaandam,08-05-2020,9,2,0
MS Zaandam,09-05-2020,9,2,0
MS Zaandam,10-05-2020,9,2,0
MS Zaandam,11-05-2020,9,2,0
MS Zaandam,12-05-2020,9,2,0
MS Zaandam,13-05-2020,9,2,0
MS Zaandam,14-05-2020,9,2,0
MS Zaandam,15-05-2020,9,2,0
MS Zaandam,16-05-2020,9,2,0
MS Zaandam,17-05-2020,9,2,0
MS Zaandam,18-05-2020,9,2,0
MS Zaandam,19-05-2020,9,2,0
MS Zaandam,20-05-2020,9,2,0
MS Zaandam,21-05-2020,9,2,0
MS Zaandam,22-05-2020,9,2,0
MS Zaandam,23-05-2020,9,2,0
MS Zaandam,24-05-2020,9,2,0
MS Zaandam,25-05-2020,9,2,0
MS Zaandam,26-05-2020,9,2,0
MS Zaandam,27-05-2020,9,2,0
MS Zaandam,28-05-2020,9,2,0
MS Zaandam,29-05-2020,9,2,0
MS Zaandam,30-05-2020,9,2,0
MS Zaandam,31-05-2020,9,2,0
MS Zaandam,01-06-2020,9,2,0
MS Zaandam,02-06-2020,9,2,0
MS Zaandam,03-06-2020,9,2,0
MS Zaandam,04-06-2020,9,2,0
MS Zaandam,05-06-2020,9,2,0
MS Zaandam,06-06-2020,9,2,0
MS Zaandam,07-06-2020,9,2,0
MS Zaandam,08-06-2020,9,2,0
MS Zaandam,09-06-2020,9,2,0
MS Zaandam,10-06-2020,9,2,0
MS Zaandam,11-06-2020,9,2,0
MS Zaandam,12-06-2020,9,2,0
MS Zaandam,13-06-2020,9,2,0
MS Zaandam,14-06-2020,9,2,0
MS Zaandam,15-06-2020,9,2,0
MS Zaandam,16-06-2020,9,2,0
MS Zaandam,17-06-2020,9,2,0
MS Zaandam,18-06-2020,9,2,0
MS Zaandam,19-06-2020,9,2,0
MS Zaandam,20-06-2020,9,2,0
MS Zaandam,21-06-2020,9,2,0
MS Zaandam,22-06-2020,9,2,0
MS Zaandam,23-06-2020,9,2,0
MS Zaandam,24-06-2020,9,2,0
MS Zaandam,25-06-2020,9,2,0
MS Zaandam,26-06-2020,9,2,0
MS Zaandam,27-06-2020,9,2,0
MS Zaandam,28-06-2020,9,2,0
MS Zaandam,29-06-2020,9,2,0
MS Zaandam,30-06-2020,9,2,0
MS Zaandam,01-07-2020,9,2,0
MS Zaandam,02-07-2020,9,2,0
MS Zaandam,03-07-2020,9,2,0
MS Zaandam,04-07-2020,9,2,0
MS Zaandam,05-07-2020,9,2,0
MS Zaandam,06-07-2020,9,2,0
MS Zaandam,07-07-2020,9,2,0
MS Zaandam,08-07-2020,9,2,0
MS Zaandam,09-07-2020,9,2,0
MS Zaandam,10-07-2020,9,2,0
MS Zaandam,11-07-2020,9,2,0
MS Zaandam,12-07-2020,9,2,0
MS Zaandam,13-07-2020,9,2,0
MS Zaandam,14-07-2020,9,2,0
MS Zaandam,15-07-2020,9,2,0
MS Zaandam,16-07-2020,9,2,0
MS Zaandam,17-07-2020,9,2,0
MS Zaandam,18-07-2020,9,2,0
MS Zaandam,19-07-2020,9,2,0
MS Zaandam,20-07-2020,9,2,0
MS Zaandam,21-07-2020,9,2,0
MS Zaandam,22-07-2020,9,2,0
MS Zaandam,23-07-2020,9,2,0
MS Zaandam,24-07-2020,9,2,0
MS Zaandam,25-07-2020,9,2,0
MS Zaandam,26-07-2020,9,2,0
MS Zaandam,27-07-2020,9,2,0
MS Zaandam,28-07-2020,9,2,0
MS Zaandam,29-07-2020,9,2,0
MS Zaandam,30-07-2020,9,2,0
MS Zaandam,31-07-2020,9,2,0
MS Zaandam,01-08-2020,9,2,0
MS Zaandam,02-08-2020,9,2,0
MS Zaandam,03-08-2020,9,2,0
