country,date,confirmed,deaths,recovered
Netherlands,22-01-2020,0,0,0
Netherlands,23-01-2020,0,0,0
Netherlands,24-01-2020,0,0,0
Netherlands,25-01-2020,0,0,0
Netherlands,26-01-2020,0,0,0
Netherlands,27-01-2020,0,0,0
Netherlands,28-01-2020,0,0,0
Netherlands,29-01-2020,0,0,0
Netherlands,30-01-2020,0,0,0
Netherlands,31-01-2020,0,0,0
Netherlands,01-02-2020,0,0,0
Netherlands,02-02-2020,0,0,0
Netherlands,03-02-2020,0,0,0
Netherlands,04-02-2020,0,0,0
Netherlands,05-02-2020,0,0,0
Netherlands,06-02-2020,0,0,0
Netherlands,07-02-2020,0,0,0
Netherlands,08-02-2020,0,0,0
Netherlands,09-02-2020,0,0,0
Netherlands,10-02-2020,0,0,0
Netherlands,11-02-2020,0,0,0
Netherlands,12-02-2020,0,0,0
Netherlands,13-02-2020,0,0,0
Netherlands,14-02-2020,0,0,0
Netherlands,15-02-2020,0,0,0
Netherlands,16-02-2020,0,0,0
Netherlands,17-02-2020,0,0,0
Netherlands,18-02-2020,0,0,0
Netherlands,19-02-2020,0,0,0
Netherlands,20-02-2020,0,0,0
Netherlands,21-02-2020,0,0,0
Netherlands,22-02-2020,0,0,0
Netherlands,23-02-2020,0,0,0
Netherlands,24-02-2020,0,0,0
Netherlands,25-02-2020,0,0,0
Netherlands,26-02-2020,0,0,0
Netherlands,27-02-2020,1,0,0
Netherlands,28-02-2020,1,0,0
Netherlands,29-02-2020,6,0,0
Netherlands,01-03-2020,10,0,0
Netherlands,02-03-2020,18,0,0
Netherlands,03-03-2020,24,0,0
Netherlands,04-03-2020,38,0,0
Netherlands,05-03-2020,82,0,0
Netherlands,06-03-2020,128,1,0
Netherlands,07-03-2020,188,1,0
Netherlands,08-03-2020,265,3,0
Netherlands,09-03-2020,321,3,0
Netherlands,10-03-2020,382,4,0
Netherlands,11-03-2020,503,5,0
Netherlands,12-03-2020,503,5,0
Netherlands,13-03-2020,806,10,0
Netherlands,14-03-2020,962,12,0
Netherlands,15-03-2020,1138,20,0
Netherlands,16-03-2020,1416,24,0
Netherlands,17-03-2020,1711,43,0
Netherlands,18-03-2020,2058,58,0
Netherlands,19-03-2020,2467,77,0
Netherlands,20-03-2020,3003,107,0
Netherlands,21-03-2020,3640,137,0
Netherlands,22-03-2020,4217,180,0
Netherlands,23-03-2020,4764,214,0
Netherlands,24-03-2020,5580,277,1
Netherlands,25-03-2020,6438,357,1
Netherlands,26-03-2020,7468,435,3
Netherlands,27-03-2020,8647,547,3
Netherlands,28-03-2020,9819,640,3
Netherlands,29-03-2020,10930,772,3
Netherlands,30-03-2020,11817,865,3
Netherlands,31-03-2020,12667,1040,3
Netherlands,01-04-2020,13696,1175,10
Netherlands,02-04-2020,14788,1341,10
Netherlands,03-04-2020,15821,1490,10
Netherlands,04-04-2020,16727,1656,12
Netherlands,05-04-2020,17953,1771,7
Netherlands,06-04-2020,18926,1874,8
Netherlands,07-04-2020,19709,2108,22
Netherlands,08-04-2020,20682,2255,22
Netherlands,09-04-2020,21903,2403,28
Netherlands,10-04-2020,23249,2520,37
Netherlands,11-04-2020,24571,2653,41
Netherlands,12-04-2020,25746,2747,45
Netherlands,13-04-2020,26710,2833,45
Netherlands,14-04-2020,27580,2955,47
Netherlands,15-04-2020,28316,3145,54
Netherlands,16-04-2020,29383,3327,61
Netherlands,17-04-2020,30619,3471,65
Netherlands,18-04-2020,31766,3613,67
Netherlands,19-04-2020,32838,3697,72
Netherlands,20-04-2020,33588,3764,72
Netherlands,21-04-2020,34317,3929,74
Netherlands,22-04-2020,35032,4068,101
Netherlands,23-04-2020,35921,4192,101
Netherlands,24-04-2020,36729,4304,102
Netherlands,25-04-2020,37384,4424,102
Netherlands,26-04-2020,38040,4491,117
Netherlands,27-04-2020,38440,4534,117
Netherlands,28-04-2020,38612,4582,117
Netherlands,29-04-2020,38998,4727,119
Netherlands,30-04-2020,39512,4811,125
Netherlands,01-05-2020,39989,4909,138
Netherlands,02-05-2020,40434,5003,138
Netherlands,03-05-2020,40769,5072,138
Netherlands,04-05-2020,40968,5098,138
Netherlands,05-05-2020,41286,5185,139
Netherlands,06-05-2020,41518,5221,146
Netherlands,07-05-2020,41973,5306,147
Netherlands,08-05-2020,42292,5377,147
Netherlands,09-05-2020,42581,5441,149
Netherlands,10-05-2020,42826,5459,149
Netherlands,11-05-2020,42987,5475,149
Netherlands,12-05-2020,43183,5529,149
Netherlands,13-05-2020,43410,5581,157
Netherlands,14-05-2020,43680,5609,159
Netherlands,15-05-2020,43880,5662,159
Netherlands,16-05-2020,44070,5689,167
Netherlands,17-05-2020,44195,5699,167
Netherlands,18-05-2020,44341,5713,167
Netherlands,19-05-2020,44449,5734,167
Netherlands,20-05-2020,44647,5767,169
Netherlands,21-05-2020,44900,5794,169
Netherlands,22-05-2020,45088,5807,174
Netherlands,23-05-2020,45265,5830,174
Netherlands,24-05-2020,45437,5841,174
Netherlands,25-05-2020,45647,5849,174
Netherlands,26-05-2020,45780,5875,174
Netherlands,27-05-2020,45970,5890,177
Netherlands,28-05-2020,46152,5922,178
Netherlands,29-05-2020,46328,5950,178
Netherlands,30-05-2020,46460,5970,178
Netherlands,31-05-2020,46645,5975,178
Netherlands,01-06-2020,46749,5981,179
Netherlands,02-06-2020,46852,5986,180
Netherlands,03-06-2020,46939,5996,180
Netherlands,04-06-2020,47148,6009,180
Netherlands,05-06-2020,47358,6024,181
Netherlands,06-06-2020,47541,6030,181
Netherlands,07-06-2020,47780,6032,181
Netherlands,08-06-2020,47945,6035,181
Netherlands,09-06-2020,48109,6050,181
Netherlands,10-06-2020,48294,6061,181
Netherlands,11-06-2020,48458,6063,181
Netherlands,12-06-2020,48668,6072,181
Netherlands,13-06-2020,48847,6076,181
Netherlands,14-06-2020,48990,6078,181
Netherlands,15-06-2020,49155,6084,186
Netherlands,16-06-2020,49295,6089,186
Netherlands,17-06-2020,49412,6093,186
Netherlands,18-06-2020,49527,6097,186
Netherlands,19-06-2020,49634,6100,186
Netherlands,20-06-2020,49710,6108,186
Netherlands,21-06-2020,49801,6109,186
Netherlands,22-06-2020,49866,6109,186
Netherlands,23-06-2020,49930,6114,186
Netherlands,24-06-2020,50012,6116,186
Netherlands,25-06-2020,50122,6119,186
Netherlands,26-06-2020,50213,6122,186
Netherlands,27-06-2020,50282,6124,186
Netherlands,28-06-2020,50355,6124,186
Netherlands,29-06-2020,50433,6126,186
Netherlands,30-06-2020,50483,6132,186
Netherlands,01-07-2020,50545,6134,186
Netherlands,02-07-2020,50623,6137,186
Netherlands,03-07-2020,50698,6139,186
Netherlands,04-07-2020,50761,6145,187
Netherlands,05-07-2020,50834,6146,187
Netherlands,06-07-2020,50870,6147,187
Netherlands,07-07-2020,50907,6151,187
Netherlands,08-07-2020,50959,6154,187
Netherlands,09-07-2020,51013,6156,192
Netherlands,10-07-2020,51055,6155,192
Netherlands,11-07-2020,51136,6156,193
Netherlands,12-07-2020,51237,6156,193
Netherlands,13-07-2020,51308,6156,193
Netherlands,14-07-2020,51362,6154,193
Netherlands,15-07-2020,51471,6155,193
Netherlands,16-07-2020,51572,6156,194
Netherlands,17-07-2020,51682,6157,194
Netherlands,18-07-2020,51809,6155,194
Netherlands,19-07-2020,51955,6155,194
Netherlands,20-07-2020,52142,6155,194
Netherlands,21-07-2020,52307,6155,194
Netherlands,22-07-2020,52475,6158,194
Netherlands,23-07-2020,52640,6158,195
Netherlands,24-07-2020,52837,6158,195
Netherlands,25-07-2020,52984,6159,196
Netherlands,26-07-2020,53278,6178,196
Netherlands,27-07-2020,53424,6160,196
Netherlands,28-07-2020,53647,6164,196
Netherlands,29-07-2020,53895,6166,196
Netherlands,30-07-2020,54249,6166,200
Netherlands,31-07-2020,54590,6166,200
Netherlands,01-08-2020,55021,6167,200
Netherlands,02-08-2020,55408,6169,206
Netherlands,03-08-2020,55786,6169,207
