country,date,confirmed,deaths,recovered
North Macedonia,22-01-2020,0,0,0
North Macedonia,23-01-2020,0,0,0
North Macedonia,24-01-2020,0,0,0
North Macedonia,25-01-2020,0,0,0
North Macedonia,26-01-2020,0,0,0
North Macedonia,27-01-2020,0,0,0
North Macedonia,28-01-2020,0,0,0
North Macedonia,29-01-2020,0,0,0
North Macedonia,30-01-2020,0,0,0
North Macedonia,31-01-2020,0,0,0
North Macedonia,01-02-2020,0,0,0
North Macedonia,02-02-2020,0,0,0
North Macedonia,03-02-2020,0,0,0
North Macedonia,04-02-2020,0,0,0
North Macedonia,05-02-2020,0,0,0
North Macedonia,06-02-2020,0,0,0
North Macedonia,07-02-2020,0,0,0
North Macedonia,08-02-2020,0,0,0
North Macedonia,09-02-2020,0,0,0
North Macedonia,10-02-2020,0,0,0
North Macedonia,11-02-2020,0,0,0
North Macedonia,12-02-2020,0,0,0
North Macedonia,13-02-2020,0,0,0
North Macedonia,14-02-2020,0,0,0
North Macedonia,15-02-2020,0,0,0
North Macedonia,16-02-2020,0,0,0
North Macedonia,17-02-2020,0,0,0
North Macedonia,18-02-2020,0,0,0
North Macedonia,19-02-2020,0,0,0
North Macedonia,20-02-2020,0,0,0
North Macedonia,21-02-2020,0,0,0
North Macedonia,22-02-2020,0,0,0
North Macedonia,23-02-2020,0,0,0
North Macedonia,24-02-2020,0,0,0
North Macedonia,25-02-2020,0,0,0
North Macedonia,26-02-2020,1,0,0
North Macedonia,27-02-2020,1,0,0
North Macedonia,28-02-2020,1,0,0
North Macedonia,29-02-2020,1,0,0
North Macedonia,01-03-2020,1,0,0
North Macedonia,02-03-2020,1,0,0
North Macedonia,03-03-2020,1,0,0
North Macedonia,04-03-2020,1,0,0
North Macedonia,05-03-2020,1,0,0
North Macedonia,06-03-2020,3,0,0
North Macedonia,07-03-2020,3,0,0
North Macedonia,08-03-2020,3,0,0
North Macedonia,09-03-2020,3,0,0
North Macedonia,10-03-2020,7,0,0
North Macedonia,11-03-2020,7,0,0
North Macedonia,12-03-2020,7,0,0
North Macedonia,13-03-2020,14,0,1
North Macedonia,14-03-2020,14,0,1
North Macedonia,15-03-2020,14,0,1
North Macedonia,16-03-2020,18,0,1
North Macedonia,17-03-2020,26,0,1
North Macedonia,18-03-2020,35,0,1
North Macedonia,19-03-2020,48,0,1
North Macedonia,20-03-2020,67,0,1
North Macedonia,21-03-2020,85,0,1
North Macedonia,22-03-2020,115,1,1
North Macedonia,23-03-2020,136,2,1
North Macedonia,24-03-2020,148,2,1
North Macedonia,25-03-2020,177,3,1
North Macedonia,26-03-2020,201,3,3
North Macedonia,27-03-2020,219,3,3
North Macedonia,28-03-2020,241,4,3
North Macedonia,29-03-2020,259,6,3
North Macedonia,30-03-2020,285,7,12
North Macedonia,31-03-2020,329,9,12
North Macedonia,01-04-2020,354,11,17
North Macedonia,02-04-2020,384,11,17
North Macedonia,03-04-2020,430,12,20
North Macedonia,04-04-2020,483,17,20
North Macedonia,05-04-2020,555,18,23
North Macedonia,06-04-2020,570,23,30
North Macedonia,07-04-2020,599,26,30
North Macedonia,08-04-2020,617,29,35
North Macedonia,09-04-2020,663,30,37
North Macedonia,10-04-2020,711,32,41
North Macedonia,11-04-2020,760,34,41
North Macedonia,12-04-2020,828,34,41
North Macedonia,13-04-2020,854,38,44
North Macedonia,14-04-2020,908,44,86
North Macedonia,15-04-2020,974,45,98
North Macedonia,16-04-2020,1081,46,121
North Macedonia,17-04-2020,1117,49,139
North Macedonia,18-04-2020,1170,49,164
North Macedonia,19-04-2020,1207,51,179
North Macedonia,20-04-2020,1225,54,200
North Macedonia,21-04-2020,1231,55,224
North Macedonia,22-04-2020,1259,56,272
North Macedonia,23-04-2020,1300,56,301
North Macedonia,24-04-2020,1326,57,337
North Macedonia,25-04-2020,1367,59,374
North Macedonia,26-04-2020,1386,61,500
North Macedonia,27-04-2020,1399,65,553
North Macedonia,28-04-2020,1421,71,589
North Macedonia,29-04-2020,1442,73,627
North Macedonia,30-04-2020,1465,77,738
North Macedonia,01-05-2020,1494,81,807
North Macedonia,02-05-2020,1506,82,852
North Macedonia,03-05-2020,1511,84,945
North Macedonia,04-05-2020,1518,85,992
North Macedonia,05-05-2020,1526,86,1013
North Macedonia,06-05-2020,1539,88,1057
North Macedonia,07-05-2020,1572,89,1079
North Macedonia,08-05-2020,1586,90,1099
North Macedonia,09-05-2020,1622,91,1112
North Macedonia,10-05-2020,1642,91,1136
North Macedonia,11-05-2020,1664,91,1200
North Macedonia,12-05-2020,1674,92,1205
North Macedonia,13-05-2020,1694,95,1229
North Macedonia,14-05-2020,1723,95,1235
North Macedonia,15-05-2020,1740,97,1251
North Macedonia,16-05-2020,1762,98,1267
North Macedonia,17-05-2020,1792,101,1293
North Macedonia,18-05-2020,1817,104,1301
North Macedonia,19-05-2020,1839,106,1351
North Macedonia,20-05-2020,1858,110,1367
North Macedonia,21-05-2020,1898,111,1378
North Macedonia,22-05-2020,1921,112,1387
North Macedonia,23-05-2020,1941,113,1411
North Macedonia,24-05-2020,1978,113,1422
North Macedonia,25-05-2020,1999,113,1439
North Macedonia,26-05-2020,2014,116,1453
North Macedonia,27-05-2020,2039,119,1470
North Macedonia,28-05-2020,2077,121,1486
North Macedonia,29-05-2020,2129,126,1516
North Macedonia,30-05-2020,2164,131,1535
North Macedonia,31-05-2020,2226,133,1552
North Macedonia,01-06-2020,2315,140,1569
North Macedonia,02-06-2020,2391,141,1595
North Macedonia,03-06-2020,2492,145,1605
North Macedonia,04-06-2020,2611,147,1621
North Macedonia,05-06-2020,2790,149,1632
North Macedonia,06-06-2020,2915,151,1640
North Macedonia,07-06-2020,3025,153,1646
North Macedonia,08-06-2020,3152,156,1653
North Macedonia,09-06-2020,3239,157,1658
North Macedonia,10-06-2020,3364,164,1664
North Macedonia,11-06-2020,3538,169,1682
North Macedonia,12-06-2020,3701,171,1694
North Macedonia,13-06-2020,3895,179,1705
North Macedonia,14-06-2020,4057,188,1710
North Macedonia,15-06-2020,4157,193,1723
North Macedonia,16-06-2020,4299,201,1757
North Macedonia,17-06-2020,4482,210,1803
North Macedonia,18-06-2020,4664,216,1836
North Macedonia,19-06-2020,4820,222,1863
North Macedonia,20-06-2020,5005,233,1904
North Macedonia,21-06-2020,5106,238,1926
North Macedonia,22-06-2020,5196,247,1974
North Macedonia,23-06-2020,5311,251,2048
North Macedonia,24-06-2020,5445,259,2091
North Macedonia,25-06-2020,5595,265,2166
North Macedonia,26-06-2020,5758,268,2206
North Macedonia,27-06-2020,5906,277,2236
North Macedonia,28-06-2020,6080,286,2315
North Macedonia,29-06-2020,6209,298,2427
North Macedonia,30-06-2020,6334,302,2475
North Macedonia,01-07-2020,6454,306,2598
North Macedonia,02-07-2020,6625,321,2748
North Macedonia,03-07-2020,6787,328,2876
North Macedonia,04-07-2020,6932,334,2987
North Macedonia,05-07-2020,7046,341,3027
North Macedonia,06-07-2020,7124,346,3199
North Macedonia,07-07-2020,7244,351,3324
North Macedonia,08-07-2020,7406,359,3554
North Macedonia,09-07-2020,7572,362,3624
North Macedonia,10-07-2020,7777,368,3960
North Macedonia,11-07-2020,7975,376,4080
North Macedonia,12-07-2020,8111,382,4203
North Macedonia,13-07-2020,8197,385,4326
North Macedonia,14-07-2020,8332,389,4468
North Macedonia,15-07-2020,8530,393,4565
North Macedonia,16-07-2020,8623,401,4565
North Macedonia,17-07-2020,8786,406,4676
North Macedonia,18-07-2020,9026,414,4727
North Macedonia,19-07-2020,9153,422,4810
North Macedonia,20-07-2020,9249,432,4871
North Macedonia,21-07-2020,9412,432,4940
North Macedonia,22-07-2020,9547,442,5071
North Macedonia,23-07-2020,9669,445,5071
North Macedonia,24-07-2020,9797,451,5254
North Macedonia,25-07-2020,9934,460,5357
North Macedonia,26-07-2020,10086,460,5427
North Macedonia,27-07-2020,10213,466,5564
North Macedonia,28-07-2020,10315,471,5663
North Macedonia,29-07-2020,10503,476,5931
North Macedonia,30-07-2020,10617,480,6020
North Macedonia,31-07-2020,10754,486,6554
North Macedonia,01-08-2020,10891,493,6698
North Macedonia,02-08-2020,11054,497,6882
North Macedonia,03-08-2020,11128,500,6972
