country,date,confirmed,deaths,recovered
Papua New Guinea,22-01-2020,0,0,0
Papua New Guinea,23-01-2020,0,0,0
Papua New Guinea,24-01-2020,0,0,0
Papua New Guinea,25-01-2020,0,0,0
Papua New Guinea,26-01-2020,0,0,0
Papua New Guinea,27-01-2020,0,0,0
Papua New Guinea,28-01-2020,0,0,0
Papua New Guinea,29-01-2020,0,0,0
Papua New Guinea,30-01-2020,0,0,0
Papua New Guinea,31-01-2020,0,0,0
Papua New Guinea,01-02-2020,0,0,0
Papua New Guinea,02-02-2020,0,0,0
Papua New Guinea,03-02-2020,0,0,0
Papua New Guinea,04-02-2020,0,0,0
Papua New Guinea,05-02-2020,0,0,0
Papua New Guinea,06-02-2020,0,0,0
Papua New Guinea,07-02-2020,0,0,0
Papua New Guinea,08-02-2020,0,0,0
Papua New Guinea,09-02-2020,0,0,0
Papua New Guinea,10-02-2020,0,0,0
Papua New Guinea,11-02-2020,0,0,0
Papua New Guinea,12-02-2020,0,0,0
Papua New Guinea,13-02-2020,0,0,0
Papua New Guinea,14-02-2020,0,0,0
Papua New Guinea,15-02-2020,0,0,0
Papua New Guinea,16-02-2020,0,0,0
Papua New Guinea,17-02-2020,0,0,0
Papua New Guinea,18-02-2020,0,0,0
Papua New Guinea,19-02-2020,0,0,0
Papua New Guinea,20-02-2020,0,0,0
Papua New Guinea,21-02-2020,0,0,0
Papua New Guinea,22-02-2020,0,0,0
Papua New Guinea,23-02-2020,0,0,0
Papua New Guinea,24-02-2020,0,0,0
Papua New Guinea,25-02-2020,0,0,0
Papua New Guinea,26-02-2020,0,0,0
Papua New Guinea,27-02-2020,0,0,0
Papua New Guinea,28-02-2020,0,0,0
Papua New Guinea,29-02-2020,0,0,0
Papua New Guinea,01-03-2020,0,0,0
Papua New Guinea,02-03-2020,0,0,0
Papua New Guinea,03-03-2020,0,0,0
Papua New Guinea,04-03-2020,0,0,0
Papua New Guinea,05-03-2020,0,0,0
Papua New Guinea,06-03-2020,0,0,0
Papua New Guinea,07-03-2020,0,0,0
Papua New Guinea,08-03-2020,0,0,0
Papua New Guinea,09-03-2020,0,0,0
Papua New Guinea,10-03-2020,0,0,0
Papua New Guinea,11-03-2020,0,0,0
Papua New Guinea,12-03-2020,0,0,0
Papua New Guinea,13-03-2020,0,0,0
Papua New Guinea,14-03-2020,0,0,0
Papua New Guinea,15-03-2020,0,0,0
Papua New Guinea,16-03-2020,0,0,0
Papua New Guinea,17-03-2020,0,0,0
Papua New Guinea,18-03-2020,0,0,0
Papua New Guinea,19-03-2020,0,0,0
Papua New Guinea,20-03-2020,1,0,0
Papua New Guinea,21-03-2020,1,0,0
Papua New Guinea,22-03-2020,1,0,0
Papua New Guinea,23-03-2020,1,0,0
Papua New Guinea,24-03-2020,1,0,0
Papua New Guinea,25-03-2020,1,0,0
Papua New Guinea,26-03-2020,1,0,0
Papua New Guinea,27-03-2020,1,0,0
Papua New Guinea,28-03-2020,1,0,0
Papua New Guinea,29-03-2020,1,0,0
Papua New Guinea,30-03-2020,1,0,0
Papua New Guinea,31-03-2020,1,0,0
Papua New Guinea,01-04-2020,1,0,0
Papua New Guinea,02-04-2020,1,0,0
Papua New Guinea,03-04-2020,1,0,0
Papua New Guinea,04-04-2020,1,0,0
Papua New Guinea,05-04-2020,1,0,0
Papua New Guinea,06-04-2020,2,0,0
Papua New Guinea,07-04-2020,2,0,0
Papua New Guinea,08-04-2020,2,0,0
Papua New Guinea,09-04-2020,2,0,0
Papua New Guinea,10-04-2020,2,0,0
Papua New Guinea,11-04-2020,2,0,0
Papua New Guinea,12-04-2020,2,0,0
Papua New Guinea,13-04-2020,2,0,0
Papua New Guinea,14-04-2020,2,0,0
Papua New Guinea,15-04-2020,2,0,0
Papua New Guinea,16-04-2020,7,0,0
Papua New Guinea,17-04-2020,7,0,0
Papua New Guinea,18-04-2020,7,0,0
Papua New Guinea,19-04-2020,7,0,0
Papua New Guinea,20-04-2020,7,0,0
Papua New Guinea,21-04-2020,7,0,0
Papua New Guinea,22-04-2020,8,0,0
Papua New Guinea,23-04-2020,8,0,0
Papua New Guinea,24-04-2020,8,0,0
Papua New Guinea,25-04-2020,8,0,0
Papua New Guinea,26-04-2020,8,0,0
Papua New Guinea,27-04-2020,8,0,0
Papua New Guinea,28-04-2020,8,0,0
Papua New Guinea,29-04-2020,8,0,0
Papua New Guinea,30-04-2020,8,0,0
Papua New Guinea,01-05-2020,8,0,0
Papua New Guinea,02-05-2020,8,0,0
Papua New Guinea,03-05-2020,8,0,0
Papua New Guinea,04-05-2020,8,0,8
Papua New Guinea,05-05-2020,8,0,8
Papua New Guinea,06-05-2020,8,0,8
Papua New Guinea,07-05-2020,8,0,8
Papua New Guinea,08-05-2020,8,0,8
Papua New Guinea,09-05-2020,8,0,8
Papua New Guinea,10-05-2020,8,0,8
Papua New Guinea,11-05-2020,8,0,8
Papua New Guinea,12-05-2020,8,0,8
Papua New Guinea,13-05-2020,8,0,8
Papua New Guinea,14-05-2020,8,0,8
Papua New Guinea,15-05-2020,8,0,8
Papua New Guinea,16-05-2020,8,0,8
Papua New Guinea,17-05-2020,8,0,8
Papua New Guinea,18-05-2020,8,0,8
Papua New Guinea,19-05-2020,8,0,8
Papua New Guinea,20-05-2020,8,0,8
Papua New Guinea,21-05-2020,8,0,8
Papua New Guinea,22-05-2020,8,0,8
Papua New Guinea,23-05-2020,8,0,8
Papua New Guinea,24-05-2020,8,0,8
Papua New Guinea,25-05-2020,8,0,8
Papua New Guinea,26-05-2020,8,0,8
Papua New Guinea,27-05-2020,8,0,8
Papua New Guinea,28-05-2020,8,0,8
Papua New Guinea,29-05-2020,8,0,8
Papua New Guinea,30-05-2020,8,0,8
Papua New Guinea,31-05-2020,8,0,8
Papua New Guinea,01-06-2020,8,0,8
Papua New Guinea,02-06-2020,8,0,8
Papua New Guinea,03-06-2020,8,0,8
Papua New Guinea,04-06-2020,8,0,8
Papua New Guinea,05-06-2020,8,0,8
Papua New Guinea,06-06-2020,8,0,8
Papua New Guinea,07-06-2020,8,0,8
Papua New Guinea,08-06-2020,8,0,8
Papua New Guinea,09-06-2020,8,0,8
Papua New Guinea,10-06-2020,8,0,8
Papua New Guinea,11-06-2020,8,0,8
Papua New Guinea,12-06-2020,8,0,8
Papua New Guinea,13-06-2020,8,0,8
Papua New Guinea,14-06-2020,8,0,8
Papua New Guinea,15-06-2020,8,0,8
Papua New Guinea,16-06-2020,8,0,8
Papua New Guinea,17-06-2020,8,0,8
Papua New Guinea,18-06-2020,8,0,8
Papua New Guinea,19-06-2020,8,0,8
Papua New Guinea,20-06-2020,8,0,8
Papua New Guinea,21-06-2020,8,0,8
Papua New Guinea,22-06-2020,9,0,8
Papua New Guinea,23-06-2020,9,0,8
Papua New Guinea,24-06-2020,10,0,8
Papua New Guinea,25-06-2020,10,0,8
Papua New Guinea,26-06-2020,11,0,8
Papua New Guinea,27-06-2020,11,0,8
Papua New Guinea,28-06-2020,11,0,8
Papua New Guinea,29-06-2020,11,0,8
Papua New Guinea,30-06-2020,11,0,8
Papua New Guinea,01-07-2020,11,0,8
Papua New Guinea,02-07-2020,11,0,8
Papua New Guinea,03-07-2020,11,0,8
Papua New Guinea,04-07-2020,11,0,8
Papua New Guinea,05-07-2020,11,0,8
Papua New Guinea,06-07-2020,11,0,8
Papua New Guinea,07-07-2020,11,0,8
Papua New Guinea,08-07-2020,11,0,8
Papua New Guinea,09-07-2020,11,0,8
Papua New Guinea,10-07-2020,11,0,8
Papua New Guinea,11-07-2020,11,0,8
Papua New Guinea,12-07-2020,11,0,8
Papua New Guinea,13-07-2020,11,0,8
Papua New Guinea,14-07-2020,11,0,8
Papua New Guinea,15-07-2020,11,0,8
Papua New Guinea,16-07-2020,11,0,8
Papua New Guinea,17-07-2020,15,0,8
Papua New Guinea,18-07-2020,16,0,8
Papua New Guinea,19-07-2020,16,0,8
Papua New Guinea,20-07-2020,19,1,8
Papua New Guinea,21-07-2020,27,1,8
Papua New Guinea,22-07-2020,30,0,8
Papua New Guinea,23-07-2020,31,0,11
Papua New Guinea,24-07-2020,32,0,11
Papua New Guinea,25-07-2020,39,0,11
Papua New Guinea,26-07-2020,62,0,11
Papua New Guinea,27-07-2020,62,0,11
Papua New Guinea,28-07-2020,63,0,11
Papua New Guinea,29-07-2020,63,1,11
Papua New Guinea,30-07-2020,63,2,11
Papua New Guinea,31-07-2020,72,2,11
Papua New Guinea,01-08-2020,91,2,34
Papua New Guinea,02-08-2020,110,2,34
Papua New Guinea,03-08-2020,111,2,34
