country,date,confirmed,deaths,recovered
Philippines,22-01-2020,0,0,0
Philippines,23-01-2020,0,0,0
Philippines,24-01-2020,0,0,0
Philippines,25-01-2020,0,0,0
Philippines,26-01-2020,0,0,0
Philippines,27-01-2020,0,0,0
Philippines,28-01-2020,0,0,0
Philippines,29-01-2020,0,0,0
Philippines,30-01-2020,1,0,0
Philippines,31-01-2020,1,0,0
Philippines,01-02-2020,1,0,0
Philippines,02-02-2020,2,1,0
Philippines,03-02-2020,2,1,0
Philippines,04-02-2020,2,1,0
Philippines,05-02-2020,2,1,0
Philippines,06-02-2020,2,1,0
Philippines,07-02-2020,3,1,0
Philippines,08-02-2020,3,1,0
Philippines,09-02-2020,3,1,0
Philippines,10-02-2020,3,1,0
Philippines,11-02-2020,3,1,0
Philippines,12-02-2020,3,1,1
Philippines,13-02-2020,3,1,1
Philippines,14-02-2020,3,1,1
Philippines,15-02-2020,3,1,1
Philippines,16-02-2020,3,1,1
Philippines,17-02-2020,3,1,1
Philippines,18-02-2020,3,1,1
Philippines,19-02-2020,3,1,1
Philippines,20-02-2020,3,1,1
Philippines,21-02-2020,3,1,1
Philippines,22-02-2020,3,1,1
Philippines,23-02-2020,3,1,1
Philippines,24-02-2020,3,1,1
Philippines,25-02-2020,3,1,1
Philippines,26-02-2020,3,1,1
Philippines,27-02-2020,3,1,1
Philippines,28-02-2020,3,1,1
Philippines,29-02-2020,3,1,1
Philippines,01-03-2020,3,1,1
Philippines,02-03-2020,3,1,1
Philippines,03-03-2020,3,1,1
Philippines,04-03-2020,3,1,1
Philippines,05-03-2020,3,1,1
Philippines,06-03-2020,5,1,1
Philippines,07-03-2020,6,1,1
Philippines,08-03-2020,10,1,1
Philippines,09-03-2020,20,1,1
Philippines,10-03-2020,33,1,2
Philippines,11-03-2020,49,1,2
Philippines,12-03-2020,52,2,2
Philippines,13-03-2020,64,5,2
Philippines,14-03-2020,111,8,2
Philippines,15-03-2020,140,11,2
Philippines,16-03-2020,142,12,2
Philippines,17-03-2020,187,12,5
Philippines,18-03-2020,202,19,5
Philippines,19-03-2020,217,17,8
Philippines,20-03-2020,230,18,8
Philippines,21-03-2020,307,19,13
Philippines,22-03-2020,380,25,17
Philippines,23-03-2020,462,33,17
Philippines,24-03-2020,552,35,20
Philippines,25-03-2020,636,38,26
Philippines,26-03-2020,707,45,28
Philippines,27-03-2020,803,54,31
Philippines,28-03-2020,1075,68,35
Philippines,29-03-2020,1418,71,42
Philippines,30-03-2020,1546,78,42
Philippines,31-03-2020,2084,88,49
Philippines,01-04-2020,2311,96,50
Philippines,02-04-2020,2633,107,51
Philippines,03-04-2020,3018,136,52
Philippines,04-04-2020,3094,144,57
Philippines,05-04-2020,3246,152,64
Philippines,06-04-2020,3660,163,73
Philippines,07-04-2020,3764,177,84
Philippines,08-04-2020,3870,182,96
Philippines,09-04-2020,4076,203,124
Philippines,10-04-2020,4195,221,140
Philippines,11-04-2020,4428,247,157
Philippines,12-04-2020,4648,297,197
Philippines,13-04-2020,4932,315,242
Philippines,14-04-2020,5223,335,295
Philippines,15-04-2020,5453,349,353
Philippines,16-04-2020,5660,362,435
Philippines,17-04-2020,5878,387,487
Philippines,18-04-2020,6087,397,516
Philippines,19-04-2020,6259,409,572
Philippines,20-04-2020,6459,428,613
Philippines,21-04-2020,6599,437,654
Philippines,22-04-2020,6710,446,693
Philippines,23-04-2020,6981,462,722
Philippines,24-04-2020,7192,477,762
Philippines,25-04-2020,7294,494,792
Philippines,26-04-2020,7579,501,862
Philippines,27-04-2020,7777,511,932
Philippines,28-04-2020,7958,530,975
Philippines,29-04-2020,8212,558,1023
Philippines,30-04-2020,8488,568,1043
Philippines,01-05-2020,8772,579,1084
Philippines,02-05-2020,8928,603,1124
Philippines,03-05-2020,9223,607,1214
Philippines,04-05-2020,9485,623,1315
Philippines,05-05-2020,9684,637,1408
Philippines,06-05-2020,10004,658,1506
Philippines,07-05-2020,10343,685,1618
Philippines,08-05-2020,10463,696,1734
Philippines,09-05-2020,10610,704,1842
Philippines,10-05-2020,10794,719,1924
Philippines,11-05-2020,11086,726,1999
Philippines,12-05-2020,11350,751,2106
Philippines,13-05-2020,11618,772,2251
Philippines,14-05-2020,11876,790,2337
Philippines,15-05-2020,12091,806,2460
Philippines,16-05-2020,12305,817,2561
Philippines,17-05-2020,12513,824,2635
Philippines,18-05-2020,12718,831,2729
Philippines,19-05-2020,12942,837,2843
Philippines,20-05-2020,13221,842,2932
Philippines,21-05-2020,13434,846,3000
Philippines,22-05-2020,13597,857,3092
Philippines,23-05-2020,13777,863,3177
Philippines,24-05-2020,14035,868,3249
Philippines,25-05-2020,14319,873,3323
Philippines,26-05-2020,14669,886,3412
Philippines,27-05-2020,15049,904,3506
Philippines,28-05-2020,15588,921,3598
Philippines,29-05-2020,16634,942,3720
Philippines,30-05-2020,17224,950,3808
Philippines,31-05-2020,18086,957,3909
Philippines,01-06-2020,18638,960,3979
Philippines,02-06-2020,18997,966,4063
Philippines,03-06-2020,19748,974,4153
Philippines,04-06-2020,20382,984,4248
Philippines,05-06-2020,20626,987,4330
Philippines,06-06-2020,21340,994,4441
Philippines,07-06-2020,21895,1003,4530
Philippines,08-06-2020,22474,1011,4637
Philippines,09-06-2020,22992,1017,4736
Philippines,10-06-2020,23732,1027,4895
Philippines,11-06-2020,24175,1036,5165
Philippines,12-06-2020,24787,1052,5454
Philippines,13-06-2020,25392,1074,5706
Philippines,14-06-2020,25930,1088,5954
Philippines,15-06-2020,26420,1098,6252
Philippines,16-06-2020,26781,1103,6552
Philippines,17-06-2020,27238,1108,6820
Philippines,18-06-2020,27799,1116,7090
Philippines,19-06-2020,28459,1130,7378
Philippines,20-06-2020,29400,1150,7650
Philippines,21-06-2020,30052,1169,7893
Philippines,22-06-2020,30682,1177,8143
Philippines,23-06-2020,31825,1186,8442
Philippines,24-06-2020,32295,1204,8656
Philippines,25-06-2020,33069,1212,8910
Philippines,26-06-2020,34073,1224,9182
Philippines,27-06-2020,34803,1236,9430
Philippines,28-06-2020,35455,1244,9686
Philippines,29-06-2020,36438,1255,9956
Philippines,30-06-2020,37514,1266,10233
Philippines,01-07-2020,38511,1270,10438
Philippines,02-07-2020,38805,1274,10673
Philippines,03-07-2020,40336,1280,11073
Philippines,04-07-2020,41830,1290,11453
Philippines,05-07-2020,44254,1297,11942
Philippines,06-07-2020,46333,1303,12185
Philippines,07-07-2020,47873,1309,12386
Philippines,08-07-2020,50359,1314,12588
Philippines,09-07-2020,51754,1314,12813
Philippines,10-07-2020,52914,1360,13230
Philippines,11-07-2020,54222,1372,14037
Philippines,12-07-2020,56259,1534,16046
Philippines,13-07-2020,57006,1599,20371
Philippines,14-07-2020,57545,1603,20459
Philippines,15-07-2020,58850,1614,20976
Philippines,16-07-2020,61266,1643,21440
Philippines,17-07-2020,63001,1660,21748
Philippines,18-07-2020,65304,1773,22067
Philippines,19-07-2020,67456,1831,22465
Philippines,20-07-2020,68898,1835,23072
Philippines,21-07-2020,70764,1837,23281
Philippines,22-07-2020,72269,1843,23623
Philippines,23-07-2020,74390,1871,24383
Philippines,24-07-2020,76444,1879,24502
Philippines,25-07-2020,78412,1897,25752
Philippines,26-07-2020,80448,1932,26110
Philippines,27-07-2020,82040,1945,26446
Philippines,28-07-2020,83673,1947,26617
Philippines,29-07-2020,85486,1962,26996
Philippines,30-07-2020,89374,1983,65064
Philippines,31-07-2020,93354,2023,65178
Philippines,01-08-2020,98232,2039,65265
Philippines,02-08-2020,103185,2059,65557
Philippines,03-08-2020,106330,2104,65821
