country,date,confirmed,deaths,recovered
Saint Kitts and Nevis,22-01-2020,0,0,0
Saint Kitts and Nevis,23-01-2020,0,0,0
Saint Kitts and Nevis,24-01-2020,0,0,0
Saint Kitts and Nevis,25-01-2020,0,0,0
Saint Kitts and Nevis,26-01-2020,0,0,0
Saint Kitts and Nevis,27-01-2020,0,0,0
Saint Kitts and Nevis,28-01-2020,0,0,0
Saint Kitts and Nevis,29-01-2020,0,0,0
Saint Kitts and Nevis,30-01-2020,0,0,0
Saint Kitts and Nevis,31-01-2020,0,0,0
Saint Kitts and Nevis,01-02-2020,0,0,0
Saint Kitts and Nevis,02-02-2020,0,0,0
Saint Kitts and Nevis,03-02-2020,0,0,0
Saint Kitts and Nevis,04-02-2020,0,0,0
Saint Kitts and Nevis,05-02-2020,0,0,0
Saint Kitts and Nevis,06-02-2020,0,0,0
Saint Kitts and Nevis,07-02-2020,0,0,0
Saint Kitts and Nevis,08-02-2020,0,0,0
Saint Kitts and Nevis,09-02-2020,0,0,0
Saint Kitts and Nevis,10-02-2020,0,0,0
Saint Kitts and Nevis,11-02-2020,0,0,0
Saint Kitts and Nevis,12-02-2020,0,0,0
Saint Kitts and Nevis,13-02-2020,0,0,0
Saint Kitts and Nevis,14-02-2020,0,0,0
Saint Kitts and Nevis,15-02-2020,0,0,0
Saint Kitts and Nevis,16-02-2020,0,0,0
Saint Kitts and Nevis,17-02-2020,0,0,0
Saint Kitts and Nevis,18-02-2020,0,0,0
Saint Kitts and Nevis,19-02-2020,0,0,0
Saint Kitts and Nevis,20-02-2020,0,0,0
Saint Kitts and Nevis,21-02-2020,0,0,0
Saint Kitts and Nevis,22-02-2020,0,0,0
Saint Kitts and Nevis,23-02-2020,0,0,0
Saint Kitts and Nevis,24-02-2020,0,0,0
Saint Kitts and Nevis,25-02-2020,0,0,0
Saint Kitts and Nevis,26-02-2020,0,0,0
Saint Kitts and Nevis,27-02-2020,0,0,0
Saint Kitts and Nevis,28-02-2020,0,0,0
Saint Kitts and Nevis,29-02-2020,0,0,0
Saint Kitts and Nevis,01-03-2020,0,0,0
Saint Kitts and Nevis,02-03-2020,0,0,0
Saint Kitts and Nevis,03-03-2020,0,0,0
Saint Kitts and Nevis,04-03-2020,0,0,0
Saint Kitts and Nevis,05-03-2020,0,0,0
Saint Kitts and Nevis,06-03-2020,0,0,0
Saint Kitts and Nevis,07-03-2020,0,0,0
Saint Kitts and Nevis,08-03-2020,0,0,0
Saint Kitts and Nevis,09-03-2020,0,0,0
Saint Kitts and Nevis,10-03-2020,0,0,0
Saint Kitts and Nevis,11-03-2020,0,0,0
Saint Kitts and Nevis,12-03-2020,0,0,0
Saint Kitts and Nevis,13-03-2020,0,0,0
Saint Kitts and Nevis,14-03-2020,0,0,0
Saint Kitts and Nevis,15-03-2020,0,0,0
Saint Kitts and Nevis,16-03-2020,0,0,0
Saint Kitts and Nevis,17-03-2020,0,0,0
Saint Kitts and Nevis,18-03-2020,0,0,0
Saint Kitts and Nevis,19-03-2020,0,0,0
Saint Kitts and Nevis,20-03-2020,0,0,0
Saint Kitts and Nevis,21-03-2020,0,0,0
Saint Kitts and Nevis,22-03-2020,0,0,0
Saint Kitts and Nevis,23-03-2020,0,0,0
Saint Kitts and Nevis,24-03-2020,0,0,0
Saint Kitts and Nevis,25-03-2020,2,0,0
Saint Kitts and Nevis,26-03-2020,2,0,0
Saint Kitts and Nevis,27-03-2020,2,0,0
Saint Kitts and Nevis,28-03-2020,2,0,0
Saint Kitts and Nevis,29-03-2020,2,0,0
Saint Kitts and Nevis,30-03-2020,7,0,0
Saint Kitts and Nevis,31-03-2020,8,0,0
Saint Kitts and Nevis,01-04-2020,8,0,0
Saint Kitts and Nevis,02-04-2020,9,0,0
Saint Kitts and Nevis,03-04-2020,9,0,0
Saint Kitts and Nevis,04-04-2020,9,0,0
Saint Kitts and Nevis,05-04-2020,10,0,0
Saint Kitts and Nevis,06-04-2020,10,0,0
Saint Kitts and Nevis,07-04-2020,11,0,0
Saint Kitts and Nevis,08-04-2020,11,0,0
Saint Kitts and Nevis,09-04-2020,11,0,0
Saint Kitts and Nevis,10-04-2020,12,0,0
Saint Kitts and Nevis,11-04-2020,12,0,0
Saint Kitts and Nevis,12-04-2020,12,0,0
Saint Kitts and Nevis,13-04-2020,12,0,0
Saint Kitts and Nevis,14-04-2020,14,0,0
Saint Kitts and Nevis,15-04-2020,14,0,0
Saint Kitts and Nevis,16-04-2020,14,0,0
Saint Kitts and Nevis,17-04-2020,14,0,0
Saint Kitts and Nevis,18-04-2020,14,0,0
Saint Kitts and Nevis,19-04-2020,14,0,0
Saint Kitts and Nevis,20-04-2020,15,0,0
Saint Kitts and Nevis,21-04-2020,15,0,0
Saint Kitts and Nevis,22-04-2020,15,0,1
Saint Kitts and Nevis,23-04-2020,15,0,1
Saint Kitts and Nevis,24-04-2020,15,0,2
Saint Kitts and Nevis,25-04-2020,15,0,2
Saint Kitts and Nevis,26-04-2020,15,0,2
Saint Kitts and Nevis,27-04-2020,15,0,2
Saint Kitts and Nevis,28-04-2020,15,0,4
Saint Kitts and Nevis,29-04-2020,15,0,4
Saint Kitts and Nevis,30-04-2020,15,0,6
Saint Kitts and Nevis,01-05-2020,15,0,8
Saint Kitts and Nevis,02-05-2020,15,0,8
Saint Kitts and Nevis,03-05-2020,15,0,8
Saint Kitts and Nevis,04-05-2020,15,0,8
Saint Kitts and Nevis,05-05-2020,15,0,12
Saint Kitts and Nevis,06-05-2020,15,0,12
Saint Kitts and Nevis,07-05-2020,15,0,12
Saint Kitts and Nevis,08-05-2020,15,0,13
Saint Kitts and Nevis,09-05-2020,15,0,14
Saint Kitts and Nevis,10-05-2020,15,0,14
Saint Kitts and Nevis,11-05-2020,15,0,14
Saint Kitts and Nevis,12-05-2020,15,0,14
Saint Kitts and Nevis,13-05-2020,15,0,14
Saint Kitts and Nevis,14-05-2020,15,0,14
Saint Kitts and Nevis,15-05-2020,15,0,14
Saint Kitts and Nevis,16-05-2020,15,0,14
Saint Kitts and Nevis,17-05-2020,15,0,14
Saint Kitts and Nevis,18-05-2020,15,0,14
Saint Kitts and Nevis,19-05-2020,15,0,15
Saint Kitts and Nevis,20-05-2020,15,0,15
Saint Kitts and Nevis,21-05-2020,15,0,15
Saint Kitts and Nevis,22-05-2020,15,0,15
Saint Kitts and Nevis,23-05-2020,15,0,15
Saint Kitts and Nevis,24-05-2020,15,0,15
Saint Kitts and Nevis,25-05-2020,15,0,15
Saint Kitts and Nevis,26-05-2020,15,0,15
Saint Kitts and Nevis,27-05-2020,15,0,15
Saint Kitts and Nevis,28-05-2020,15,0,15
Saint Kitts and Nevis,29-05-2020,15,0,15
Saint Kitts and Nevis,30-05-2020,15,0,15
Saint Kitts and Nevis,31-05-2020,15,0,15
Saint Kitts and Nevis,01-06-2020,15,0,15
Saint Kitts and Nevis,02-06-2020,15,0,15
Saint Kitts and Nevis,03-06-2020,15,0,15
Saint Kitts and Nevis,04-06-2020,15,0,15
Saint Kitts and Nevis,05-06-2020,15,0,15
Saint Kitts and Nevis,06-06-2020,15,0,15
Saint Kitts and Nevis,07-06-2020,15,0,15
Saint Kitts and Nevis,08-06-2020,15,0,15
Saint Kitts and Nevis,09-06-2020,15,0,15
Saint Kitts and Nevis,10-06-2020,15,0,15
Saint Kitts and Nevis,11-06-2020,15,0,15
Saint Kitts and Nevis,12-06-2020,15,0,15
Saint Kitts and Nevis,13-06-2020,15,0,15
Saint Kitts and Nevis,14-06-2020,15,0,15
Saint Kitts and Nevis,15-06-2020,15,0,15
Saint Kitts and Nevis,16-06-2020,15,0,15
Saint Kitts and Nevis,17-06-2020,15,0,15
Saint Kitts and Nevis,18-06-2020,15,0,15
Saint Kitts and Nevis,19-06-2020,15,0,15
Saint Kitts and Nevis,20-06-2020,15,0,15
Saint Kitts and Nevis,21-06-2020,15,0,15
Saint Kitts and Nevis,22-06-2020,15,0,15
Saint Kitts and Nevis,23-06-2020,15,0,15
Saint Kitts and Nevis,24-06-2020,15,0,15
Saint Kitts and Nevis,25-06-2020,15,0,15
Saint Kitts and Nevis,26-06-2020,15,0,15
Saint Kitts and Nevis,27-06-2020,15,0,15
Saint Kitts and Nevis,28-06-2020,15,0,15
Saint Kitts and Nevis,29-06-2020,15,0,15
Saint Kitts and Nevis,30-06-2020,15,0,15
Saint Kitts and Nevis,01-07-2020,15,0,15
Saint Kitts and Nevis,02-07-2020,15,0,15
Saint Kitts and Nevis,03-07-2020,15,0,15
Saint Kitts and Nevis,04-07-2020,16,0,15
Saint Kitts and Nevis,05-07-2020,16,0,15
Saint Kitts and Nevis,06-07-2020,16,0,15
Saint Kitts and Nevis,07-07-2020,16,0,15
Saint Kitts and Nevis,08-07-2020,16,0,15
Saint Kitts and Nevis,09-07-2020,16,0,15
Saint Kitts and Nevis,10-07-2020,17,0,15
Saint Kitts and Nevis,11-07-2020,17,0,15
Saint Kitts and Nevis,12-07-2020,17,0,15
Saint Kitts and Nevis,13-07-2020,17,0,15
Saint Kitts and Nevis,14-07-2020,17,0,15
Saint Kitts and Nevis,15-07-2020,17,0,15
Saint Kitts and Nevis,16-07-2020,17,0,15
Saint Kitts and Nevis,17-07-2020,17,0,15
Saint Kitts and Nevis,18-07-2020,17,0,15
Saint Kitts and Nevis,19-07-2020,17,0,15
Saint Kitts and Nevis,20-07-2020,17,0,15
Saint Kitts and Nevis,21-07-2020,17,0,15
Saint Kitts and Nevis,22-07-2020,17,0,15
Saint Kitts and Nevis,23-07-2020,17,0,15
Saint Kitts and Nevis,24-07-2020,17,0,15
Saint Kitts and Nevis,25-07-2020,17,0,15
Saint Kitts and Nevis,26-07-2020,17,0,15
Saint Kitts and Nevis,27-07-2020,17,0,15
Saint Kitts and Nevis,28-07-2020,17,0,15
Saint Kitts and Nevis,29-07-2020,17,0,15
Saint Kitts and Nevis,30-07-2020,17,0,15
Saint Kitts and Nevis,31-07-2020,17,0,16
Saint Kitts and Nevis,01-08-2020,17,0,16
Saint Kitts and Nevis,02-08-2020,17,0,16
Saint Kitts and Nevis,03-08-2020,17,0,16
