country,date,confirmed,deaths,recovered
Saint Vincent and the Grenadines,22-01-2020,0,0,0
Saint Vincent and the Grenadines,23-01-2020,0,0,0
Saint Vincent and the Grenadines,24-01-2020,0,0,0
Saint Vincent and the Grenadines,25-01-2020,0,0,0
Saint Vincent and the Grenadines,26-01-2020,0,0,0
Saint Vincent and the Grenadines,27-01-2020,0,0,0
Saint Vincent and the Grenadines,28-01-2020,0,0,0
Saint Vincent and the Grenadines,29-01-2020,0,0,0
Saint Vincent and the Grenadines,30-01-2020,0,0,0
Saint Vincent and the Grenadines,31-01-2020,0,0,0
Saint Vincent and the Grenadines,01-02-2020,0,0,0
Saint Vincent and the Grenadines,02-02-2020,0,0,0
Saint Vincent and the Grenadines,03-02-2020,0,0,0
Saint Vincent and the Grenadines,04-02-2020,0,0,0
Saint Vincent and the Grenadines,05-02-2020,0,0,0
Saint Vincent and the Grenadines,06-02-2020,0,0,0
Saint Vincent and the Grenadines,07-02-2020,0,0,0
Saint Vincent and the Grenadines,08-02-2020,0,0,0
Saint Vincent and the Grenadines,09-02-2020,0,0,0
Saint Vincent and the Grenadines,10-02-2020,0,0,0
Saint Vincent and the Grenadines,11-02-2020,0,0,0
Saint Vincent and the Grenadines,12-02-2020,0,0,0
Saint Vincent and the Grenadines,13-02-2020,0,0,0
Saint Vincent and the Grenadines,14-02-2020,0,0,0
Saint Vincent and the Grenadines,15-02-2020,0,0,0
Saint Vincent and the Grenadines,16-02-2020,0,0,0
Saint Vincent and the Grenadines,17-02-2020,0,0,0
Saint Vincent and the Grenadines,18-02-2020,0,0,0
Saint Vincent and the Grenadines,19-02-2020,0,0,0
Saint Vincent and the Grenadines,20-02-2020,0,0,0
Saint Vincent and the Grenadines,21-02-2020,0,0,0
Saint Vincent and the Grenadines,22-02-2020,0,0,0
Saint Vincent and the Grenadines,23-02-2020,0,0,0
Saint Vincent and the Grenadines,24-02-2020,0,0,0
Saint Vincent and the Grenadines,25-02-2020,0,0,0
Saint Vincent and the Grenadines,26-02-2020,0,0,0
Saint Vincent and the Grenadines,27-02-2020,0,0,0
Saint Vincent and the Grenadines,28-02-2020,0,0,0
Saint Vincent and the Grenadines,29-02-2020,0,0,0
Saint Vincent and the Grenadines,01-03-2020,0,0,0
Saint Vincent and the Grenadines,02-03-2020,0,0,0
Saint Vincent and the Grenadines,03-03-2020,0,0,0
Saint Vincent and the Grenadines,04-03-2020,0,0,0
Saint Vincent and the Grenadines,05-03-2020,0,0,0
Saint Vincent and the Grenadines,06-03-2020,0,0,0
Saint Vincent and the Grenadines,07-03-2020,0,0,0
Saint Vincent and the Grenadines,08-03-2020,0,0,0
Saint Vincent and the Grenadines,09-03-2020,0,0,0
Saint Vincent and the Grenadines,10-03-2020,0,0,0
Saint Vincent and the Grenadines,11-03-2020,0,0,0
Saint Vincent and the Grenadines,12-03-2020,0,0,0
Saint Vincent and the Grenadines,13-03-2020,0,0,0
Saint Vincent and the Grenadines,14-03-2020,1,0,0
Saint Vincent and the Grenadines,15-03-2020,1,0,0
Saint Vincent and the Grenadines,16-03-2020,1,0,0
Saint Vincent and the Grenadines,17-03-2020,1,0,0
Saint Vincent and the Grenadines,18-03-2020,1,0,0
Saint Vincent and the Grenadines,19-03-2020,1,0,0
Saint Vincent and the Grenadines,20-03-2020,1,0,0
Saint Vincent and the Grenadines,21-03-2020,1,0,0
Saint Vincent and the Grenadines,22-03-2020,1,0,0
Saint Vincent and the Grenadines,23-03-2020,1,0,0
Saint Vincent and the Grenadines,24-03-2020,1,0,0
Saint Vincent and the Grenadines,25-03-2020,1,0,0
Saint Vincent and the Grenadines,26-03-2020,1,0,0
Saint Vincent and the Grenadines,27-03-2020,1,0,0
Saint Vincent and the Grenadines,28-03-2020,1,0,1
Saint Vincent and the Grenadines,29-03-2020,1,0,1
Saint Vincent and the Grenadines,30-03-2020,1,0,1
Saint Vincent and the Grenadines,31-03-2020,1,0,1
Saint Vincent and the Grenadines,01-04-2020,1,0,1
Saint Vincent and the Grenadines,02-04-2020,2,0,1
Saint Vincent and the Grenadines,03-04-2020,3,0,1
Saint Vincent and the Grenadines,04-04-2020,7,0,1
Saint Vincent and the Grenadines,05-04-2020,7,0,1
Saint Vincent and the Grenadines,06-04-2020,7,0,1
Saint Vincent and the Grenadines,07-04-2020,8,0,1
Saint Vincent and the Grenadines,08-04-2020,8,0,1
Saint Vincent and the Grenadines,09-04-2020,12,0,1
Saint Vincent and the Grenadines,10-04-2020,12,0,1
Saint Vincent and the Grenadines,11-04-2020,12,0,1
Saint Vincent and the Grenadines,12-04-2020,12,0,1
Saint Vincent and the Grenadines,13-04-2020,12,0,1
Saint Vincent and the Grenadines,14-04-2020,12,0,1
Saint Vincent and the Grenadines,15-04-2020,12,0,1
Saint Vincent and the Grenadines,16-04-2020,12,0,1
Saint Vincent and the Grenadines,17-04-2020,12,0,1
Saint Vincent and the Grenadines,18-04-2020,12,0,1
Saint Vincent and the Grenadines,19-04-2020,12,0,1
Saint Vincent and the Grenadines,20-04-2020,12,0,1
Saint Vincent and the Grenadines,21-04-2020,12,0,2
Saint Vincent and the Grenadines,22-04-2020,13,0,3
Saint Vincent and the Grenadines,23-04-2020,13,0,3
Saint Vincent and the Grenadines,24-04-2020,14,0,5
Saint Vincent and the Grenadines,25-04-2020,14,0,5
Saint Vincent and the Grenadines,26-04-2020,14,0,5
Saint Vincent and the Grenadines,27-04-2020,15,0,8
Saint Vincent and the Grenadines,28-04-2020,15,0,8
Saint Vincent and the Grenadines,29-04-2020,16,0,8
Saint Vincent and the Grenadines,30-04-2020,16,0,8
Saint Vincent and the Grenadines,01-05-2020,16,0,8
Saint Vincent and the Grenadines,02-05-2020,16,0,8
Saint Vincent and the Grenadines,03-05-2020,16,0,8
Saint Vincent and the Grenadines,04-05-2020,17,0,9
Saint Vincent and the Grenadines,05-05-2020,17,0,9
Saint Vincent and the Grenadines,06-05-2020,17,0,9
Saint Vincent and the Grenadines,07-05-2020,17,0,9
Saint Vincent and the Grenadines,08-05-2020,17,0,9
Saint Vincent and the Grenadines,09-05-2020,17,0,9
Saint Vincent and the Grenadines,10-05-2020,17,0,9
Saint Vincent and the Grenadines,11-05-2020,17,0,9
Saint Vincent and the Grenadines,12-05-2020,17,0,12
Saint Vincent and the Grenadines,13-05-2020,17,0,12
Saint Vincent and the Grenadines,14-05-2020,17,0,12
Saint Vincent and the Grenadines,15-05-2020,17,0,14
Saint Vincent and the Grenadines,16-05-2020,17,0,14
Saint Vincent and the Grenadines,17-05-2020,17,0,14
Saint Vincent and the Grenadines,18-05-2020,17,0,14
Saint Vincent and the Grenadines,19-05-2020,17,0,14
Saint Vincent and the Grenadines,20-05-2020,18,0,14
Saint Vincent and the Grenadines,21-05-2020,18,0,14
Saint Vincent and the Grenadines,22-05-2020,18,0,14
Saint Vincent and the Grenadines,23-05-2020,18,0,14
Saint Vincent and the Grenadines,24-05-2020,18,0,14
Saint Vincent and the Grenadines,25-05-2020,18,0,14
Saint Vincent and the Grenadines,26-05-2020,18,0,14
Saint Vincent and the Grenadines,27-05-2020,18,0,14
Saint Vincent and the Grenadines,28-05-2020,25,0,14
Saint Vincent and the Grenadines,29-05-2020,26,0,14
Saint Vincent and the Grenadines,30-05-2020,26,0,15
Saint Vincent and the Grenadines,31-05-2020,26,0,15
Saint Vincent and the Grenadines,01-06-2020,26,0,15
Saint Vincent and the Grenadines,02-06-2020,26,0,15
Saint Vincent and the Grenadines,03-06-2020,26,0,15
Saint Vincent and the Grenadines,04-06-2020,26,0,15
Saint Vincent and the Grenadines,05-06-2020,26,0,15
Saint Vincent and the Grenadines,06-06-2020,26,0,15
Saint Vincent and the Grenadines,07-06-2020,27,0,16
Saint Vincent and the Grenadines,08-06-2020,27,0,16
Saint Vincent and the Grenadines,09-06-2020,27,0,25
Saint Vincent and the Grenadines,10-06-2020,27,0,25
Saint Vincent and the Grenadines,11-06-2020,27,0,25
Saint Vincent and the Grenadines,12-06-2020,27,0,25
Saint Vincent and the Grenadines,13-06-2020,27,0,25
Saint Vincent and the Grenadines,14-06-2020,27,0,25
Saint Vincent and the Grenadines,15-06-2020,27,0,25
Saint Vincent and the Grenadines,16-06-2020,29,0,25
Saint Vincent and the Grenadines,17-06-2020,29,0,25
Saint Vincent and the Grenadines,18-06-2020,29,0,26
Saint Vincent and the Grenadines,19-06-2020,29,0,26
Saint Vincent and the Grenadines,20-06-2020,29,0,26
Saint Vincent and the Grenadines,21-06-2020,29,0,26
Saint Vincent and the Grenadines,22-06-2020,29,0,26
Saint Vincent and the Grenadines,23-06-2020,29,0,27
Saint Vincent and the Grenadines,24-06-2020,29,0,27
Saint Vincent and the Grenadines,25-06-2020,29,0,29
Saint Vincent and the Grenadines,26-06-2020,29,0,29
Saint Vincent and the Grenadines,27-06-2020,29,0,29
Saint Vincent and the Grenadines,28-06-2020,29,0,29
Saint Vincent and the Grenadines,29-06-2020,29,0,29
Saint Vincent and the Grenadines,30-06-2020,29,0,29
Saint Vincent and the Grenadines,01-07-2020,29,0,29
Saint Vincent and the Grenadines,02-07-2020,29,0,29
Saint Vincent and the Grenadines,03-07-2020,29,0,29
Saint Vincent and the Grenadines,04-07-2020,29,0,29
Saint Vincent and the Grenadines,05-07-2020,29,0,29
Saint Vincent and the Grenadines,06-07-2020,29,0,29
Saint Vincent and the Grenadines,07-07-2020,29,0,29
Saint Vincent and the Grenadines,08-07-2020,29,0,29
Saint Vincent and the Grenadines,09-07-2020,29,0,29
Saint Vincent and the Grenadines,10-07-2020,29,0,29
Saint Vincent and the Grenadines,11-07-2020,29,0,29
Saint Vincent and the Grenadines,12-07-2020,35,0,29
Saint Vincent and the Grenadines,13-07-2020,35,0,29
Saint Vincent and the Grenadines,14-07-2020,35,0,29
Saint Vincent and the Grenadines,15-07-2020,35,0,29
Saint Vincent and the Grenadines,16-07-2020,35,0,29
Saint Vincent and the Grenadines,17-07-2020,35,0,29
Saint Vincent and the Grenadines,18-07-2020,38,0,29
Saint Vincent and the Grenadines,19-07-2020,44,0,29
Saint Vincent and the Grenadines,20-07-2020,50,0,29
Saint Vincent and the Grenadines,21-07-2020,50,0,29
Saint Vincent and the Grenadines,22-07-2020,52,0,37
Saint Vincent and the Grenadines,23-07-2020,52,0,37
Saint Vincent and the Grenadines,24-07-2020,52,0,39
Saint Vincent and the Grenadines,25-07-2020,52,0,39
Saint Vincent and the Grenadines,26-07-2020,52,0,39
Saint Vincent and the Grenadines,27-07-2020,52,0,39
Saint Vincent and the Grenadines,28-07-2020,52,0,39
Saint Vincent and the Grenadines,29-07-2020,52,0,39
Saint Vincent and the Grenadines,30-07-2020,52,0,39
Saint Vincent and the Grenadines,31-07-2020,54,0,44
Saint Vincent and the Grenadines,01-08-2020,54,0,44
Saint Vincent and the Grenadines,02-08-2020,55,0,45
Saint Vincent and the Grenadines,03-08-2020,55,0,45
