country,date,confirmed,deaths,recovered
Saint Lucia,22-01-2020,0,0,0
Saint Lucia,23-01-2020,0,0,0
Saint Lucia,24-01-2020,0,0,0
Saint Lucia,25-01-2020,0,0,0
Saint Lucia,26-01-2020,0,0,0
Saint Lucia,27-01-2020,0,0,0
Saint Lucia,28-01-2020,0,0,0
Saint Lucia,29-01-2020,0,0,0
Saint Lucia,30-01-2020,0,0,0
Saint Lucia,31-01-2020,0,0,0
Saint Lucia,01-02-2020,0,0,0
Saint Lucia,02-02-2020,0,0,0
Saint Lucia,03-02-2020,0,0,0
Saint Lucia,04-02-2020,0,0,0
Saint Lucia,05-02-2020,0,0,0
Saint Lucia,06-02-2020,0,0,0
Saint Lucia,07-02-2020,0,0,0
Saint Lucia,08-02-2020,0,0,0
Saint Lucia,09-02-2020,0,0,0
Saint Lucia,10-02-2020,0,0,0
Saint Lucia,11-02-2020,0,0,0
Saint Lucia,12-02-2020,0,0,0
Saint Lucia,13-02-2020,0,0,0
Saint Lucia,14-02-2020,0,0,0
Saint Lucia,15-02-2020,0,0,0
Saint Lucia,16-02-2020,0,0,0
Saint Lucia,17-02-2020,0,0,0
Saint Lucia,18-02-2020,0,0,0
Saint Lucia,19-02-2020,0,0,0
Saint Lucia,20-02-2020,0,0,0
Saint Lucia,21-02-2020,0,0,0
Saint Lucia,22-02-2020,0,0,0
Saint Lucia,23-02-2020,0,0,0
Saint Lucia,24-02-2020,0,0,0
Saint Lucia,25-02-2020,0,0,0
Saint Lucia,26-02-2020,0,0,0
Saint Lucia,27-02-2020,0,0,0
Saint Lucia,28-02-2020,0,0,0
Saint Lucia,29-02-2020,0,0,0
Saint Lucia,01-03-2020,0,0,0
Saint Lucia,02-03-2020,0,0,0
Saint Lucia,03-03-2020,0,0,0
Saint Lucia,04-03-2020,0,0,0
Saint Lucia,05-03-2020,0,0,0
Saint Lucia,06-03-2020,0,0,0
Saint Lucia,07-03-2020,0,0,0
Saint Lucia,08-03-2020,0,0,0
Saint Lucia,09-03-2020,0,0,0
Saint Lucia,10-03-2020,0,0,0
Saint Lucia,11-03-2020,0,0,0
Saint Lucia,12-03-2020,0,0,0
Saint Lucia,13-03-2020,0,0,0
Saint Lucia,14-03-2020,1,0,0
Saint Lucia,15-03-2020,2,0,0
Saint Lucia,16-03-2020,2,0,0
Saint Lucia,17-03-2020,2,0,0
Saint Lucia,18-03-2020,2,0,0
Saint Lucia,19-03-2020,2,0,0
Saint Lucia,20-03-2020,2,0,0
Saint Lucia,21-03-2020,2,0,0
Saint Lucia,22-03-2020,2,0,0
Saint Lucia,23-03-2020,3,0,0
Saint Lucia,24-03-2020,3,0,0
Saint Lucia,25-03-2020,3,0,0
Saint Lucia,26-03-2020,3,0,0
Saint Lucia,27-03-2020,3,0,1
Saint Lucia,28-03-2020,3,0,1
Saint Lucia,29-03-2020,9,0,1
Saint Lucia,30-03-2020,9,0,1
Saint Lucia,31-03-2020,13,0,1
Saint Lucia,01-04-2020,13,0,1
Saint Lucia,02-04-2020,13,0,1
Saint Lucia,03-04-2020,13,0,1
Saint Lucia,04-04-2020,14,0,1
Saint Lucia,05-04-2020,14,0,1
Saint Lucia,06-04-2020,14,0,1
Saint Lucia,07-04-2020,14,0,1
Saint Lucia,08-04-2020,14,0,1
Saint Lucia,09-04-2020,14,0,1
Saint Lucia,10-04-2020,15,0,1
Saint Lucia,11-04-2020,15,0,1
Saint Lucia,12-04-2020,15,0,4
Saint Lucia,13-04-2020,15,0,4
Saint Lucia,14-04-2020,15,0,11
Saint Lucia,15-04-2020,15,0,11
Saint Lucia,16-04-2020,15,0,11
Saint Lucia,17-04-2020,15,0,11
Saint Lucia,18-04-2020,15,0,11
Saint Lucia,19-04-2020,15,0,11
Saint Lucia,20-04-2020,15,0,13
Saint Lucia,21-04-2020,15,0,13
Saint Lucia,22-04-2020,15,0,15
Saint Lucia,23-04-2020,15,0,15
Saint Lucia,24-04-2020,15,0,15
Saint Lucia,25-04-2020,15,0,15
Saint Lucia,26-04-2020,15,0,15
Saint Lucia,27-04-2020,15,0,15
Saint Lucia,28-04-2020,15,0,15
Saint Lucia,29-04-2020,17,0,15
Saint Lucia,30-04-2020,17,0,15
Saint Lucia,01-05-2020,17,0,15
Saint Lucia,02-05-2020,17,0,15
Saint Lucia,03-05-2020,18,0,15
Saint Lucia,04-05-2020,18,0,15
Saint Lucia,05-05-2020,18,0,15
Saint Lucia,06-05-2020,18,0,15
Saint Lucia,07-05-2020,18,0,17
Saint Lucia,08-05-2020,18,0,17
Saint Lucia,09-05-2020,18,0,17
Saint Lucia,10-05-2020,18,0,17
Saint Lucia,11-05-2020,18,0,17
Saint Lucia,12-05-2020,18,0,17
Saint Lucia,13-05-2020,18,0,18
Saint Lucia,14-05-2020,18,0,18
Saint Lucia,15-05-2020,18,0,18
Saint Lucia,16-05-2020,18,0,18
Saint Lucia,17-05-2020,18,0,18
Saint Lucia,18-05-2020,18,0,18
Saint Lucia,19-05-2020,18,0,18
Saint Lucia,20-05-2020,18,0,18
Saint Lucia,21-05-2020,18,0,18
Saint Lucia,22-05-2020,18,0,18
Saint Lucia,23-05-2020,18,0,18
Saint Lucia,24-05-2020,18,0,18
Saint Lucia,25-05-2020,18,0,18
Saint Lucia,26-05-2020,18,0,18
Saint Lucia,27-05-2020,18,0,18
Saint Lucia,28-05-2020,18,0,18
Saint Lucia,29-05-2020,18,0,18
Saint Lucia,30-05-2020,18,0,18
Saint Lucia,31-05-2020,18,0,18
Saint Lucia,01-06-2020,18,0,18
Saint Lucia,02-06-2020,18,0,18
Saint Lucia,03-06-2020,18,0,18
Saint Lucia,04-06-2020,19,0,18
Saint Lucia,05-06-2020,19,0,18
Saint Lucia,06-06-2020,19,0,18
Saint Lucia,07-06-2020,19,0,18
Saint Lucia,08-06-2020,19,0,18
Saint Lucia,09-06-2020,19,0,18
Saint Lucia,10-06-2020,19,0,18
Saint Lucia,11-06-2020,19,0,18
Saint Lucia,12-06-2020,19,0,18
Saint Lucia,13-06-2020,19,0,18
Saint Lucia,14-06-2020,19,0,18
Saint Lucia,15-06-2020,19,0,18
Saint Lucia,16-06-2020,19,0,18
Saint Lucia,17-06-2020,19,0,18
Saint Lucia,18-06-2020,19,0,18
Saint Lucia,19-06-2020,19,0,18
Saint Lucia,20-06-2020,19,0,18
Saint Lucia,21-06-2020,19,0,18
Saint Lucia,22-06-2020,19,0,18
Saint Lucia,23-06-2020,19,0,18
Saint Lucia,24-06-2020,19,0,19
Saint Lucia,25-06-2020,19,0,19
Saint Lucia,26-06-2020,19,0,19
Saint Lucia,27-06-2020,19,0,19
Saint Lucia,28-06-2020,19,0,19
Saint Lucia,29-06-2020,19,0,19
Saint Lucia,30-06-2020,19,0,19
Saint Lucia,01-07-2020,19,0,19
Saint Lucia,02-07-2020,19,0,19
Saint Lucia,03-07-2020,22,0,19
Saint Lucia,04-07-2020,22,0,19
Saint Lucia,05-07-2020,22,0,19
Saint Lucia,06-07-2020,22,0,19
Saint Lucia,07-07-2020,22,0,19
Saint Lucia,08-07-2020,22,0,19
Saint Lucia,09-07-2020,22,0,19
Saint Lucia,10-07-2020,22,0,19
Saint Lucia,11-07-2020,22,0,19
Saint Lucia,12-07-2020,22,0,19
Saint Lucia,13-07-2020,22,0,19
Saint Lucia,14-07-2020,22,0,19
Saint Lucia,15-07-2020,22,0,19
Saint Lucia,16-07-2020,23,0,19
Saint Lucia,17-07-2020,23,0,19
Saint Lucia,18-07-2020,23,0,19
Saint Lucia,19-07-2020,23,0,19
Saint Lucia,20-07-2020,23,0,19
Saint Lucia,21-07-2020,23,0,19
Saint Lucia,22-07-2020,23,0,19
Saint Lucia,23-07-2020,24,0,22
Saint Lucia,24-07-2020,24,0,22
Saint Lucia,25-07-2020,24,0,22
Saint Lucia,26-07-2020,24,0,22
Saint Lucia,27-07-2020,24,0,22
Saint Lucia,28-07-2020,24,0,22
Saint Lucia,29-07-2020,24,0,22
Saint Lucia,30-07-2020,25,0,22
Saint Lucia,31-07-2020,25,0,22
Saint Lucia,01-08-2020,25,0,22
Saint Lucia,02-08-2020,25,0,22
Saint Lucia,03-08-2020,25,0,22
