country,date,confirmed,deaths,recovered
Sao Tome and Principe,22-01-2020,0,0,0
Sao Tome and Principe,23-01-2020,0,0,0
Sao Tome and Principe,24-01-2020,0,0,0
Sao Tome and Principe,25-01-2020,0,0,0
Sao Tome and Principe,26-01-2020,0,0,0
Sao Tome and Principe,27-01-2020,0,0,0
Sao Tome and Principe,28-01-2020,0,0,0
Sao Tome and Principe,29-01-2020,0,0,0
Sao Tome and Principe,30-01-2020,0,0,0
Sao Tome and Principe,31-01-2020,0,0,0
Sao Tome and Principe,01-02-2020,0,0,0
Sao Tome and Principe,02-02-2020,0,0,0
Sao Tome and Principe,03-02-2020,0,0,0
Sao Tome and Principe,04-02-2020,0,0,0
Sao Tome and Principe,05-02-2020,0,0,0
Sao Tome and Principe,06-02-2020,0,0,0
Sao Tome and Principe,07-02-2020,0,0,0
Sao Tome and Principe,08-02-2020,0,0,0
Sao Tome and Principe,09-02-2020,0,0,0
Sao Tome and Principe,10-02-2020,0,0,0
Sao Tome and Principe,11-02-2020,0,0,0
Sao Tome and Principe,12-02-2020,0,0,0
Sao Tome and Principe,13-02-2020,0,0,0
Sao Tome and Principe,14-02-2020,0,0,0
Sao Tome and Principe,15-02-2020,0,0,0
Sao Tome and Principe,16-02-2020,0,0,0
Sao Tome and Principe,17-02-2020,0,0,0
Sao Tome and Principe,18-02-2020,0,0,0
Sao Tome and Principe,19-02-2020,0,0,0
Sao Tome and Principe,20-02-2020,0,0,0
Sao Tome and Principe,21-02-2020,0,0,0
Sao Tome and Principe,22-02-2020,0,0,0
Sao Tome and Principe,23-02-2020,0,0,0
Sao Tome and Principe,24-02-2020,0,0,0
Sao Tome and Principe,25-02-2020,0,0,0
Sao Tome and Principe,26-02-2020,0,0,0
Sao Tome and Principe,27-02-2020,0,0,0
Sao Tome and Principe,28-02-2020,0,0,0
Sao Tome and Principe,29-02-2020,0,0,0
Sao Tome and Principe,01-03-2020,0,0,0
Sao Tome and Principe,02-03-2020,0,0,0
Sao Tome and Principe,03-03-2020,0,0,0
Sao Tome and Principe,04-03-2020,0,0,0
Sao Tome and Principe,05-03-2020,0,0,0
Sao Tome and Principe,06-03-2020,0,0,0
Sao Tome and Principe,07-03-2020,0,0,0
Sao Tome and Principe,08-03-2020,0,0,0
Sao Tome and Principe,09-03-2020,0,0,0
Sao Tome and Principe,10-03-2020,0,0,0
Sao Tome and Principe,11-03-2020,0,0,0
Sao Tome and Principe,12-03-2020,0,0,0
Sao Tome and Principe,13-03-2020,0,0,0
Sao Tome and Principe,14-03-2020,0,0,0
Sao Tome and Principe,15-03-2020,0,0,0
Sao Tome and Principe,16-03-2020,0,0,0
Sao Tome and Principe,17-03-2020,0,0,0
Sao Tome and Principe,18-03-2020,0,0,0
Sao Tome and Principe,19-03-2020,0,0,0
Sao Tome and Principe,20-03-2020,0,0,0
Sao Tome and Principe,21-03-2020,0,0,0
Sao Tome and Principe,22-03-2020,0,0,0
Sao Tome and Principe,23-03-2020,0,0,0
Sao Tome and Principe,24-03-2020,0,0,0
Sao Tome and Principe,25-03-2020,0,0,0
Sao Tome and Principe,26-03-2020,0,0,0
Sao Tome and Principe,27-03-2020,0,0,0
Sao Tome and Principe,28-03-2020,0,0,0
Sao Tome and Principe,29-03-2020,0,0,0
Sao Tome and Principe,30-03-2020,0,0,0
Sao Tome and Principe,31-03-2020,0,0,0
Sao Tome and Principe,01-04-2020,0,0,0
Sao Tome and Principe,02-04-2020,0,0,0
Sao Tome and Principe,03-04-2020,0,0,0
Sao Tome and Principe,04-04-2020,0,0,0
Sao Tome and Principe,05-04-2020,0,0,0
Sao Tome and Principe,06-04-2020,4,0,0
Sao Tome and Principe,07-04-2020,4,0,0
Sao Tome and Principe,08-04-2020,4,0,0
Sao Tome and Principe,09-04-2020,4,0,0
Sao Tome and Principe,10-04-2020,4,0,0
Sao Tome and Principe,11-04-2020,4,0,0
Sao Tome and Principe,12-04-2020,4,0,0
Sao Tome and Principe,13-04-2020,4,0,0
Sao Tome and Principe,14-04-2020,4,0,0
Sao Tome and Principe,15-04-2020,4,0,0
Sao Tome and Principe,16-04-2020,4,0,0
Sao Tome and Principe,17-04-2020,4,0,0
Sao Tome and Principe,18-04-2020,4,0,0
Sao Tome and Principe,19-04-2020,4,0,0
Sao Tome and Principe,20-04-2020,4,0,0
Sao Tome and Principe,21-04-2020,4,0,0
Sao Tome and Principe,22-04-2020,4,0,0
Sao Tome and Principe,23-04-2020,4,0,0
Sao Tome and Principe,24-04-2020,4,0,0
Sao Tome and Principe,25-04-2020,4,0,0
Sao Tome and Principe,26-04-2020,4,0,0
Sao Tome and Principe,27-04-2020,4,0,0
Sao Tome and Principe,28-04-2020,8,0,4
Sao Tome and Principe,29-04-2020,8,0,4
Sao Tome and Principe,30-04-2020,14,0,4
Sao Tome and Principe,01-05-2020,16,1,4
Sao Tome and Principe,02-05-2020,16,1,4
Sao Tome and Principe,03-05-2020,16,1,4
Sao Tome and Principe,04-05-2020,23,3,4
Sao Tome and Principe,05-05-2020,174,3,4
Sao Tome and Principe,06-05-2020,174,3,4
Sao Tome and Principe,07-05-2020,187,4,4
Sao Tome and Principe,08-05-2020,208,5,4
Sao Tome and Principe,09-05-2020,208,5,4
Sao Tome and Principe,10-05-2020,208,5,4
Sao Tome and Principe,11-05-2020,208,5,4
Sao Tome and Principe,12-05-2020,208,5,4
Sao Tome and Principe,13-05-2020,220,6,4
Sao Tome and Principe,14-05-2020,235,7,4
Sao Tome and Principe,15-05-2020,235,7,4
Sao Tome and Principe,16-05-2020,235,7,4
Sao Tome and Principe,17-05-2020,235,7,4
Sao Tome and Principe,18-05-2020,246,7,4
Sao Tome and Principe,19-05-2020,251,8,4
Sao Tome and Principe,20-05-2020,251,8,4
Sao Tome and Principe,21-05-2020,251,8,4
Sao Tome and Principe,22-05-2020,251,8,4
Sao Tome and Principe,23-05-2020,251,8,4
Sao Tome and Principe,24-05-2020,251,8,4
Sao Tome and Principe,25-05-2020,299,11,4
Sao Tome and Principe,26-05-2020,441,12,68
Sao Tome and Principe,27-05-2020,443,12,68
Sao Tome and Principe,28-05-2020,458,12,68
Sao Tome and Principe,29-05-2020,463,12,68
Sao Tome and Principe,30-05-2020,479,12,68
Sao Tome and Principe,31-05-2020,483,12,68
Sao Tome and Principe,01-06-2020,484,12,68
Sao Tome and Principe,02-06-2020,484,12,68
Sao Tome and Principe,03-06-2020,484,12,68
Sao Tome and Principe,04-06-2020,485,12,68
Sao Tome and Principe,05-06-2020,499,12,68
Sao Tome and Principe,06-06-2020,499,12,68
Sao Tome and Principe,07-06-2020,513,12,68
Sao Tome and Principe,08-06-2020,513,12,68
Sao Tome and Principe,09-06-2020,514,12,76
Sao Tome and Principe,10-06-2020,611,12,135
Sao Tome and Principe,11-06-2020,632,12,146
Sao Tome and Principe,12-06-2020,639,12,156
Sao Tome and Principe,13-06-2020,659,12,176
Sao Tome and Principe,14-06-2020,661,12,177
Sao Tome and Principe,15-06-2020,662,12,177
Sao Tome and Principe,16-06-2020,671,12,182
Sao Tome and Principe,17-06-2020,683,12,188
Sao Tome and Principe,18-06-2020,688,12,191
Sao Tome and Principe,19-06-2020,693,12,199
Sao Tome and Principe,20-06-2020,698,12,203
Sao Tome and Principe,21-06-2020,698,12,203
Sao Tome and Principe,22-06-2020,702,12,203
Sao Tome and Principe,23-06-2020,707,12,208
Sao Tome and Principe,24-06-2020,710,13,211
Sao Tome and Principe,25-06-2020,711,13,214
Sao Tome and Principe,26-06-2020,712,13,219
Sao Tome and Principe,27-06-2020,713,13,219
Sao Tome and Principe,28-06-2020,713,13,219
Sao Tome and Principe,29-06-2020,713,13,235
Sao Tome and Principe,30-06-2020,714,13,236
Sao Tome and Principe,01-07-2020,715,13,252
Sao Tome and Principe,02-07-2020,717,13,260
Sao Tome and Principe,03-07-2020,719,13,267
Sao Tome and Principe,04-07-2020,719,13,267
Sao Tome and Principe,05-07-2020,720,13,268
Sao Tome and Principe,06-07-2020,721,13,269
Sao Tome and Principe,07-07-2020,724,13,279
Sao Tome and Principe,08-07-2020,724,13,283
Sao Tome and Principe,09-07-2020,726,14,283
Sao Tome and Principe,10-07-2020,727,14,284
Sao Tome and Principe,11-07-2020,727,14,284
Sao Tome and Principe,12-07-2020,729,14,286
Sao Tome and Principe,13-07-2020,732,14,286
Sao Tome and Principe,14-07-2020,732,14,286
Sao Tome and Principe,15-07-2020,737,14,322
Sao Tome and Principe,16-07-2020,740,14,325
Sao Tome and Principe,17-07-2020,741,14,325
Sao Tome and Principe,18-07-2020,743,14,337
Sao Tome and Principe,19-07-2020,746,14,451
Sao Tome and Principe,20-07-2020,746,14,536
Sao Tome and Principe,21-07-2020,746,14,588
Sao Tome and Principe,22-07-2020,747,14,601
Sao Tome and Principe,23-07-2020,749,14,604
Sao Tome and Principe,24-07-2020,860,14,610
Sao Tome and Principe,25-07-2020,862,14,662
Sao Tome and Principe,26-07-2020,863,14,696
Sao Tome and Principe,27-07-2020,865,14,734
Sao Tome and Principe,28-07-2020,867,14,759
Sao Tome and Principe,29-07-2020,868,15,766
Sao Tome and Principe,30-07-2020,870,15,771
Sao Tome and Principe,31-07-2020,871,15,778
Sao Tome and Principe,01-08-2020,874,15,782
Sao Tome and Principe,02-08-2020,874,15,787
Sao Tome and Principe,03-08-2020,874,15,787
