country,date,confirmed,deaths,recovered
Saudi Arabia,22-01-2020,0,0,0
Saudi Arabia,23-01-2020,0,0,0
Saudi Arabia,24-01-2020,0,0,0
Saudi Arabia,25-01-2020,0,0,0
Saudi Arabia,26-01-2020,0,0,0
Saudi Arabia,27-01-2020,0,0,0
Saudi Arabia,28-01-2020,0,0,0
Saudi Arabia,29-01-2020,0,0,0
Saudi Arabia,30-01-2020,0,0,0
Saudi Arabia,31-01-2020,0,0,0
Saudi Arabia,01-02-2020,0,0,0
Saudi Arabia,02-02-2020,0,0,0
Saudi Arabia,03-02-2020,0,0,0
Saudi Arabia,04-02-2020,0,0,0
Saudi Arabia,05-02-2020,0,0,0
Saudi Arabia,06-02-2020,0,0,0
Saudi Arabia,07-02-2020,0,0,0
Saudi Arabia,08-02-2020,0,0,0
Saudi Arabia,09-02-2020,0,0,0
Saudi Arabia,10-02-2020,0,0,0
Saudi Arabia,11-02-2020,0,0,0
Saudi Arabia,12-02-2020,0,0,0
Saudi Arabia,13-02-2020,0,0,0
Saudi Arabia,14-02-2020,0,0,0
Saudi Arabia,15-02-2020,0,0,0
Saudi Arabia,16-02-2020,0,0,0
Saudi Arabia,17-02-2020,0,0,0
Saudi Arabia,18-02-2020,0,0,0
Saudi Arabia,19-02-2020,0,0,0
Saudi Arabia,20-02-2020,0,0,0
Saudi Arabia,21-02-2020,0,0,0
Saudi Arabia,22-02-2020,0,0,0
Saudi Arabia,23-02-2020,0,0,0
Saudi Arabia,24-02-2020,0,0,0
Saudi Arabia,25-02-2020,0,0,0
Saudi Arabia,26-02-2020,0,0,0
Saudi Arabia,27-02-2020,0,0,0
Saudi Arabia,28-02-2020,0,0,0
Saudi Arabia,29-02-2020,0,0,0
Saudi Arabia,01-03-2020,0,0,0
Saudi Arabia,02-03-2020,1,0,0
Saudi Arabia,03-03-2020,1,0,0
Saudi Arabia,04-03-2020,1,0,0
Saudi Arabia,05-03-2020,5,0,0
Saudi Arabia,06-03-2020,5,0,0
Saudi Arabia,07-03-2020,5,0,0
Saudi Arabia,08-03-2020,11,0,0
Saudi Arabia,09-03-2020,15,0,0
Saudi Arabia,10-03-2020,20,0,1
Saudi Arabia,11-03-2020,21,0,1
Saudi Arabia,12-03-2020,45,0,1
Saudi Arabia,13-03-2020,86,0,1
Saudi Arabia,14-03-2020,103,0,1
Saudi Arabia,15-03-2020,103,0,1
Saudi Arabia,16-03-2020,118,0,2
Saudi Arabia,17-03-2020,171,0,6
Saudi Arabia,18-03-2020,171,0,6
Saudi Arabia,19-03-2020,274,0,6
Saudi Arabia,20-03-2020,344,0,8
Saudi Arabia,21-03-2020,392,0,16
Saudi Arabia,22-03-2020,511,0,16
Saudi Arabia,23-03-2020,562,0,16
Saudi Arabia,24-03-2020,767,1,28
Saudi Arabia,25-03-2020,900,2,29
Saudi Arabia,26-03-2020,1012,3,33
Saudi Arabia,27-03-2020,1104,3,35
Saudi Arabia,28-03-2020,1203,4,37
Saudi Arabia,29-03-2020,1299,8,66
Saudi Arabia,30-03-2020,1453,8,115
Saudi Arabia,31-03-2020,1563,10,165
Saudi Arabia,01-04-2020,1720,16,264
Saudi Arabia,02-04-2020,1885,21,328
Saudi Arabia,03-04-2020,2039,25,351
Saudi Arabia,04-04-2020,2179,29,420
Saudi Arabia,05-04-2020,2402,34,488
Saudi Arabia,06-04-2020,2605,38,551
Saudi Arabia,07-04-2020,2795,41,615
Saudi Arabia,08-04-2020,2932,41,631
Saudi Arabia,09-04-2020,3287,44,666
Saudi Arabia,10-04-2020,3651,47,685
Saudi Arabia,11-04-2020,4033,52,720
Saudi Arabia,12-04-2020,4462,59,761
Saudi Arabia,13-04-2020,4934,65,805
Saudi Arabia,14-04-2020,5369,73,889
Saudi Arabia,15-04-2020,5862,79,931
Saudi Arabia,16-04-2020,6380,83,990
Saudi Arabia,17-04-2020,7142,87,1049
Saudi Arabia,18-04-2020,8274,92,1329
Saudi Arabia,19-04-2020,9362,97,1398
Saudi Arabia,20-04-2020,10484,103,1490
Saudi Arabia,21-04-2020,11631,109,1640
Saudi Arabia,22-04-2020,12772,114,1812
Saudi Arabia,23-04-2020,13930,121,1925
Saudi Arabia,24-04-2020,15102,127,2049
Saudi Arabia,25-04-2020,16299,136,2215
Saudi Arabia,26-04-2020,17522,139,2357
Saudi Arabia,27-04-2020,18811,144,2531
Saudi Arabia,28-04-2020,20077,152,2784
Saudi Arabia,29-04-2020,21402,157,2953
Saudi Arabia,30-04-2020,22753,162,3163
Saudi Arabia,01-05-2020,24097,169,3555
Saudi Arabia,02-05-2020,25459,176,3765
Saudi Arabia,03-05-2020,27011,184,4134
Saudi Arabia,04-05-2020,28656,191,4476
Saudi Arabia,05-05-2020,30251,200,5431
Saudi Arabia,06-05-2020,31938,209,6783
Saudi Arabia,07-05-2020,33731,219,7798
Saudi Arabia,08-05-2020,35432,229,9120
Saudi Arabia,09-05-2020,37136,239,10144
Saudi Arabia,10-05-2020,39048,246,11457
Saudi Arabia,11-05-2020,41014,255,12737
Saudi Arabia,12-05-2020,42925,264,15257
Saudi Arabia,13-05-2020,44830,273,17622
Saudi Arabia,14-05-2020,46869,283,19051
Saudi Arabia,15-05-2020,49176,292,21869
Saudi Arabia,16-05-2020,52016,302,23666
Saudi Arabia,17-05-2020,54752,312,25722
Saudi Arabia,18-05-2020,57345,320,28748
Saudi Arabia,19-05-2020,59854,329,31634
Saudi Arabia,20-05-2020,62545,339,33478
Saudi Arabia,21-05-2020,65077,351,36040
Saudi Arabia,22-05-2020,67719,364,39003
Saudi Arabia,23-05-2020,70161,379,41236
Saudi Arabia,24-05-2020,72560,390,43520
Saudi Arabia,25-05-2020,74795,399,45668
Saudi Arabia,26-05-2020,76726,411,48450
Saudi Arabia,27-05-2020,78541,425,51022
Saudi Arabia,28-05-2020,80185,441,54553
Saudi Arabia,29-05-2020,81766,458,57013
Saudi Arabia,30-05-2020,83384,480,58883
Saudi Arabia,31-05-2020,85261,503,62442
Saudi Arabia,01-06-2020,87142,525,64306
Saudi Arabia,02-06-2020,89011,549,65790
Saudi Arabia,03-06-2020,91182,579,68159
Saudi Arabia,04-06-2020,93157,611,68965
Saudi Arabia,05-06-2020,95748,642,70616
Saudi Arabia,06-06-2020,98869,676,71791
Saudi Arabia,07-06-2020,101914,712,72817
Saudi Arabia,08-06-2020,105283,746,74524
Saudi Arabia,09-06-2020,108571,783,76339
Saudi Arabia,10-06-2020,112288,819,77954
Saudi Arabia,11-06-2020,116021,857,80019
Saudi Arabia,12-06-2020,119942,893,81029
Saudi Arabia,13-06-2020,123308,932,82548
Saudi Arabia,14-06-2020,127541,972,84720
Saudi Arabia,15-06-2020,132048,1011,87890
Saudi Arabia,16-06-2020,136315,1052,89540
Saudi Arabia,17-06-2020,141234,1091,91662
Saudi Arabia,18-06-2020,145991,1139,93915
Saudi Arabia,19-06-2020,150292,1184,95764
Saudi Arabia,20-06-2020,154233,1230,98917
Saudi Arabia,21-06-2020,157612,1267,101130
Saudi Arabia,22-06-2020,161005,1307,105175
Saudi Arabia,23-06-2020,164144,1346,109885
Saudi Arabia,24-06-2020,167267,1387,112797
Saudi Arabia,25-06-2020,170639,1428,117882
Saudi Arabia,26-06-2020,174577,1474,120471
Saudi Arabia,27-06-2020,178504,1511,122128
Saudi Arabia,28-06-2020,182493,1551,124755
Saudi Arabia,29-06-2020,186436,1599,127118
Saudi Arabia,30-06-2020,190823,1649,130766
Saudi Arabia,01-07-2020,194225,1698,132760
Saudi Arabia,02-07-2020,197608,1752,137669
Saudi Arabia,03-07-2020,201801,1802,140614
Saudi Arabia,04-07-2020,205929,1858,143256
Saudi Arabia,05-07-2020,209509,1916,145236
Saudi Arabia,06-07-2020,213716,1968,149634
Saudi Arabia,07-07-2020,217108,2017,154839
Saudi Arabia,08-07-2020,220144,2059,158050
Saudi Arabia,09-07-2020,223327,2100,161096
Saudi Arabia,10-07-2020,226486,2151,163026
Saudi Arabia,11-07-2020,229480,2181,165396
Saudi Arabia,12-07-2020,232259,2223,167138
Saudi Arabia,13-07-2020,235111,2243,169842
Saudi Arabia,14-07-2020,237803,2283,177560
Saudi Arabia,15-07-2020,240474,2325,183048
Saudi Arabia,16-07-2020,243238,2370,187622
Saudi Arabia,17-07-2020,245851,2407,191161
Saudi Arabia,18-07-2020,248416,2447,194218
Saudi Arabia,19-07-2020,250920,2486,197735
Saudi Arabia,20-07-2020,253349,2523,203259
Saudi Arabia,21-07-2020,255825,2557,207259
Saudi Arabia,22-07-2020,258156,2601,210398
Saudi Arabia,23-07-2020,260394,2635,213490
Saudi Arabia,24-07-2020,262772,2672,215731
Saudi Arabia,25-07-2020,264973,2703,217782
Saudi Arabia,26-07-2020,266941,2733,220323
Saudi Arabia,27-07-2020,268934,2760,222936
Saudi Arabia,28-07-2020,270831,2789,225624
Saudi Arabia,29-07-2020,272590,2816,228569
Saudi Arabia,30-07-2020,274219,2842,231198
Saudi Arabia,31-07-2020,275905,2866,235658
Saudi Arabia,01-08-2020,277478,2887,237548
Saudi Arabia,02-08-2020,278835,2917,240081
Saudi Arabia,03-08-2020,280093,2949,242055
