country,date,confirmed,deaths,recovered
Seychelles,22-01-2020,0,0,0
Seychelles,23-01-2020,0,0,0
Seychelles,24-01-2020,0,0,0
Seychelles,25-01-2020,0,0,0
Seychelles,26-01-2020,0,0,0
Seychelles,27-01-2020,0,0,0
Seychelles,28-01-2020,0,0,0
Seychelles,29-01-2020,0,0,0
Seychelles,30-01-2020,0,0,0
Seychelles,31-01-2020,0,0,0
Seychelles,01-02-2020,0,0,0
Seychelles,02-02-2020,0,0,0
Seychelles,03-02-2020,0,0,0
Seychelles,04-02-2020,0,0,0
Seychelles,05-02-2020,0,0,0
Seychelles,06-02-2020,0,0,0
Seychelles,07-02-2020,0,0,0
Seychelles,08-02-2020,0,0,0
Seychelles,09-02-2020,0,0,0
Seychelles,10-02-2020,0,0,0
Seychelles,11-02-2020,0,0,0
Seychelles,12-02-2020,0,0,0
Seychelles,13-02-2020,0,0,0
Seychelles,14-02-2020,0,0,0
Seychelles,15-02-2020,0,0,0
Seychelles,16-02-2020,0,0,0
Seychelles,17-02-2020,0,0,0
Seychelles,18-02-2020,0,0,0
Seychelles,19-02-2020,0,0,0
Seychelles,20-02-2020,0,0,0
Seychelles,21-02-2020,0,0,0
Seychelles,22-02-2020,0,0,0
Seychelles,23-02-2020,0,0,0
Seychelles,24-02-2020,0,0,0
Seychelles,25-02-2020,0,0,0
Seychelles,26-02-2020,0,0,0
Seychelles,27-02-2020,0,0,0
Seychelles,28-02-2020,0,0,0
Seychelles,29-02-2020,0,0,0
Seychelles,01-03-2020,0,0,0
Seychelles,02-03-2020,0,0,0
Seychelles,03-03-2020,0,0,0
Seychelles,04-03-2020,0,0,0
Seychelles,05-03-2020,0,0,0
Seychelles,06-03-2020,0,0,0
Seychelles,07-03-2020,0,0,0
Seychelles,08-03-2020,0,0,0
Seychelles,09-03-2020,0,0,0
Seychelles,10-03-2020,0,0,0
Seychelles,11-03-2020,0,0,0
Seychelles,12-03-2020,0,0,0
Seychelles,13-03-2020,0,0,0
Seychelles,14-03-2020,2,0,0
Seychelles,15-03-2020,2,0,0
Seychelles,16-03-2020,3,0,0
Seychelles,17-03-2020,4,0,0
Seychelles,18-03-2020,4,0,0
Seychelles,19-03-2020,6,0,0
Seychelles,20-03-2020,7,0,0
Seychelles,21-03-2020,7,0,0
Seychelles,22-03-2020,7,0,0
Seychelles,23-03-2020,7,0,0
Seychelles,24-03-2020,7,0,0
Seychelles,25-03-2020,7,0,0
Seychelles,26-03-2020,7,0,0
Seychelles,27-03-2020,7,0,0
Seychelles,28-03-2020,8,0,0
Seychelles,29-03-2020,8,0,0
Seychelles,30-03-2020,8,0,0
Seychelles,31-03-2020,10,0,0
Seychelles,01-04-2020,10,0,0
Seychelles,02-04-2020,10,0,0
Seychelles,03-04-2020,10,0,0
Seychelles,04-04-2020,10,0,0
Seychelles,05-04-2020,10,0,0
Seychelles,06-04-2020,11,0,0
Seychelles,07-04-2020,11,0,0
Seychelles,08-04-2020,11,0,0
Seychelles,09-04-2020,11,0,0
Seychelles,10-04-2020,11,0,0
Seychelles,11-04-2020,11,0,0
Seychelles,12-04-2020,11,0,0
Seychelles,13-04-2020,11,0,0
Seychelles,14-04-2020,11,0,0
Seychelles,15-04-2020,11,0,0
Seychelles,16-04-2020,11,0,0
Seychelles,17-04-2020,11,0,5
Seychelles,18-04-2020,11,0,5
Seychelles,19-04-2020,11,0,5
Seychelles,20-04-2020,11,0,5
Seychelles,21-04-2020,11,0,5
Seychelles,22-04-2020,11,0,5
Seychelles,23-04-2020,11,0,6
Seychelles,24-04-2020,11,0,6
Seychelles,25-04-2020,11,0,6
Seychelles,26-04-2020,11,0,6
Seychelles,27-04-2020,11,0,6
Seychelles,28-04-2020,11,0,6
Seychelles,29-04-2020,11,0,6
Seychelles,30-04-2020,11,0,6
Seychelles,01-05-2020,11,0,6
Seychelles,02-05-2020,11,0,6
Seychelles,03-05-2020,11,0,6
Seychelles,04-05-2020,11,0,6
Seychelles,05-05-2020,11,0,8
Seychelles,06-05-2020,11,0,8
Seychelles,07-05-2020,11,0,8
Seychelles,08-05-2020,11,0,8
Seychelles,09-05-2020,11,0,8
Seychelles,10-05-2020,11,0,10
Seychelles,11-05-2020,11,0,10
Seychelles,12-05-2020,11,0,10
Seychelles,13-05-2020,11,0,10
Seychelles,14-05-2020,11,0,10
Seychelles,15-05-2020,11,0,10
Seychelles,16-05-2020,11,0,10
Seychelles,17-05-2020,11,0,10
Seychelles,18-05-2020,11,0,11
Seychelles,19-05-2020,11,0,11
Seychelles,20-05-2020,11,0,11
Seychelles,21-05-2020,11,0,11
Seychelles,22-05-2020,11,0,11
Seychelles,23-05-2020,11,0,11
Seychelles,24-05-2020,11,0,11
Seychelles,25-05-2020,11,0,11
Seychelles,26-05-2020,11,0,11
Seychelles,27-05-2020,11,0,11
Seychelles,28-05-2020,11,0,11
Seychelles,29-05-2020,11,0,11
Seychelles,30-05-2020,11,0,11
Seychelles,31-05-2020,11,0,11
Seychelles,01-06-2020,11,0,11
Seychelles,02-06-2020,11,0,11
Seychelles,03-06-2020,11,0,11
Seychelles,04-06-2020,11,0,11
Seychelles,05-06-2020,11,0,11
Seychelles,06-06-2020,11,0,11
Seychelles,07-06-2020,11,0,11
Seychelles,08-06-2020,11,0,11
Seychelles,09-06-2020,11,0,11
Seychelles,10-06-2020,11,0,11
Seychelles,11-06-2020,11,0,11
Seychelles,12-06-2020,11,0,11
Seychelles,13-06-2020,11,0,11
Seychelles,14-06-2020,11,0,11
Seychelles,15-06-2020,11,0,11
Seychelles,16-06-2020,11,0,11
Seychelles,17-06-2020,11,0,11
Seychelles,18-06-2020,11,0,11
Seychelles,19-06-2020,11,0,11
Seychelles,20-06-2020,11,0,11
Seychelles,21-06-2020,11,0,11
Seychelles,22-06-2020,11,0,11
Seychelles,23-06-2020,11,0,11
Seychelles,24-06-2020,11,0,11
Seychelles,25-06-2020,11,0,11
Seychelles,26-06-2020,11,0,11
Seychelles,27-06-2020,20,0,11
Seychelles,28-06-2020,70,0,11
Seychelles,29-06-2020,77,0,11
Seychelles,30-06-2020,81,0,11
Seychelles,01-07-2020,81,0,11
Seychelles,02-07-2020,81,0,11
Seychelles,03-07-2020,81,0,11
Seychelles,04-07-2020,81,0,11
Seychelles,05-07-2020,81,0,11
Seychelles,06-07-2020,81,0,11
Seychelles,07-07-2020,81,0,11
Seychelles,08-07-2020,91,0,11
Seychelles,09-07-2020,94,0,11
Seychelles,10-07-2020,100,0,11
Seychelles,11-07-2020,100,0,11
Seychelles,12-07-2020,100,0,11
Seychelles,13-07-2020,100,0,11
Seychelles,14-07-2020,100,0,11
Seychelles,15-07-2020,100,0,27
Seychelles,16-07-2020,108,0,27
Seychelles,17-07-2020,108,0,27
Seychelles,18-07-2020,108,0,27
Seychelles,19-07-2020,108,0,27
Seychelles,20-07-2020,108,0,27
Seychelles,21-07-2020,108,0,27
Seychelles,22-07-2020,108,0,27
Seychelles,23-07-2020,108,0,27
Seychelles,24-07-2020,108,0,27
Seychelles,25-07-2020,114,0,39
Seychelles,26-07-2020,114,0,39
Seychelles,27-07-2020,114,0,39
Seychelles,28-07-2020,114,0,39
Seychelles,29-07-2020,114,0,39
Seychelles,30-07-2020,114,0,39
Seychelles,31-07-2020,114,0,39
Seychelles,01-08-2020,114,0,39
Seychelles,02-08-2020,114,0,39
Seychelles,03-08-2020,114,0,113
