country,date,confirmed,deaths,recovered
Sierra Leone,22-01-2020,0,0,0
Sierra Leone,23-01-2020,0,0,0
Sierra Leone,24-01-2020,0,0,0
Sierra Leone,25-01-2020,0,0,0
Sierra Leone,26-01-2020,0,0,0
Sierra Leone,27-01-2020,0,0,0
Sierra Leone,28-01-2020,0,0,0
Sierra Leone,29-01-2020,0,0,0
Sierra Leone,30-01-2020,0,0,0
Sierra Leone,31-01-2020,0,0,0
Sierra Leone,01-02-2020,0,0,0
Sierra Leone,02-02-2020,0,0,0
Sierra Leone,03-02-2020,0,0,0
Sierra Leone,04-02-2020,0,0,0
Sierra Leone,05-02-2020,0,0,0
Sierra Leone,06-02-2020,0,0,0
Sierra Leone,07-02-2020,0,0,0
Sierra Leone,08-02-2020,0,0,0
Sierra Leone,09-02-2020,0,0,0
Sierra Leone,10-02-2020,0,0,0
Sierra Leone,11-02-2020,0,0,0
Sierra Leone,12-02-2020,0,0,0
Sierra Leone,13-02-2020,0,0,0
Sierra Leone,14-02-2020,0,0,0
Sierra Leone,15-02-2020,0,0,0
Sierra Leone,16-02-2020,0,0,0
Sierra Leone,17-02-2020,0,0,0
Sierra Leone,18-02-2020,0,0,0
Sierra Leone,19-02-2020,0,0,0
Sierra Leone,20-02-2020,0,0,0
Sierra Leone,21-02-2020,0,0,0
Sierra Leone,22-02-2020,0,0,0
Sierra Leone,23-02-2020,0,0,0
Sierra Leone,24-02-2020,0,0,0
Sierra Leone,25-02-2020,0,0,0
Sierra Leone,26-02-2020,0,0,0
Sierra Leone,27-02-2020,0,0,0
Sierra Leone,28-02-2020,0,0,0
Sierra Leone,29-02-2020,0,0,0
Sierra Leone,01-03-2020,0,0,0
Sierra Leone,02-03-2020,0,0,0
Sierra Leone,03-03-2020,0,0,0
Sierra Leone,04-03-2020,0,0,0
Sierra Leone,05-03-2020,0,0,0
Sierra Leone,06-03-2020,0,0,0
Sierra Leone,07-03-2020,0,0,0
Sierra Leone,08-03-2020,0,0,0
Sierra Leone,09-03-2020,0,0,0
Sierra Leone,10-03-2020,0,0,0
Sierra Leone,11-03-2020,0,0,0
Sierra Leone,12-03-2020,0,0,0
Sierra Leone,13-03-2020,0,0,0
Sierra Leone,14-03-2020,0,0,0
Sierra Leone,15-03-2020,0,0,0
Sierra Leone,16-03-2020,0,0,0
Sierra Leone,17-03-2020,0,0,0
Sierra Leone,18-03-2020,0,0,0
Sierra Leone,19-03-2020,0,0,0
Sierra Leone,20-03-2020,0,0,0
Sierra Leone,21-03-2020,0,0,0
Sierra Leone,22-03-2020,0,0,0
Sierra Leone,23-03-2020,0,0,0
Sierra Leone,24-03-2020,0,0,0
Sierra Leone,25-03-2020,0,0,0
Sierra Leone,26-03-2020,0,0,0
Sierra Leone,27-03-2020,0,0,0
Sierra Leone,28-03-2020,0,0,0
Sierra Leone,29-03-2020,0,0,0
Sierra Leone,30-03-2020,0,0,0
Sierra Leone,31-03-2020,1,0,0
Sierra Leone,01-04-2020,2,0,0
Sierra Leone,02-04-2020,2,0,0
Sierra Leone,03-04-2020,2,0,0
Sierra Leone,04-04-2020,4,0,0
Sierra Leone,05-04-2020,6,0,0
Sierra Leone,06-04-2020,6,0,0
Sierra Leone,07-04-2020,6,0,0
Sierra Leone,08-04-2020,7,0,0
Sierra Leone,09-04-2020,7,0,0
Sierra Leone,10-04-2020,8,0,0
Sierra Leone,11-04-2020,8,0,0
Sierra Leone,12-04-2020,10,0,0
Sierra Leone,13-04-2020,10,0,0
Sierra Leone,14-04-2020,11,0,0
Sierra Leone,15-04-2020,13,0,0
Sierra Leone,16-04-2020,15,0,0
Sierra Leone,17-04-2020,26,0,0
Sierra Leone,18-04-2020,30,0,0
Sierra Leone,19-04-2020,35,0,6
Sierra Leone,20-04-2020,43,0,6
Sierra Leone,21-04-2020,50,0,6
Sierra Leone,22-04-2020,61,0,6
Sierra Leone,23-04-2020,64,1,10
Sierra Leone,24-04-2020,82,2,10
Sierra Leone,25-04-2020,82,2,10
Sierra Leone,26-04-2020,93,4,10
Sierra Leone,27-04-2020,93,4,10
Sierra Leone,28-04-2020,104,4,12
Sierra Leone,29-04-2020,104,4,12
Sierra Leone,30-04-2020,124,7,21
Sierra Leone,01-05-2020,136,7,21
Sierra Leone,02-05-2020,155,8,21
Sierra Leone,03-05-2020,166,8,29
Sierra Leone,04-05-2020,178,9,37
Sierra Leone,05-05-2020,199,11,43
Sierra Leone,06-05-2020,225,14,54
Sierra Leone,07-05-2020,231,16,54
Sierra Leone,08-05-2020,257,17,54
Sierra Leone,09-05-2020,291,18,58
Sierra Leone,10-05-2020,307,18,67
Sierra Leone,11-05-2020,338,19,72
Sierra Leone,12-05-2020,338,19,72
Sierra Leone,13-05-2020,387,26,97
Sierra Leone,14-05-2020,408,26,97
Sierra Leone,15-05-2020,447,27,97
Sierra Leone,16-05-2020,462,29,106
Sierra Leone,17-05-2020,505,32,141
Sierra Leone,18-05-2020,519,33,148
Sierra Leone,19-05-2020,534,33,167
Sierra Leone,20-05-2020,570,34,205
Sierra Leone,21-05-2020,585,35,205
Sierra Leone,22-05-2020,606,38,230
Sierra Leone,23-05-2020,621,39,241
Sierra Leone,24-05-2020,707,40,241
Sierra Leone,25-05-2020,735,42,293
Sierra Leone,26-05-2020,754,44,297
Sierra Leone,27-05-2020,782,45,297
Sierra Leone,28-05-2020,812,45,361
Sierra Leone,29-05-2020,829,45,386
Sierra Leone,30-05-2020,852,46,415
Sierra Leone,31-05-2020,861,46,454
Sierra Leone,01-06-2020,865,46,475
Sierra Leone,02-06-2020,896,46,480
Sierra Leone,03-06-2020,909,47,491
Sierra Leone,04-06-2020,914,47,491
Sierra Leone,05-06-2020,929,47,580
Sierra Leone,06-06-2020,946,48,600
Sierra Leone,07-06-2020,969,48,608
Sierra Leone,08-06-2020,1001,49,611
Sierra Leone,09-06-2020,1025,50,621
Sierra Leone,10-06-2020,1062,50,637
Sierra Leone,11-06-2020,1085,50,642
Sierra Leone,12-06-2020,1103,51,648
Sierra Leone,13-06-2020,1132,51,670
Sierra Leone,14-06-2020,1169,51,680
Sierra Leone,15-06-2020,1176,51,683
Sierra Leone,16-06-2020,1225,51,686
Sierra Leone,17-06-2020,1249,51,707
Sierra Leone,18-06-2020,1272,51,710
Sierra Leone,19-06-2020,1298,53,732
Sierra Leone,20-06-2020,1309,53,746
Sierra Leone,21-06-2020,1327,55,788
Sierra Leone,22-06-2020,1340,55,788
Sierra Leone,23-06-2020,1347,55,853
Sierra Leone,24-06-2020,1354,55,869
Sierra Leone,25-06-2020,1354,56,869
Sierra Leone,26-06-2020,1394,59,914
Sierra Leone,27-06-2020,1410,59,937
Sierra Leone,28-06-2020,1427,60,943
Sierra Leone,29-06-2020,1450,60,961
Sierra Leone,30-06-2020,1462,60,974
Sierra Leone,01-07-2020,1498,60,999
Sierra Leone,02-07-2020,1518,60,1007
Sierra Leone,03-07-2020,1524,62,1042
Sierra Leone,04-07-2020,1533,62,1051
Sierra Leone,05-07-2020,1542,62,1062
Sierra Leone,06-07-2020,1547,62,1086
Sierra Leone,07-07-2020,1572,63,1088
Sierra Leone,08-07-2020,1584,63,1122
Sierra Leone,09-07-2020,1598,63,1123
Sierra Leone,10-07-2020,1613,63,1133
Sierra Leone,11-07-2020,1618,63,1141
Sierra Leone,12-07-2020,1635,63,1154
Sierra Leone,13-07-2020,1642,63,1175
Sierra Leone,14-07-2020,1651,64,1190
Sierra Leone,15-07-2020,1668,64,1200
Sierra Leone,16-07-2020,1678,64,1213
Sierra Leone,17-07-2020,1688,65,1219
Sierra Leone,18-07-2020,1701,65,1237
Sierra Leone,19-07-2020,1711,65,1237
Sierra Leone,20-07-2020,1711,66,1261
Sierra Leone,21-07-2020,1727,66,1273
Sierra Leone,22-07-2020,1731,66,1288
Sierra Leone,23-07-2020,1752,66,1292
Sierra Leone,24-07-2020,1765,66,1297
Sierra Leone,25-07-2020,1768,66,1297
Sierra Leone,26-07-2020,1783,66,1313
Sierra Leone,27-07-2020,1783,66,1317
Sierra Leone,28-07-2020,1786,66,1336
Sierra Leone,29-07-2020,1803,67,1355
Sierra Leone,30-07-2020,1818,67,1362
Sierra Leone,31-07-2020,1823,67,1362
Sierra Leone,01-08-2020,1823,67,1362
Sierra Leone,02-08-2020,1843,67,1375
Sierra Leone,03-08-2020,1848,67,1375
