country,date,confirmed,deaths,recovered
South Africa,22-01-2020,0,0,0
South Africa,23-01-2020,0,0,0
South Africa,24-01-2020,0,0,0
South Africa,25-01-2020,0,0,0
South Africa,26-01-2020,0,0,0
South Africa,27-01-2020,0,0,0
South Africa,28-01-2020,0,0,0
South Africa,29-01-2020,0,0,0
South Africa,30-01-2020,0,0,0
South Africa,31-01-2020,0,0,0
South Africa,01-02-2020,0,0,0
South Africa,02-02-2020,0,0,0
South Africa,03-02-2020,0,0,0
South Africa,04-02-2020,0,0,0
South Africa,05-02-2020,0,0,0
South Africa,06-02-2020,0,0,0
South Africa,07-02-2020,0,0,0
South Africa,08-02-2020,0,0,0
South Africa,09-02-2020,0,0,0
South Africa,10-02-2020,0,0,0
South Africa,11-02-2020,0,0,0
South Africa,12-02-2020,0,0,0
South Africa,13-02-2020,0,0,0
South Africa,14-02-2020,0,0,0
South Africa,15-02-2020,0,0,0
South Africa,16-02-2020,0,0,0
South Africa,17-02-2020,0,0,0
South Africa,18-02-2020,0,0,0
South Africa,19-02-2020,0,0,0
South Africa,20-02-2020,0,0,0
South Africa,21-02-2020,0,0,0
South Africa,22-02-2020,0,0,0
South Africa,23-02-2020,0,0,0
South Africa,24-02-2020,0,0,0
South Africa,25-02-2020,0,0,0
South Africa,26-02-2020,0,0,0
South Africa,27-02-2020,0,0,0
South Africa,28-02-2020,0,0,0
South Africa,29-02-2020,0,0,0
South Africa,01-03-2020,0,0,0
South Africa,02-03-2020,0,0,0
South Africa,03-03-2020,0,0,0
South Africa,04-03-2020,0,0,0
South Africa,05-03-2020,1,0,0
South Africa,06-03-2020,1,0,0
South Africa,07-03-2020,1,0,0
South Africa,08-03-2020,3,0,0
South Africa,09-03-2020,3,0,0
South Africa,10-03-2020,7,0,0
South Africa,11-03-2020,13,0,0
South Africa,12-03-2020,17,0,0
South Africa,13-03-2020,24,0,0
South Africa,14-03-2020,38,0,0
South Africa,15-03-2020,51,0,0
South Africa,16-03-2020,62,0,0
South Africa,17-03-2020,62,0,0
South Africa,18-03-2020,116,0,0
South Africa,19-03-2020,150,0,0
South Africa,20-03-2020,202,0,0
South Africa,21-03-2020,240,0,0
South Africa,22-03-2020,274,0,0
South Africa,23-03-2020,402,0,0
South Africa,24-03-2020,554,0,4
South Africa,25-03-2020,709,0,12
South Africa,26-03-2020,927,0,12
South Africa,27-03-2020,1170,1,31
South Africa,28-03-2020,1187,1,31
South Africa,29-03-2020,1280,2,31
South Africa,30-03-2020,1326,3,31
South Africa,31-03-2020,1353,5,31
South Africa,01-04-2020,1380,5,50
South Africa,02-04-2020,1462,5,50
South Africa,03-04-2020,1505,9,95
South Africa,04-04-2020,1585,9,95
South Africa,05-04-2020,1655,11,95
South Africa,06-04-2020,1686,12,95
South Africa,07-04-2020,1749,13,95
South Africa,08-04-2020,1845,18,95
South Africa,09-04-2020,1934,18,95
South Africa,10-04-2020,2003,24,410
South Africa,11-04-2020,2028,25,410
South Africa,12-04-2020,2173,25,410
South Africa,13-04-2020,2272,27,410
South Africa,14-04-2020,2415,27,410
South Africa,15-04-2020,2506,34,410
South Africa,16-04-2020,2605,48,903
South Africa,17-04-2020,2783,50,903
South Africa,18-04-2020,3034,52,903
South Africa,19-04-2020,3158,54,903
South Africa,20-04-2020,3300,58,1055
South Africa,21-04-2020,3465,58,1055
South Africa,22-04-2020,3635,65,1055
South Africa,23-04-2020,3953,75,1473
South Africa,24-04-2020,4220,79,1473
South Africa,25-04-2020,4361,86,1473
South Africa,26-04-2020,4546,87,1473
South Africa,27-04-2020,4793,90,1473
South Africa,28-04-2020,4996,93,2073
South Africa,29-04-2020,5350,103,2073
South Africa,30-04-2020,5647,103,2073
South Africa,01-05-2020,5951,116,2382
South Africa,02-05-2020,6336,123,2549
South Africa,03-05-2020,6783,131,2549
South Africa,04-05-2020,7220,138,2746
South Africa,05-05-2020,7572,148,2746
South Africa,06-05-2020,7808,153,3153
South Africa,07-05-2020,8232,161,3153
South Africa,08-05-2020,8895,178,3153
South Africa,09-05-2020,9420,186,3983
South Africa,10-05-2020,10015,194,4173
South Africa,11-05-2020,10652,206,4357
South Africa,12-05-2020,11350,206,4357
South Africa,13-05-2020,12074,219,4745
South Africa,14-05-2020,12739,238,5676
South Africa,15-05-2020,13524,247,6083
South Africa,16-05-2020,14355,261,6478
South Africa,17-05-2020,15515,264,7006
South Africa,18-05-2020,16433,286,7298
South Africa,19-05-2020,17200,312,7960
South Africa,20-05-2020,18003,339,8950
South Africa,21-05-2020,19137,369,8950
South Africa,22-05-2020,20125,397,10104
South Africa,23-05-2020,21343,407,10104
South Africa,24-05-2020,22583,429,11100
South Africa,25-05-2020,23615,481,11917
South Africa,26-05-2020,24264,524,12741
South Africa,27-05-2020,25937,552,13451
South Africa,28-05-2020,27403,577,14370
South Africa,29-05-2020,29240,611,15093
South Africa,30-05-2020,30967,643,16116
South Africa,31-05-2020,32683,683,16809
South Africa,01-06-2020,34357,705,17291
South Africa,02-06-2020,35812,755,18313
South Africa,03-06-2020,37525,792,19682
South Africa,04-06-2020,40792,848,21311
South Africa,05-06-2020,43434,908,23088
South Africa,06-06-2020,45973,952,24258
South Africa,07-06-2020,48285,998,24364
South Africa,08-06-2020,50879,1080,26099
South Africa,09-06-2020,52991,1162,29006
South Africa,10-06-2020,55421,1210,31505
South Africa,11-06-2020,58568,1284,33252
South Africa,12-06-2020,61927,1354,35006
South Africa,13-06-2020,65736,1423,36850
South Africa,14-06-2020,70038,1480,38531
South Africa,15-06-2020,73533,1568,39867
South Africa,16-06-2020,76334,1625,42063
South Africa,17-06-2020,80412,1674,44331
South Africa,18-06-2020,83890,1737,44920
South Africa,19-06-2020,87715,1831,47825
South Africa,20-06-2020,92681,1877,50326
South Africa,21-06-2020,97302,1930,51608
South Africa,22-06-2020,101590,1991,53444
South Africa,23-06-2020,106108,2102,55045
South Africa,24-06-2020,111796,2205,56874
South Africa,25-06-2020,118375,2292,59974
South Africa,26-06-2020,124590,2340,64111
South Africa,27-06-2020,131800,2413,67094
South Africa,28-06-2020,138134,2456,68925
South Africa,29-06-2020,144264,2529,70614
South Africa,30-06-2020,151209,2657,73543
South Africa,01-07-2020,159333,2749,76025
South Africa,02-07-2020,168061,2844,81999
South Africa,03-07-2020,177124,2952,86298
South Africa,04-07-2020,187977,3026,91227
South Africa,05-07-2020,196750,3199,93315
South Africa,06-07-2020,205721,3310,97848
South Africa,07-07-2020,215855,3502,102299
South Africa,08-07-2020,224665,3602,106842
South Africa,09-07-2020,238339,3720,113061
South Africa,10-07-2020,250687,3860,118232
South Africa,11-07-2020,264184,3971,127715
South Africa,12-07-2020,276242,4079,134874
South Africa,13-07-2020,287796,4172,138241
South Africa,14-07-2020,298292,4346,146279
South Africa,15-07-2020,311049,4453,160693
South Africa,16-07-2020,324221,4669,165591
South Africa,17-07-2020,337594,4804,178183
South Africa,18-07-2020,350879,4948,182230
South Africa,19-07-2020,364328,5033,191059
South Africa,20-07-2020,373628,5173,194865
South Africa,21-07-2020,381798,5368,208144
South Africa,22-07-2020,394948,5940,229175
South Africa,23-07-2020,408052,6093,236260
South Africa,24-07-2020,421996,6343,245771
South Africa,25-07-2020,434200,6655,263054
South Africa,26-07-2020,445433,6769,265077
South Africa,27-07-2020,452529,7067,274925
South Africa,28-07-2020,459761,7257,287313
South Africa,29-07-2020,471123,7497,297967
South Africa,30-07-2020,482169,7812,309601
South Africa,31-07-2020,493183,8005,326171
South Africa,01-08-2020,503290,8153,342461
South Africa,02-08-2020,511485,8366,347227
South Africa,03-08-2020,516862,8539,358037
