country,date,confirmed,deaths,recovered
South Sudan,22-01-2020,0,0,0
South Sudan,23-01-2020,0,0,0
South Sudan,24-01-2020,0,0,0
South Sudan,25-01-2020,0,0,0
South Sudan,26-01-2020,0,0,0
South Sudan,27-01-2020,0,0,0
South Sudan,28-01-2020,0,0,0
South Sudan,29-01-2020,0,0,0
South Sudan,30-01-2020,0,0,0
South Sudan,31-01-2020,0,0,0
South Sudan,01-02-2020,0,0,0
South Sudan,02-02-2020,0,0,0
South Sudan,03-02-2020,0,0,0
South Sudan,04-02-2020,0,0,0
South Sudan,05-02-2020,0,0,0
South Sudan,06-02-2020,0,0,0
South Sudan,07-02-2020,0,0,0
South Sudan,08-02-2020,0,0,0
South Sudan,09-02-2020,0,0,0
South Sudan,10-02-2020,0,0,0
South Sudan,11-02-2020,0,0,0
South Sudan,12-02-2020,0,0,0
South Sudan,13-02-2020,0,0,0
South Sudan,14-02-2020,0,0,0
South Sudan,15-02-2020,0,0,0
South Sudan,16-02-2020,0,0,0
South Sudan,17-02-2020,0,0,0
South Sudan,18-02-2020,0,0,0
South Sudan,19-02-2020,0,0,0
South Sudan,20-02-2020,0,0,0
South Sudan,21-02-2020,0,0,0
South Sudan,22-02-2020,0,0,0
South Sudan,23-02-2020,0,0,0
South Sudan,24-02-2020,0,0,0
South Sudan,25-02-2020,0,0,0
South Sudan,26-02-2020,0,0,0
South Sudan,27-02-2020,0,0,0
South Sudan,28-02-2020,0,0,0
South Sudan,29-02-2020,0,0,0
South Sudan,01-03-2020,0,0,0
South Sudan,02-03-2020,0,0,0
South Sudan,03-03-2020,0,0,0
South Sudan,04-03-2020,0,0,0
South Sudan,05-03-2020,0,0,0
South Sudan,06-03-2020,0,0,0
South Sudan,07-03-2020,0,0,0
South Sudan,08-03-2020,0,0,0
South Sudan,09-03-2020,0,0,0
South Sudan,10-03-2020,0,0,0
South Sudan,11-03-2020,0,0,0
South Sudan,12-03-2020,0,0,0
South Sudan,13-03-2020,0,0,0
South Sudan,14-03-2020,0,0,0
South Sudan,15-03-2020,0,0,0
South Sudan,16-03-2020,0,0,0
South Sudan,17-03-2020,0,0,0
South Sudan,18-03-2020,0,0,0
South Sudan,19-03-2020,0,0,0
South Sudan,20-03-2020,0,0,0
South Sudan,21-03-2020,0,0,0
South Sudan,22-03-2020,0,0,0
South Sudan,23-03-2020,0,0,0
South Sudan,24-03-2020,0,0,0
South Sudan,25-03-2020,0,0,0
South Sudan,26-03-2020,0,0,0
South Sudan,27-03-2020,0,0,0
South Sudan,28-03-2020,0,0,0
South Sudan,29-03-2020,0,0,0
South Sudan,30-03-2020,0,0,0
South Sudan,31-03-2020,0,0,0
South Sudan,01-04-2020,0,0,0
South Sudan,02-04-2020,0,0,0
South Sudan,03-04-2020,0,0,0
South Sudan,04-04-2020,0,0,0
South Sudan,05-04-2020,1,0,0
South Sudan,06-04-2020,1,0,0
South Sudan,07-04-2020,2,0,0
South Sudan,08-04-2020,2,0,0
South Sudan,09-04-2020,3,0,0
South Sudan,10-04-2020,4,0,0
South Sudan,11-04-2020,4,0,0
South Sudan,12-04-2020,4,0,0
South Sudan,13-04-2020,4,0,0
South Sudan,14-04-2020,4,0,0
South Sudan,15-04-2020,4,0,0
South Sudan,16-04-2020,4,0,0
South Sudan,17-04-2020,4,0,0
South Sudan,18-04-2020,4,0,0
South Sudan,19-04-2020,4,0,0
South Sudan,20-04-2020,4,0,0
South Sudan,21-04-2020,4,0,0
South Sudan,22-04-2020,4,0,0
South Sudan,23-04-2020,5,0,0
South Sudan,24-04-2020,5,0,0
South Sudan,25-04-2020,5,0,0
South Sudan,26-04-2020,6,0,0
South Sudan,27-04-2020,6,0,0
South Sudan,28-04-2020,34,0,0
South Sudan,29-04-2020,34,0,0
South Sudan,30-04-2020,35,0,0
South Sudan,01-05-2020,45,0,0
South Sudan,02-05-2020,45,0,0
South Sudan,03-05-2020,46,0,0
South Sudan,04-05-2020,46,0,0
South Sudan,05-05-2020,52,0,0
South Sudan,06-05-2020,58,0,0
South Sudan,07-05-2020,74,0,0
South Sudan,08-05-2020,120,0,2
South Sudan,09-05-2020,120,0,2
South Sudan,10-05-2020,120,0,2
South Sudan,11-05-2020,156,0,2
South Sudan,12-05-2020,194,0,2
South Sudan,13-05-2020,203,0,2
South Sudan,14-05-2020,203,0,3
South Sudan,15-05-2020,236,4,4
South Sudan,16-05-2020,236,4,4
South Sudan,17-05-2020,290,4,4
South Sudan,18-05-2020,290,4,4
South Sudan,19-05-2020,290,4,4
South Sudan,20-05-2020,290,4,4
South Sudan,21-05-2020,481,4,4
South Sudan,22-05-2020,563,6,6
South Sudan,23-05-2020,655,8,6
South Sudan,24-05-2020,655,8,6
South Sudan,25-05-2020,806,8,6
South Sudan,26-05-2020,806,8,6
South Sudan,27-05-2020,994,10,6
South Sudan,28-05-2020,994,10,6
South Sudan,29-05-2020,994,10,6
South Sudan,30-05-2020,994,10,6
South Sudan,31-05-2020,994,10,6
South Sudan,01-06-2020,994,10,6
South Sudan,02-06-2020,994,10,6
South Sudan,03-06-2020,994,10,6
South Sudan,04-06-2020,994,10,6
South Sudan,05-06-2020,994,10,6
South Sudan,06-06-2020,994,10,6
South Sudan,07-06-2020,1317,14,6
South Sudan,08-06-2020,1604,19,15
South Sudan,09-06-2020,1604,19,15
South Sudan,10-06-2020,1604,19,15
South Sudan,11-06-2020,1670,24,48
South Sudan,12-06-2020,1670,24,48
South Sudan,13-06-2020,1693,27,49
South Sudan,14-06-2020,1693,27,49
South Sudan,15-06-2020,1693,27,49
South Sudan,16-06-2020,1776,30,58
South Sudan,17-06-2020,1813,31,89
South Sudan,18-06-2020,1830,32,117
South Sudan,19-06-2020,1864,34,122
South Sudan,20-06-2020,1882,34,122
South Sudan,21-06-2020,1892,34,169
South Sudan,22-06-2020,1916,35,190
South Sudan,23-06-2020,1930,36,217
South Sudan,24-06-2020,1942,36,224
South Sudan,25-06-2020,1942,36,224
South Sudan,26-06-2020,1942,36,224
South Sudan,27-06-2020,1942,36,224
South Sudan,28-06-2020,1989,36,246
South Sudan,29-06-2020,1989,36,246
South Sudan,30-06-2020,2007,38,279
South Sudan,01-07-2020,2021,38,333
South Sudan,02-07-2020,2021,38,333
South Sudan,03-07-2020,2021,38,333
South Sudan,04-07-2020,2021,38,333
South Sudan,05-07-2020,2021,38,333
South Sudan,06-07-2020,2021,38,333
South Sudan,07-07-2020,2021,38,333
South Sudan,08-07-2020,2021,38,333
South Sudan,09-07-2020,2021,38,333
South Sudan,10-07-2020,2021,38,333
South Sudan,11-07-2020,2021,38,333
South Sudan,12-07-2020,2021,38,333
South Sudan,13-07-2020,2148,41,333
South Sudan,14-07-2020,2148,41,333
South Sudan,15-07-2020,2153,41,1175
South Sudan,16-07-2020,2171,41,1175
South Sudan,17-07-2020,2191,43,1175
South Sudan,18-07-2020,2191,43,1175
South Sudan,19-07-2020,2200,43,1175
South Sudan,20-07-2020,2211,45,1175
South Sudan,21-07-2020,2211,45,1175
South Sudan,22-07-2020,2211,45,1175
South Sudan,23-07-2020,2239,45,1175
South Sudan,24-07-2020,2258,45,1175
South Sudan,25-07-2020,2258,45,1175
South Sudan,26-07-2020,2262,45,1175
South Sudan,27-07-2020,2305,46,1175
South Sudan,28-07-2020,2305,46,1175
South Sudan,29-07-2020,2322,46,1175
South Sudan,30-07-2020,2322,46,1175
South Sudan,31-07-2020,2322,46,1175
South Sudan,01-08-2020,2352,46,1175
South Sudan,02-08-2020,2429,46,1175
South Sudan,03-08-2020,2429,46,1175
