country,date,confirmed,deaths,recovered
Switzerland,22-01-2020,0,0,0
Switzerland,23-01-2020,0,0,0
Switzerland,24-01-2020,0,0,0
Switzerland,25-01-2020,0,0,0
Switzerland,26-01-2020,0,0,0
Switzerland,27-01-2020,0,0,0
Switzerland,28-01-2020,0,0,0
Switzerland,29-01-2020,0,0,0
Switzerland,30-01-2020,0,0,0
Switzerland,31-01-2020,0,0,0
Switzerland,01-02-2020,0,0,0
Switzerland,02-02-2020,0,0,0
Switzerland,03-02-2020,0,0,0
Switzerland,04-02-2020,0,0,0
Switzerland,05-02-2020,0,0,0
Switzerland,06-02-2020,0,0,0
Switzerland,07-02-2020,0,0,0
Switzerland,08-02-2020,0,0,0
Switzerland,09-02-2020,0,0,0
Switzerland,10-02-2020,0,0,0
Switzerland,11-02-2020,0,0,0
Switzerland,12-02-2020,0,0,0
Switzerland,13-02-2020,0,0,0
Switzerland,14-02-2020,0,0,0
Switzerland,15-02-2020,0,0,0
Switzerland,16-02-2020,0,0,0
Switzerland,17-02-2020,0,0,0
Switzerland,18-02-2020,0,0,0
Switzerland,19-02-2020,0,0,0
Switzerland,20-02-2020,0,0,0
Switzerland,21-02-2020,0,0,0
Switzerland,22-02-2020,0,0,0
Switzerland,23-02-2020,0,0,0
Switzerland,24-02-2020,0,0,0
Switzerland,25-02-2020,1,0,0
Switzerland,26-02-2020,1,0,0
Switzerland,27-02-2020,8,0,0
Switzerland,28-02-2020,8,0,0
Switzerland,29-02-2020,18,0,0
Switzerland,01-03-2020,27,0,0
Switzerland,02-03-2020,42,0,0
Switzerland,03-03-2020,56,0,2
Switzerland,04-03-2020,90,0,3
Switzerland,05-03-2020,114,1,3
Switzerland,06-03-2020,214,1,3
Switzerland,07-03-2020,268,1,3
Switzerland,08-03-2020,337,2,3
Switzerland,09-03-2020,374,2,3
Switzerland,10-03-2020,491,3,3
Switzerland,11-03-2020,652,4,4
Switzerland,12-03-2020,652,4,4
Switzerland,13-03-2020,1139,11,4
Switzerland,14-03-2020,1359,13,4
Switzerland,15-03-2020,2200,14,4
Switzerland,16-03-2020,2200,14,4
Switzerland,17-03-2020,2700,27,4
Switzerland,18-03-2020,3028,28,15
Switzerland,19-03-2020,4075,41,15
Switzerland,20-03-2020,5294,54,15
Switzerland,21-03-2020,6575,75,15
Switzerland,22-03-2020,7474,98,131
Switzerland,23-03-2020,8795,120,131
Switzerland,24-03-2020,9877,122,131
Switzerland,25-03-2020,10897,153,131
Switzerland,26-03-2020,11811,191,131
Switzerland,27-03-2020,12928,231,1530
Switzerland,28-03-2020,14076,264,1530
Switzerland,29-03-2020,14829,300,1595
Switzerland,30-03-2020,15922,359,1823
Switzerland,31-03-2020,16605,433,1823
Switzerland,01-04-2020,17768,488,2967
Switzerland,02-04-2020,18827,536,4013
Switzerland,03-04-2020,19606,591,4846
Switzerland,04-04-2020,20505,666,6415
Switzerland,05-04-2020,21100,715,6415
Switzerland,06-04-2020,21657,765,8056
Switzerland,07-04-2020,22253,821,8704
Switzerland,08-04-2020,23280,895,9800
Switzerland,09-04-2020,24051,948,10600
Switzerland,10-04-2020,24551,1002,11100
Switzerland,11-04-2020,25107,1036,12100
Switzerland,12-04-2020,25415,1106,12700
Switzerland,13-04-2020,25688,1138,13700
Switzerland,14-04-2020,25936,1174,13700
Switzerland,15-04-2020,26336,1239,15400
Switzerland,16-04-2020,26732,1281,15900
Switzerland,17-04-2020,27078,1327,16400
Switzerland,18-04-2020,27404,1368,17100
Switzerland,19-04-2020,27740,1393,17800
Switzerland,20-04-2020,27944,1429,18600
Switzerland,21-04-2020,28063,1478,19400
Switzerland,22-04-2020,28268,1509,19900
Switzerland,23-04-2020,28496,1549,20600
Switzerland,24-04-2020,28677,1589,21000
Switzerland,25-04-2020,28894,1599,21300
Switzerland,26-04-2020,29061,1610,21800
Switzerland,27-04-2020,29164,1665,22200
Switzerland,28-04-2020,29264,1699,22600
Switzerland,29-04-2020,29407,1716,22600
Switzerland,30-04-2020,29586,1737,23400
Switzerland,01-05-2020,29705,1754,23900
Switzerland,02-05-2020,29817,1762,24200
Switzerland,03-05-2020,29905,1762,24500
Switzerland,04-05-2020,29981,1784,25200
Switzerland,05-05-2020,30009,1795,25400
Switzerland,06-05-2020,30060,1805,25700
Switzerland,07-05-2020,30126,1810,25900
Switzerland,08-05-2020,30207,1823,26100
Switzerland,09-05-2020,30251,1830,26400
Switzerland,10-05-2020,30305,1833,26600
Switzerland,11-05-2020,30344,1845,26800
Switzerland,12-05-2020,30380,1867,26800
Switzerland,13-05-2020,30413,1870,27100
Switzerland,14-05-2020,30463,1872,27100
Switzerland,15-05-2020,30514,1878,27100
Switzerland,16-05-2020,30572,1879,27400
Switzerland,17-05-2020,30587,1881,27500
Switzerland,18-05-2020,30597,1886,27600
Switzerland,19-05-2020,30618,1891,27700
Switzerland,20-05-2020,30658,1892,27800
Switzerland,21-05-2020,30694,1898,27900
Switzerland,22-05-2020,30707,1903,27900
Switzerland,23-05-2020,30725,1905,28000
Switzerland,24-05-2020,30736,1906,28100
Switzerland,25-05-2020,30746,1913,28200
Switzerland,26-05-2020,30761,1915,28200
Switzerland,27-05-2020,30776,1917,28300
Switzerland,28-05-2020,30796,1919,28300
Switzerland,29-05-2020,30828,1919,28300
Switzerland,30-05-2020,30845,1919,28400
Switzerland,31-05-2020,30862,1920,28500
Switzerland,01-06-2020,30871,1920,28500
Switzerland,02-06-2020,30874,1920,28500
Switzerland,03-06-2020,30893,1921,28600
Switzerland,04-06-2020,30913,1921,28600
Switzerland,05-06-2020,30936,1921,28600
Switzerland,06-06-2020,30956,1921,28700
Switzerland,07-06-2020,30965,1921,28700
Switzerland,08-06-2020,30972,1923,28700
Switzerland,09-06-2020,30988,1934,28700
Switzerland,10-06-2020,31011,1936,28700
Switzerland,11-06-2020,31044,1937,28800
Switzerland,12-06-2020,31063,1938,28800
Switzerland,13-06-2020,31094,1938,28800
Switzerland,14-06-2020,31117,1938,28800
Switzerland,15-06-2020,31131,1939,28900
Switzerland,16-06-2020,31154,1954,28900
Switzerland,17-06-2020,31187,1956,28900
Switzerland,18-06-2020,31200,1956,28900
Switzerland,19-06-2020,31235,1956,28900
Switzerland,20-06-2020,31243,1956,28900
Switzerland,21-06-2020,31292,1956,29000
Switzerland,22-06-2020,31310,1956,29000
Switzerland,23-06-2020,31332,1956,29000
Switzerland,24-06-2020,31376,1958,29000
Switzerland,25-06-2020,31428,1958,29000
Switzerland,26-06-2020,31486,1962,29000
Switzerland,27-06-2020,31555,1962,29100
Switzerland,28-06-2020,31617,1962,29100
Switzerland,29-06-2020,31652,1962,29100
Switzerland,30-06-2020,31714,1963,29200
Switzerland,01-07-2020,31851,1965,29200
Switzerland,02-07-2020,31967,1965,29200
Switzerland,03-07-2020,32101,1965,29200
Switzerland,04-07-2020,32198,1965,29200
Switzerland,05-07-2020,32268,1965,29300
Switzerland,06-07-2020,32315,1965,29300
Switzerland,07-07-2020,32369,1966,29300
Switzerland,08-07-2020,32498,1966,29400
Switzerland,09-07-2020,32586,1966,29400
Switzerland,10-07-2020,32690,1966,29400
Switzerland,11-07-2020,32817,1968,29500
Switzerland,12-07-2020,32883,1968,29600
Switzerland,13-07-2020,32946,1968,29600
Switzerland,14-07-2020,33016,1968,29800
Switzerland,15-07-2020,33148,1968,29800
Switzerland,16-07-2020,33290,1969,29900
Switzerland,17-07-2020,33382,1969,29900
Switzerland,18-07-2020,33492,1969,29900
Switzerland,19-07-2020,33591,1969,30300
Switzerland,20-07-2020,33634,1971,30300
Switzerland,21-07-2020,33742,1972,30300
Switzerland,22-07-2020,33883,1972,30500
Switzerland,23-07-2020,34000,1975,30500
Switzerland,24-07-2020,34154,1977,30500
Switzerland,25-07-2020,34302,1977,30500
Switzerland,26-07-2020,34412,1977,30700
Switzerland,27-07-2020,34477,1978,30900
Switzerland,28-07-2020,34609,1978,31000
Switzerland,29-07-2020,34802,1979,31100
Switzerland,30-07-2020,35022,1980,31100
Switzerland,31-07-2020,35232,1981,31100
Switzerland,01-08-2020,35412,1981,31300
Switzerland,02-08-2020,35550,1981,31500
Switzerland,03-08-2020,35616,1981,31500
