country,date,confirmed,deaths,recovered
Tajikistan,22-01-2020,0,0,0
Tajikistan,23-01-2020,0,0,0
Tajikistan,24-01-2020,0,0,0
Tajikistan,25-01-2020,0,0,0
Tajikistan,26-01-2020,0,0,0
Tajikistan,27-01-2020,0,0,0
Tajikistan,28-01-2020,0,0,0
Tajikistan,29-01-2020,0,0,0
Tajikistan,30-01-2020,0,0,0
Tajikistan,31-01-2020,0,0,0
Tajikistan,01-02-2020,0,0,0
Tajikistan,02-02-2020,0,0,0
Tajikistan,03-02-2020,0,0,0
Tajikistan,04-02-2020,0,0,0
Tajikistan,05-02-2020,0,0,0
Tajikistan,06-02-2020,0,0,0
Tajikistan,07-02-2020,0,0,0
Tajikistan,08-02-2020,0,0,0
Tajikistan,09-02-2020,0,0,0
Tajikistan,10-02-2020,0,0,0
Tajikistan,11-02-2020,0,0,0
Tajikistan,12-02-2020,0,0,0
Tajikistan,13-02-2020,0,0,0
Tajikistan,14-02-2020,0,0,0
Tajikistan,15-02-2020,0,0,0
Tajikistan,16-02-2020,0,0,0
Tajikistan,17-02-2020,0,0,0
Tajikistan,18-02-2020,0,0,0
Tajikistan,19-02-2020,0,0,0
Tajikistan,20-02-2020,0,0,0
Tajikistan,21-02-2020,0,0,0
Tajikistan,22-02-2020,0,0,0
Tajikistan,23-02-2020,0,0,0
Tajikistan,24-02-2020,0,0,0
Tajikistan,25-02-2020,0,0,0
Tajikistan,26-02-2020,0,0,0
Tajikistan,27-02-2020,0,0,0
Tajikistan,28-02-2020,0,0,0
Tajikistan,29-02-2020,0,0,0
Tajikistan,01-03-2020,0,0,0
Tajikistan,02-03-2020,0,0,0
Tajikistan,03-03-2020,0,0,0
Tajikistan,04-03-2020,0,0,0
Tajikistan,05-03-2020,0,0,0
Tajikistan,06-03-2020,0,0,0
Tajikistan,07-03-2020,0,0,0
Tajikistan,08-03-2020,0,0,0
Tajikistan,09-03-2020,0,0,0
Tajikistan,10-03-2020,0,0,0
Tajikistan,11-03-2020,0,0,0
Tajikistan,12-03-2020,0,0,0
Tajikistan,13-03-2020,0,0,0
Tajikistan,14-03-2020,0,0,0
Tajikistan,15-03-2020,0,0,0
Tajikistan,16-03-2020,0,0,0
Tajikistan,17-03-2020,0,0,0
Tajikistan,18-03-2020,0,0,0
Tajikistan,19-03-2020,0,0,0
Tajikistan,20-03-2020,0,0,0
Tajikistan,21-03-2020,0,0,0
Tajikistan,22-03-2020,0,0,0
Tajikistan,23-03-2020,0,0,0
Tajikistan,24-03-2020,0,0,0
Tajikistan,25-03-2020,0,0,0
Tajikistan,26-03-2020,0,0,0
Tajikistan,27-03-2020,0,0,0
Tajikistan,28-03-2020,0,0,0
Tajikistan,29-03-2020,0,0,0
Tajikistan,30-03-2020,0,0,0
Tajikistan,31-03-2020,0,0,0
Tajikistan,01-04-2020,0,0,0
Tajikistan,02-04-2020,0,0,0
Tajikistan,03-04-2020,0,0,0
Tajikistan,04-04-2020,0,0,0
Tajikistan,05-04-2020,0,0,0
Tajikistan,06-04-2020,0,0,0
Tajikistan,07-04-2020,0,0,0
Tajikistan,08-04-2020,0,0,0
Tajikistan,09-04-2020,0,0,0
Tajikistan,10-04-2020,0,0,0
Tajikistan,11-04-2020,0,0,0
Tajikistan,12-04-2020,0,0,0
Tajikistan,13-04-2020,0,0,0
Tajikistan,14-04-2020,0,0,0
Tajikistan,15-04-2020,0,0,0
Tajikistan,16-04-2020,0,0,0
Tajikistan,17-04-2020,0,0,0
Tajikistan,18-04-2020,0,0,0
Tajikistan,19-04-2020,0,0,0
Tajikistan,20-04-2020,0,0,0
Tajikistan,21-04-2020,0,0,0
Tajikistan,22-04-2020,0,0,0
Tajikistan,23-04-2020,0,0,0
Tajikistan,24-04-2020,0,0,0
Tajikistan,25-04-2020,0,0,0
Tajikistan,26-04-2020,0,0,0
Tajikistan,27-04-2020,0,0,0
Tajikistan,28-04-2020,0,0,0
Tajikistan,29-04-2020,0,0,0
Tajikistan,30-04-2020,15,0,0
Tajikistan,01-05-2020,15,0,0
Tajikistan,02-05-2020,76,2,0
Tajikistan,03-05-2020,128,2,0
Tajikistan,04-05-2020,230,3,0
Tajikistan,05-05-2020,293,5,0
Tajikistan,06-05-2020,379,8,0
Tajikistan,07-05-2020,461,12,0
Tajikistan,08-05-2020,522,12,0
Tajikistan,09-05-2020,612,20,0
Tajikistan,10-05-2020,612,20,0
Tajikistan,11-05-2020,661,21,0
Tajikistan,12-05-2020,729,21,0
Tajikistan,13-05-2020,801,23,0
Tajikistan,14-05-2020,907,29,0
Tajikistan,15-05-2020,1118,33,0
Tajikistan,16-05-2020,1322,36,0
Tajikistan,17-05-2020,1524,39,0
Tajikistan,18-05-2020,1729,41,0
Tajikistan,19-05-2020,1936,41,641
Tajikistan,20-05-2020,2140,41,470
Tajikistan,21-05-2020,2350,44,470
Tajikistan,22-05-2020,2551,44,1089
Tajikistan,23-05-2020,2738,44,1223
Tajikistan,24-05-2020,2929,46,1301
Tajikistan,25-05-2020,3100,46,1395
Tajikistan,26-05-2020,3266,47,1417
Tajikistan,27-05-2020,3424,47,1575
Tajikistan,28-05-2020,3563,47,1674
Tajikistan,29-05-2020,3686,47,1769
Tajikistan,30-05-2020,3807,47,1865
Tajikistan,31-05-2020,3930,47,2004
Tajikistan,01-06-2020,4013,47,2089
Tajikistan,02-06-2020,4100,47,2217
Tajikistan,03-06-2020,4191,48,2347
Tajikistan,04-06-2020,4289,48,2401
Tajikistan,05-06-2020,4370,48,2491
Tajikistan,06-06-2020,4453,48,2583
Tajikistan,07-06-2020,4529,48,2673
Tajikistan,08-06-2020,4609,48,2763
Tajikistan,09-06-2020,4690,48,2815
Tajikistan,10-06-2020,4763,48,2947
Tajikistan,11-06-2020,4834,49,3062
Tajikistan,12-06-2020,4902,49,3158
Tajikistan,13-06-2020,4971,50,3288
Tajikistan,14-06-2020,5035,50,3409
Tajikistan,15-06-2020,5097,50,3503
Tajikistan,16-06-2020,5160,50,3624
Tajikistan,17-06-2020,5221,51,3700
Tajikistan,18-06-2020,5279,51,3762
Tajikistan,19-06-2020,5338,51,3830
Tajikistan,20-06-2020,5399,52,3894
Tajikistan,21-06-2020,5457,52,3995
Tajikistan,22-06-2020,5513,52,4039
Tajikistan,23-06-2020,5567,52,4109
Tajikistan,24-06-2020,5630,52,4194
Tajikistan,25-06-2020,5691,52,4267
Tajikistan,26-06-2020,5747,52,4331
Tajikistan,27-06-2020,5799,52,4391
Tajikistan,28-06-2020,5849,52,4448
Tajikistan,29-06-2020,5900,52,4506
Tajikistan,30-06-2020,5900,52,4506
Tajikistan,01-07-2020,6005,52,4627
Tajikistan,02-07-2020,6058,52,4690
Tajikistan,03-07-2020,6058,52,4690
Tajikistan,04-07-2020,6159,52,4809
Tajikistan,05-07-2020,6213,53,4858
Tajikistan,06-07-2020,6262,53,4914
Tajikistan,07-07-2020,6315,53,4965
Tajikistan,08-07-2020,6364,54,5011
Tajikistan,09-07-2020,6410,54,5067
Tajikistan,10-07-2020,6457,55,5115
Tajikistan,11-07-2020,6506,55,5176
Tajikistan,12-07-2020,6552,55,5228
Tajikistan,13-07-2020,6596,55,5278
Tajikistan,14-07-2020,6643,56,5332
Tajikistan,15-07-2020,6695,56,5383
Tajikistan,16-07-2020,6741,56,5431
Tajikistan,17-07-2020,6786,56,5483
Tajikistan,18-07-2020,6834,57,5529
Tajikistan,19-07-2020,6878,57,5578
Tajikistan,20-07-2020,6921,57,5629
Tajikistan,21-07-2020,6967,57,5683
Tajikistan,22-07-2020,7015,58,5741
Tajikistan,23-07-2020,7060,58,5793
Tajikistan,24-07-2020,7104,58,5851
Tajikistan,25-07-2020,7150,59,5906
Tajikistan,26-07-2020,7192,59,5970
Tajikistan,27-07-2020,7235,60,6028
Tajikistan,28-07-2020,7276,60,6065
Tajikistan,29-07-2020,7320,60,6103
Tajikistan,30-07-2020,7366,60,6151
Tajikistan,31-07-2020,7409,60,6193
Tajikistan,01-08-2020,7451,60,6233
Tajikistan,02-08-2020,7495,61,6276
Tajikistan,03-08-2020,7538,61,6317
