country,date,confirmed,deaths,recovered
Timor-Leste,22-01-2020,0,0,0
Timor-Leste,23-01-2020,0,0,0
Timor-Leste,24-01-2020,0,0,0
Timor-Leste,25-01-2020,0,0,0
Timor-Leste,26-01-2020,0,0,0
Timor-Leste,27-01-2020,0,0,0
Timor-Leste,28-01-2020,0,0,0
Timor-Leste,29-01-2020,0,0,0
Timor-Leste,30-01-2020,0,0,0
Timor-Leste,31-01-2020,0,0,0
Timor-Leste,01-02-2020,0,0,0
Timor-Leste,02-02-2020,0,0,0
Timor-Leste,03-02-2020,0,0,0
Timor-Leste,04-02-2020,0,0,0
Timor-Leste,05-02-2020,0,0,0
Timor-Leste,06-02-2020,0,0,0
Timor-Leste,07-02-2020,0,0,0
Timor-Leste,08-02-2020,0,0,0
Timor-Leste,09-02-2020,0,0,0
Timor-Leste,10-02-2020,0,0,0
Timor-Leste,11-02-2020,0,0,0
Timor-Leste,12-02-2020,0,0,0
Timor-Leste,13-02-2020,0,0,0
Timor-Leste,14-02-2020,0,0,0
Timor-Leste,15-02-2020,0,0,0
Timor-Leste,16-02-2020,0,0,0
Timor-Leste,17-02-2020,0,0,0
Timor-Leste,18-02-2020,0,0,0
Timor-Leste,19-02-2020,0,0,0
Timor-Leste,20-02-2020,0,0,0
Timor-Leste,21-02-2020,0,0,0
Timor-Leste,22-02-2020,0,0,0
Timor-Leste,23-02-2020,0,0,0
Timor-Leste,24-02-2020,0,0,0
Timor-Leste,25-02-2020,0,0,0
Timor-Leste,26-02-2020,0,0,0
Timor-Leste,27-02-2020,0,0,0
Timor-Leste,28-02-2020,0,0,0
Timor-Leste,29-02-2020,0,0,0
Timor-Leste,01-03-2020,0,0,0
Timor-Leste,02-03-2020,0,0,0
Timor-Leste,03-03-2020,0,0,0
Timor-Leste,04-03-2020,0,0,0
Timor-Leste,05-03-2020,0,0,0
Timor-Leste,06-03-2020,0,0,0
Timor-Leste,07-03-2020,0,0,0
Timor-Leste,08-03-2020,0,0,0
Timor-Leste,09-03-2020,0,0,0
Timor-Leste,10-03-2020,0,0,0
Timor-Leste,11-03-2020,0,0,0
Timor-Leste,12-03-2020,0,0,0
Timor-Leste,13-03-2020,0,0,0
Timor-Leste,14-03-2020,0,0,0
Timor-Leste,15-03-2020,0,0,0
Timor-Leste,16-03-2020,0,0,0
Timor-Leste,17-03-2020,0,0,0
Timor-Leste,18-03-2020,0,0,0
Timor-Leste,19-03-2020,0,0,0
Timor-Leste,20-03-2020,0,0,0
Timor-Leste,21-03-2020,0,0,0
Timor-Leste,22-03-2020,1,0,0
Timor-Leste,23-03-2020,1,0,0
Timor-Leste,24-03-2020,1,0,0
Timor-Leste,25-03-2020,1,0,0
Timor-Leste,26-03-2020,1,0,0
Timor-Leste,27-03-2020,1,0,0
Timor-Leste,28-03-2020,1,0,0
Timor-Leste,29-03-2020,1,0,0
Timor-Leste,30-03-2020,1,0,0
Timor-Leste,31-03-2020,1,0,0
Timor-Leste,01-04-2020,1,0,0
Timor-Leste,02-04-2020,1,0,0
Timor-Leste,03-04-2020,1,0,0
Timor-Leste,04-04-2020,1,0,0
Timor-Leste,05-04-2020,1,0,0
Timor-Leste,06-04-2020,1,0,0
Timor-Leste,07-04-2020,1,0,0
Timor-Leste,08-04-2020,1,0,0
Timor-Leste,09-04-2020,1,0,0
Timor-Leste,10-04-2020,2,0,1
Timor-Leste,11-04-2020,2,0,1
Timor-Leste,12-04-2020,2,0,1
Timor-Leste,13-04-2020,4,0,1
Timor-Leste,14-04-2020,6,0,1
Timor-Leste,15-04-2020,8,0,1
Timor-Leste,16-04-2020,18,0,1
Timor-Leste,17-04-2020,18,0,1
Timor-Leste,18-04-2020,18,0,1
Timor-Leste,19-04-2020,19,0,1
Timor-Leste,20-04-2020,22,0,1
Timor-Leste,21-04-2020,23,0,1
Timor-Leste,22-04-2020,23,0,1
Timor-Leste,23-04-2020,23,0,1
Timor-Leste,24-04-2020,24,0,2
Timor-Leste,25-04-2020,24,0,2
Timor-Leste,26-04-2020,24,0,2
Timor-Leste,27-04-2020,24,0,2
Timor-Leste,28-04-2020,24,0,6
Timor-Leste,29-04-2020,24,0,6
Timor-Leste,30-04-2020,24,0,16
Timor-Leste,01-05-2020,24,0,16
Timor-Leste,02-05-2020,24,0,16
Timor-Leste,03-05-2020,24,0,16
Timor-Leste,04-05-2020,24,0,20
Timor-Leste,05-05-2020,24,0,20
Timor-Leste,06-05-2020,24,0,20
Timor-Leste,07-05-2020,24,0,21
Timor-Leste,08-05-2020,24,0,21
Timor-Leste,09-05-2020,24,0,21
Timor-Leste,10-05-2020,24,0,21
Timor-Leste,11-05-2020,24,0,21
Timor-Leste,12-05-2020,24,0,21
Timor-Leste,13-05-2020,24,0,21
Timor-Leste,14-05-2020,24,0,21
Timor-Leste,15-05-2020,24,0,24
Timor-Leste,16-05-2020,24,0,24
Timor-Leste,17-05-2020,24,0,24
Timor-Leste,18-05-2020,24,0,24
Timor-Leste,19-05-2020,24,0,24
Timor-Leste,20-05-2020,24,0,24
Timor-Leste,21-05-2020,24,0,24
Timor-Leste,22-05-2020,24,0,24
Timor-Leste,23-05-2020,24,0,24
Timor-Leste,24-05-2020,24,0,24
Timor-Leste,25-05-2020,24,0,24
Timor-Leste,26-05-2020,24,0,24
Timor-Leste,27-05-2020,24,0,24
Timor-Leste,28-05-2020,24,0,24
Timor-Leste,29-05-2020,24,0,24
Timor-Leste,30-05-2020,24,0,24
Timor-Leste,31-05-2020,24,0,24
Timor-Leste,01-06-2020,24,0,24
Timor-Leste,02-06-2020,24,0,24
Timor-Leste,03-06-2020,24,0,24
Timor-Leste,04-06-2020,24,0,24
Timor-Leste,05-06-2020,24,0,24
Timor-Leste,06-06-2020,24,0,24
Timor-Leste,07-06-2020,24,0,24
Timor-Leste,08-06-2020,24,0,24
Timor-Leste,09-06-2020,24,0,24
Timor-Leste,10-06-2020,24,0,24
Timor-Leste,11-06-2020,24,0,24
Timor-Leste,12-06-2020,24,0,24
Timor-Leste,13-06-2020,24,0,24
Timor-Leste,14-06-2020,24,0,24
Timor-Leste,15-06-2020,24,0,24
Timor-Leste,16-06-2020,24,0,24
Timor-Leste,17-06-2020,24,0,24
Timor-Leste,18-06-2020,24,0,24
Timor-Leste,19-06-2020,24,0,24
Timor-Leste,20-06-2020,24,0,24
Timor-Leste,21-06-2020,24,0,24
Timor-Leste,22-06-2020,24,0,24
Timor-Leste,23-06-2020,24,0,24
Timor-Leste,24-06-2020,24,0,24
Timor-Leste,25-06-2020,24,0,24
Timor-Leste,26-06-2020,24,0,24
Timor-Leste,27-06-2020,24,0,24
Timor-Leste,28-06-2020,24,0,24
Timor-Leste,29-06-2020,24,0,24
Timor-Leste,30-06-2020,24,0,24
Timor-Leste,01-07-2020,24,0,24
Timor-Leste,02-07-2020,24,0,24
Timor-Leste,03-07-2020,24,0,24
Timor-Leste,04-07-2020,24,0,24
Timor-Leste,05-07-2020,24,0,24
Timor-Leste,06-07-2020,24,0,24
Timor-Leste,07-07-2020,24,0,24
Timor-Leste,08-07-2020,24,0,24
Timor-Leste,09-07-2020,24,0,24
Timor-Leste,10-07-2020,24,0,24
Timor-Leste,11-07-2020,24,0,24
Timor-Leste,12-07-2020,24,0,24
Timor-Leste,13-07-2020,24,0,24
Timor-Leste,14-07-2020,24,0,24
Timor-Leste,15-07-2020,24,0,24
Timor-Leste,16-07-2020,24,0,24
Timor-Leste,17-07-2020,24,0,24
Timor-Leste,18-07-2020,24,0,24
Timor-Leste,19-07-2020,24,0,24
Timor-Leste,20-07-2020,24,0,24
Timor-Leste,21-07-2020,24,0,24
Timor-Leste,22-07-2020,24,0,24
Timor-Leste,23-07-2020,24,0,24
Timor-Leste,24-07-2020,24,0,24
Timor-Leste,25-07-2020,24,0,24
Timor-Leste,26-07-2020,24,0,24
Timor-Leste,27-07-2020,24,0,24
Timor-Leste,28-07-2020,24,0,24
Timor-Leste,29-07-2020,24,0,24
Timor-Leste,30-07-2020,24,0,24
Timor-Leste,31-07-2020,24,0,24
Timor-Leste,01-08-2020,24,0,24
Timor-Leste,02-08-2020,24,0,24
Timor-Leste,03-08-2020,24,0,24
