country,date,confirmed,deaths,recovered
Trinidad and Tobago,22-01-2020,0,0,0
Trinidad and Tobago,23-01-2020,0,0,0
Trinidad and Tobago,24-01-2020,0,0,0
Trinidad and Tobago,25-01-2020,0,0,0
Trinidad and Tobago,26-01-2020,0,0,0
Trinidad and Tobago,27-01-2020,0,0,0
Trinidad and Tobago,28-01-2020,0,0,0
Trinidad and Tobago,29-01-2020,0,0,0
Trinidad and Tobago,30-01-2020,0,0,0
Trinidad and Tobago,31-01-2020,0,0,0
Trinidad and Tobago,01-02-2020,0,0,0
Trinidad and Tobago,02-02-2020,0,0,0
Trinidad and Tobago,03-02-2020,0,0,0
Trinidad and Tobago,04-02-2020,0,0,0
Trinidad and Tobago,05-02-2020,0,0,0
Trinidad and Tobago,06-02-2020,0,0,0
Trinidad and Tobago,07-02-2020,0,0,0
Trinidad and Tobago,08-02-2020,0,0,0
Trinidad and Tobago,09-02-2020,0,0,0
Trinidad and Tobago,10-02-2020,0,0,0
Trinidad and Tobago,11-02-2020,0,0,0
Trinidad and Tobago,12-02-2020,0,0,0
Trinidad and Tobago,13-02-2020,0,0,0
Trinidad and Tobago,14-02-2020,0,0,0
Trinidad and Tobago,15-02-2020,0,0,0
Trinidad and Tobago,16-02-2020,0,0,0
Trinidad and Tobago,17-02-2020,0,0,0
Trinidad and Tobago,18-02-2020,0,0,0
Trinidad and Tobago,19-02-2020,0,0,0
Trinidad and Tobago,20-02-2020,0,0,0
Trinidad and Tobago,21-02-2020,0,0,0
Trinidad and Tobago,22-02-2020,0,0,0
Trinidad and Tobago,23-02-2020,0,0,0
Trinidad and Tobago,24-02-2020,0,0,0
Trinidad and Tobago,25-02-2020,0,0,0
Trinidad and Tobago,26-02-2020,0,0,0
Trinidad and Tobago,27-02-2020,0,0,0
Trinidad and Tobago,28-02-2020,0,0,0
Trinidad and Tobago,29-02-2020,0,0,0
Trinidad and Tobago,01-03-2020,0,0,0
Trinidad and Tobago,02-03-2020,0,0,0
Trinidad and Tobago,03-03-2020,0,0,0
Trinidad and Tobago,04-03-2020,0,0,0
Trinidad and Tobago,05-03-2020,0,0,0
Trinidad and Tobago,06-03-2020,0,0,0
Trinidad and Tobago,07-03-2020,0,0,0
Trinidad and Tobago,08-03-2020,0,0,0
Trinidad and Tobago,09-03-2020,0,0,0
Trinidad and Tobago,10-03-2020,0,0,0
Trinidad and Tobago,11-03-2020,0,0,0
Trinidad and Tobago,12-03-2020,0,0,0
Trinidad and Tobago,13-03-2020,0,0,0
Trinidad and Tobago,14-03-2020,2,0,0
Trinidad and Tobago,15-03-2020,2,0,0
Trinidad and Tobago,16-03-2020,4,0,0
Trinidad and Tobago,17-03-2020,5,0,0
Trinidad and Tobago,18-03-2020,7,0,0
Trinidad and Tobago,19-03-2020,9,0,0
Trinidad and Tobago,20-03-2020,9,0,0
Trinidad and Tobago,21-03-2020,49,0,1
Trinidad and Tobago,22-03-2020,50,0,1
Trinidad and Tobago,23-03-2020,51,0,1
Trinidad and Tobago,24-03-2020,57,0,0
Trinidad and Tobago,25-03-2020,60,1,0
Trinidad and Tobago,26-03-2020,65,1,0
Trinidad and Tobago,27-03-2020,66,2,1
Trinidad and Tobago,28-03-2020,74,3,1
Trinidad and Tobago,29-03-2020,78,3,1
Trinidad and Tobago,30-03-2020,82,3,1
Trinidad and Tobago,31-03-2020,87,3,1
Trinidad and Tobago,01-04-2020,90,5,1
Trinidad and Tobago,02-04-2020,94,5,1
Trinidad and Tobago,03-04-2020,98,6,1
Trinidad and Tobago,04-04-2020,103,6,1
Trinidad and Tobago,05-04-2020,104,7,1
Trinidad and Tobago,06-04-2020,105,8,1
Trinidad and Tobago,07-04-2020,107,8,1
Trinidad and Tobago,08-04-2020,107,8,1
Trinidad and Tobago,09-04-2020,109,8,1
Trinidad and Tobago,10-04-2020,109,8,1
Trinidad and Tobago,11-04-2020,112,8,12
Trinidad and Tobago,12-04-2020,113,8,16
Trinidad and Tobago,13-04-2020,113,8,16
Trinidad and Tobago,14-04-2020,113,8,17
Trinidad and Tobago,15-04-2020,114,8,19
Trinidad and Tobago,16-04-2020,114,8,20
Trinidad and Tobago,17-04-2020,114,8,20
Trinidad and Tobago,18-04-2020,114,8,21
Trinidad and Tobago,19-04-2020,114,8,21
Trinidad and Tobago,20-04-2020,114,8,22
Trinidad and Tobago,21-04-2020,115,8,28
Trinidad and Tobago,22-04-2020,115,8,37
Trinidad and Tobago,23-04-2020,115,8,48
Trinidad and Tobago,24-04-2020,115,8,48
Trinidad and Tobago,25-04-2020,115,8,53
Trinidad and Tobago,26-04-2020,115,8,54
Trinidad and Tobago,27-04-2020,116,8,59
Trinidad and Tobago,28-04-2020,116,8,59
Trinidad and Tobago,29-04-2020,116,8,71
Trinidad and Tobago,30-04-2020,116,8,72
Trinidad and Tobago,01-05-2020,116,8,83
Trinidad and Tobago,02-05-2020,116,8,88
Trinidad and Tobago,03-05-2020,116,8,93
Trinidad and Tobago,04-05-2020,116,8,99
Trinidad and Tobago,05-05-2020,116,8,103
Trinidad and Tobago,06-05-2020,116,8,103
Trinidad and Tobago,07-05-2020,116,8,103
Trinidad and Tobago,08-05-2020,116,8,103
Trinidad and Tobago,09-05-2020,116,8,104
Trinidad and Tobago,10-05-2020,116,8,107
Trinidad and Tobago,11-05-2020,116,8,107
Trinidad and Tobago,12-05-2020,116,8,107
Trinidad and Tobago,13-05-2020,116,8,107
Trinidad and Tobago,14-05-2020,116,8,107
Trinidad and Tobago,15-05-2020,116,8,107
Trinidad and Tobago,16-05-2020,116,8,107
Trinidad and Tobago,17-05-2020,116,8,107
Trinidad and Tobago,18-05-2020,116,8,107
Trinidad and Tobago,19-05-2020,116,8,107
Trinidad and Tobago,20-05-2020,116,8,107
Trinidad and Tobago,21-05-2020,116,8,108
Trinidad and Tobago,22-05-2020,116,8,108
Trinidad and Tobago,23-05-2020,116,8,108
Trinidad and Tobago,24-05-2020,116,8,108
Trinidad and Tobago,25-05-2020,116,8,108
Trinidad and Tobago,26-05-2020,116,8,108
Trinidad and Tobago,27-05-2020,116,8,108
Trinidad and Tobago,28-05-2020,116,8,108
Trinidad and Tobago,29-05-2020,116,8,108
Trinidad and Tobago,30-05-2020,117,8,108
Trinidad and Tobago,31-05-2020,117,8,108
Trinidad and Tobago,01-06-2020,117,8,108
Trinidad and Tobago,02-06-2020,117,8,108
Trinidad and Tobago,03-06-2020,117,8,108
Trinidad and Tobago,04-06-2020,117,8,108
Trinidad and Tobago,05-06-2020,117,8,108
Trinidad and Tobago,06-06-2020,117,8,108
Trinidad and Tobago,07-06-2020,117,8,108
Trinidad and Tobago,08-06-2020,117,8,109
Trinidad and Tobago,09-06-2020,117,8,109
Trinidad and Tobago,10-06-2020,117,8,109
Trinidad and Tobago,11-06-2020,117,8,109
Trinidad and Tobago,12-06-2020,117,8,109
Trinidad and Tobago,13-06-2020,117,8,109
Trinidad and Tobago,14-06-2020,123,8,109
Trinidad and Tobago,15-06-2020,123,8,109
Trinidad and Tobago,16-06-2020,123,8,109
Trinidad and Tobago,17-06-2020,123,8,109
Trinidad and Tobago,18-06-2020,123,8,109
Trinidad and Tobago,19-06-2020,123,8,109
Trinidad and Tobago,20-06-2020,123,8,109
Trinidad and Tobago,21-06-2020,123,8,109
Trinidad and Tobago,22-06-2020,123,8,109
Trinidad and Tobago,23-06-2020,123,8,109
Trinidad and Tobago,24-06-2020,123,8,109
Trinidad and Tobago,25-06-2020,123,8,109
Trinidad and Tobago,26-06-2020,124,8,109
Trinidad and Tobago,27-06-2020,126,8,109
Trinidad and Tobago,28-06-2020,126,8,109
Trinidad and Tobago,29-06-2020,126,8,109
Trinidad and Tobago,30-06-2020,130,8,113
Trinidad and Tobago,01-07-2020,130,8,115
Trinidad and Tobago,02-07-2020,130,8,115
Trinidad and Tobago,03-07-2020,130,8,115
Trinidad and Tobago,04-07-2020,130,8,115
Trinidad and Tobago,05-07-2020,133,8,115
Trinidad and Tobago,06-07-2020,133,8,117
Trinidad and Tobago,07-07-2020,133,8,117
Trinidad and Tobago,08-07-2020,133,8,117
Trinidad and Tobago,09-07-2020,133,8,120
Trinidad and Tobago,10-07-2020,133,8,120
Trinidad and Tobago,11-07-2020,133,8,120
Trinidad and Tobago,12-07-2020,133,8,120
Trinidad and Tobago,13-07-2020,133,8,124
Trinidad and Tobago,14-07-2020,133,8,124
Trinidad and Tobago,15-07-2020,133,8,124
Trinidad and Tobago,16-07-2020,133,8,124
Trinidad and Tobago,17-07-2020,136,8,124
Trinidad and Tobago,18-07-2020,137,8,124
Trinidad and Tobago,19-07-2020,137,8,124
Trinidad and Tobago,20-07-2020,137,8,124
Trinidad and Tobago,21-07-2020,139,8,124
Trinidad and Tobago,22-07-2020,141,8,127
Trinidad and Tobago,23-07-2020,141,8,128
Trinidad and Tobago,24-07-2020,142,8,128
Trinidad and Tobago,25-07-2020,147,8,128
Trinidad and Tobago,26-07-2020,147,8,128
Trinidad and Tobago,27-07-2020,148,8,128
Trinidad and Tobago,28-07-2020,153,8,128
Trinidad and Tobago,29-07-2020,156,8,128
Trinidad and Tobago,30-07-2020,164,8,130
Trinidad and Tobago,31-07-2020,169,8,132
Trinidad and Tobago,01-08-2020,173,8,132
Trinidad and Tobago,02-08-2020,182,8,132
Trinidad and Tobago,03-08-2020,182,8,135
