country,date,confirmed,deaths,recovered
United Kingdom,22-01-2020,0,0,0
United Kingdom,23-01-2020,0,0,0
United Kingdom,24-01-2020,0,0,0
United Kingdom,25-01-2020,0,0,0
United Kingdom,26-01-2020,0,0,0
United Kingdom,27-01-2020,0,0,0
United Kingdom,28-01-2020,0,0,0
United Kingdom,29-01-2020,0,0,0
United Kingdom,30-01-2020,0,0,0
United Kingdom,31-01-2020,2,0,0
United Kingdom,01-02-2020,2,0,0
United Kingdom,02-02-2020,2,0,0
United Kingdom,03-02-2020,8,0,0
United Kingdom,04-02-2020,8,0,0
United Kingdom,05-02-2020,9,0,0
United Kingdom,06-02-2020,9,0,0
United Kingdom,07-02-2020,9,0,0
United Kingdom,08-02-2020,13,0,0
United Kingdom,09-02-2020,14,0,0
United Kingdom,10-02-2020,14,0,0
United Kingdom,11-02-2020,15,0,0
United Kingdom,12-02-2020,16,0,1
United Kingdom,13-02-2020,17,0,1
United Kingdom,14-02-2020,18,0,1
United Kingdom,15-02-2020,18,0,1
United Kingdom,16-02-2020,18,0,8
United Kingdom,17-02-2020,19,0,8
United Kingdom,18-02-2020,19,0,8
United Kingdom,19-02-2020,20,0,8
United Kingdom,20-02-2020,22,0,8
United Kingdom,21-02-2020,23,0,8
United Kingdom,22-02-2020,23,0,8
United Kingdom,23-02-2020,28,0,8
United Kingdom,24-02-2020,30,0,8
United Kingdom,25-02-2020,34,0,8
United Kingdom,26-02-2020,37,0,8
United Kingdom,27-02-2020,44,0,8
United Kingdom,28-02-2020,56,0,8
United Kingdom,29-02-2020,61,0,8
United Kingdom,01-03-2020,94,0,8
United Kingdom,02-03-2020,134,0,8
United Kingdom,03-03-2020,189,0,8
United Kingdom,04-03-2020,246,0,8
United Kingdom,05-03-2020,295,0,8
United Kingdom,06-03-2020,374,1,8
United Kingdom,07-03-2020,429,2,18
United Kingdom,08-03-2020,483,2,18
United Kingdom,09-03-2020,630,3,18
United Kingdom,10-03-2020,889,7,19
United Kingdom,11-03-2020,1301,7,19
United Kingdom,12-03-2020,1790,9,19
United Kingdom,13-03-2020,2270,10,19
United Kingdom,14-03-2020,2634,28,19
United Kingdom,15-03-2020,3077,43,19
United Kingdom,16-03-2020,3692,66,21
United Kingdom,17-03-2020,4462,82,53
United Kingdom,18-03-2020,5467,116,67
United Kingdom,19-03-2020,6533,159,67
United Kingdom,20-03-2020,7791,195,67
United Kingdom,21-03-2020,9006,251,67
United Kingdom,22-03-2020,10395,286,67
United Kingdom,23-03-2020,12744,360,67
United Kingdom,24-03-2020,15126,509,140
United Kingdom,25-03-2020,17843,696,140
United Kingdom,26-03-2020,20970,880,150
United Kingdom,27-03-2020,24219,1164,151
United Kingdom,28-03-2020,27062,1458,151
United Kingdom,29-03-2020,29954,1673,151
United Kingdom,30-03-2020,34281,2047,171
United Kingdom,31-03-2020,38815,2430,179
United Kingdom,01-04-2020,43789,3101,179
United Kingdom,02-04-2020,48718,3753,192
United Kingdom,03-04-2020,53699,4468,208
United Kingdom,04-04-2020,57772,5229,215
United Kingdom,05-04-2020,61422,5875,229
United Kingdom,06-04-2020,66738,6446,287
United Kingdom,07-04-2020,72224,7484,325
United Kingdom,08-04-2020,77387,8520,345
United Kingdom,09-04-2020,82293,9631,359
United Kingdom,10-04-2020,86660,10784,588
United Kingdom,11-04-2020,90273,11625,622
United Kingdom,12-04-2020,93812,12311,626
United Kingdom,13-04-2020,98017,13056,304
United Kingdom,14-04-2020,102365,14107,323
United Kingdom,15-04-2020,107465,14953,368
United Kingdom,16-04-2020,112808,15986,375
United Kingdom,17-04-2020,117798,16923,394
United Kingdom,18-04-2020,122534,18041,414
United Kingdom,19-04-2020,126394,18540,436
United Kingdom,20-04-2020,131260,19105,446
United Kingdom,21-04-2020,136035,20278,638
United Kingdom,22-04-2020,141540,21125,683
United Kingdom,23-04-2020,146708,21854,712
United Kingdom,24-04-2020,151689,22868,724
United Kingdom,25-04-2020,155453,23712,774
United Kingdom,26-04-2020,158926,24132,778
United Kingdom,27-04-2020,163630,24473,807
United Kingdom,28-04-2020,168357,25386,813
United Kingdom,29-04-2020,173807,26183,857
United Kingdom,30-04-2020,178771,26859,859
United Kingdom,01-05-2020,183501,27601,892
United Kingdom,02-05-2020,186731,28223,896
United Kingdom,03-05-2020,189708,28538,901
United Kingdom,04-05-2020,193091,28827,910
United Kingdom,05-05-2020,196780,29520,926
United Kingdom,06-05-2020,200616,30172,934
United Kingdom,07-05-2020,204387,30712,970
United Kingdom,08-05-2020,207439,31340,997
United Kingdom,09-05-2020,209589,31685,1001
United Kingdom,10-05-2020,211911,31954,1002
United Kingdom,11-05-2020,215500,32166,1015
United Kingdom,12-05-2020,218895,32797,1023
United Kingdom,13-05-2020,222195,33294,1032
United Kingdom,14-05-2020,224813,33723,1043
United Kingdom,15-05-2020,227334,34108,1047
United Kingdom,16-05-2020,229406,34588,1058
United Kingdom,17-05-2020,231232,34758,1058
United Kingdom,18-05-2020,233809,34918,1090
United Kingdom,19-05-2020,236867,35467,1099
United Kingdom,20-05-2020,239579,35837,1116
United Kingdom,21-05-2020,242133,36175,1134
United Kingdom,22-05-2020,244174,36533,1142
United Kingdom,23-05-2020,245682,36816,1149
United Kingdom,24-05-2020,247037,37257,1151
United Kingdom,25-05-2020,248650,37379,1161
United Kingdom,26-05-2020,250309,37515,1161
United Kingdom,27-05-2020,252118,37958,1166
United Kingdom,28-05-2020,253854,38374,1167
United Kingdom,29-05-2020,255362,38747,1172
United Kingdom,30-05-2020,256469,38977,1187
United Kingdom,31-05-2020,257539,39092,1190
United Kingdom,01-06-2020,258983,39203,1221
United Kingdom,02-06-2020,260453,39530,1224
United Kingdom,03-06-2020,261802,39895,1212
United Kingdom,04-06-2020,263040,40072,1219
United Kingdom,05-06-2020,264150,40430,1228
United Kingdom,06-06-2020,264944,40637,1230
United Kingdom,07-06-2020,265662,40714,1239
United Kingdom,08-06-2020,266756,40769,1255
United Kingdom,09-06-2020,267915,41060,1257
United Kingdom,10-06-2020,269101,41310,1269
United Kingdom,11-06-2020,270108,41462,1278
United Kingdom,12-06-2020,271162,41666,1282
United Kingdom,13-06-2020,272050,41849,1283
United Kingdom,14-06-2020,272857,41885,1283
United Kingdom,15-06-2020,273888,41923,1284
United Kingdom,16-06-2020,274971,42159,1293
United Kingdom,17-06-2020,275970,42343,1304
United Kingdom,18-06-2020,276990,42480,1313
United Kingdom,19-06-2020,277974,42653,1319
United Kingdom,20-06-2020,278640,42783,1319
United Kingdom,21-06-2020,279264,42826,1319
United Kingdom,22-06-2020,280156,42840,1322
United Kingdom,23-06-2020,281038,43011,1330
United Kingdom,24-06-2020,281815,43165,1345
United Kingdom,25-06-2020,282512,43314,1361
United Kingdom,26-06-2020,283151,43498,1363
United Kingdom,27-06-2020,283785,43598,1364
United Kingdom,28-06-2020,284192,43634,1364
United Kingdom,29-06-2020,284812,43659,1368
United Kingdom,30-06-2020,285216,43815,1370
United Kingdom,01-07-2020,285279,43991,1372
United Kingdom,02-07-2020,285285,44080,1373
United Kingdom,03-07-2020,285787,44216,1375
United Kingdom,04-07-2020,286412,44283,1375
United Kingdom,05-07-2020,286931,44305,1375
United Kingdom,06-07-2020,287290,44321,1375
United Kingdom,07-07-2020,287874,44476,1375
United Kingdom,08-07-2020,288511,44602,1378
United Kingdom,09-07-2020,289154,44687,1378
United Kingdom,10-07-2020,289678,44735,1378
United Kingdom,11-07-2020,290504,44883,1378
United Kingdom,12-07-2020,291154,44904,1378
United Kingdom,13-07-2020,291691,44915,1384
United Kingdom,14-07-2020,292931,45053,1385
United Kingdom,15-07-2020,293469,45138,1386
United Kingdom,16-07-2020,294116,45204,1403
United Kingdom,17-07-2020,294803,45318,1403
United Kingdom,18-07-2020,295632,45358,1413
United Kingdom,19-07-2020,296358,45385,1413
United Kingdom,20-07-2020,296944,45397,1413
United Kingdom,21-07-2020,297389,45507,1414
United Kingdom,22-07-2020,297952,45586,1416
United Kingdom,23-07-2020,298731,45639,1425
United Kingdom,24-07-2020,299500,45762,1425
United Kingdom,25-07-2020,300270,45823,1427
United Kingdom,26-07-2020,301020,45837,1434
United Kingdom,27-07-2020,301708,45844,1437
United Kingdom,28-07-2020,302261,45963,1438
United Kingdom,29-07-2020,303063,46046,1438
United Kingdom,30-07-2020,303910,46084,1438
United Kingdom,31-07-2020,304793,46204,1439
United Kingdom,01-08-2020,305562,46278,1441
United Kingdom,02-08-2020,306309,46286,1444
United Kingdom,03-08-2020,307251,46295,1445
