country,date,confirmed,deaths,recovered
United Arab Emirates,22-01-2020,0,0,0
United Arab Emirates,23-01-2020,0,0,0
United Arab Emirates,24-01-2020,0,0,0
United Arab Emirates,25-01-2020,0,0,0
United Arab Emirates,26-01-2020,0,0,0
United Arab Emirates,27-01-2020,0,0,0
United Arab Emirates,28-01-2020,0,0,0
United Arab Emirates,29-01-2020,4,0,0
United Arab Emirates,30-01-2020,4,0,0
United Arab Emirates,31-01-2020,4,0,0
United Arab Emirates,01-02-2020,4,0,0
United Arab Emirates,02-02-2020,5,0,0
United Arab Emirates,03-02-2020,5,0,0
United Arab Emirates,04-02-2020,5,0,0
United Arab Emirates,05-02-2020,5,0,0
United Arab Emirates,06-02-2020,5,0,0
United Arab Emirates,07-02-2020,5,0,0
United Arab Emirates,08-02-2020,7,0,0
United Arab Emirates,09-02-2020,7,0,0
United Arab Emirates,10-02-2020,8,0,0
United Arab Emirates,11-02-2020,8,0,0
United Arab Emirates,12-02-2020,8,0,1
United Arab Emirates,13-02-2020,8,0,1
United Arab Emirates,14-02-2020,8,0,1
United Arab Emirates,15-02-2020,8,0,3
United Arab Emirates,16-02-2020,9,0,4
United Arab Emirates,17-02-2020,9,0,4
United Arab Emirates,18-02-2020,9,0,4
United Arab Emirates,19-02-2020,9,0,4
United Arab Emirates,20-02-2020,9,0,4
United Arab Emirates,21-02-2020,9,0,4
United Arab Emirates,22-02-2020,13,0,4
United Arab Emirates,23-02-2020,13,0,4
United Arab Emirates,24-02-2020,13,0,4
United Arab Emirates,25-02-2020,13,0,4
United Arab Emirates,26-02-2020,13,0,4
United Arab Emirates,27-02-2020,13,0,4
United Arab Emirates,28-02-2020,19,0,5
United Arab Emirates,29-02-2020,21,0,5
United Arab Emirates,01-03-2020,21,0,5
United Arab Emirates,02-03-2020,21,0,5
United Arab Emirates,03-03-2020,27,0,5
United Arab Emirates,04-03-2020,27,0,5
United Arab Emirates,05-03-2020,29,0,5
United Arab Emirates,06-03-2020,29,0,5
United Arab Emirates,07-03-2020,45,0,7
United Arab Emirates,08-03-2020,45,0,7
United Arab Emirates,09-03-2020,45,0,7
United Arab Emirates,10-03-2020,74,0,12
United Arab Emirates,11-03-2020,74,0,17
United Arab Emirates,12-03-2020,85,0,17
United Arab Emirates,13-03-2020,85,0,17
United Arab Emirates,14-03-2020,85,0,17
United Arab Emirates,15-03-2020,98,0,23
United Arab Emirates,16-03-2020,98,0,23
United Arab Emirates,17-03-2020,98,0,23
United Arab Emirates,18-03-2020,113,0,26
United Arab Emirates,19-03-2020,140,0,31
United Arab Emirates,20-03-2020,140,2,31
United Arab Emirates,21-03-2020,153,2,38
United Arab Emirates,22-03-2020,153,2,38
United Arab Emirates,23-03-2020,198,2,38
United Arab Emirates,24-03-2020,248,2,45
United Arab Emirates,25-03-2020,333,2,52
United Arab Emirates,26-03-2020,333,2,52
United Arab Emirates,27-03-2020,405,2,52
United Arab Emirates,28-03-2020,468,2,52
United Arab Emirates,29-03-2020,570,3,58
United Arab Emirates,30-03-2020,611,5,61
United Arab Emirates,31-03-2020,664,6,61
United Arab Emirates,01-04-2020,814,8,61
United Arab Emirates,02-04-2020,1024,8,96
United Arab Emirates,03-04-2020,1264,9,108
United Arab Emirates,04-04-2020,1505,10,125
United Arab Emirates,05-04-2020,1799,10,144
United Arab Emirates,06-04-2020,2076,11,167
United Arab Emirates,07-04-2020,2359,12,186
United Arab Emirates,08-04-2020,2659,12,239
United Arab Emirates,09-04-2020,2990,14,268
United Arab Emirates,10-04-2020,3360,16,418
United Arab Emirates,11-04-2020,3736,20,588
United Arab Emirates,12-04-2020,4123,22,680
United Arab Emirates,13-04-2020,4521,25,852
United Arab Emirates,14-04-2020,4933,28,933
United Arab Emirates,15-04-2020,5365,33,1034
United Arab Emirates,16-04-2020,5825,35,1095
United Arab Emirates,17-04-2020,6302,37,1188
United Arab Emirates,18-04-2020,6302,37,1188
United Arab Emirates,19-04-2020,6781,41,1286
United Arab Emirates,20-04-2020,7265,43,1360
United Arab Emirates,21-04-2020,7755,46,1443
United Arab Emirates,22-04-2020,8238,52,1546
United Arab Emirates,23-04-2020,8756,56,1637
United Arab Emirates,24-04-2020,9281,64,1760
United Arab Emirates,25-04-2020,9813,71,1887
United Arab Emirates,26-04-2020,10349,76,1978
United Arab Emirates,27-04-2020,10839,82,2090
United Arab Emirates,28-04-2020,11380,89,2181
United Arab Emirates,29-04-2020,11929,98,2329
United Arab Emirates,30-04-2020,12481,105,2429
United Arab Emirates,01-05-2020,13038,111,2543
United Arab Emirates,02-05-2020,13599,119,2664
United Arab Emirates,03-05-2020,14163,126,2763
United Arab Emirates,04-05-2020,14730,137,2966
United Arab Emirates,05-05-2020,15192,146,3153
United Arab Emirates,06-05-2020,15738,157,3359
United Arab Emirates,07-05-2020,16240,165,3572
United Arab Emirates,08-05-2020,16793,174,3837
United Arab Emirates,09-05-2020,17417,185,4295
United Arab Emirates,10-05-2020,18198,198,4804
United Arab Emirates,11-05-2020,18878,201,5381
United Arab Emirates,12-05-2020,19661,203,6012
United Arab Emirates,13-05-2020,20386,206,6523
United Arab Emirates,14-05-2020,21084,208,6930
United Arab Emirates,15-05-2020,21831,210,7328
United Arab Emirates,16-05-2020,22627,214,7931
United Arab Emirates,17-05-2020,23358,220,8512
United Arab Emirates,18-05-2020,24190,224,9577
United Arab Emirates,19-05-2020,25063,227,10791
United Arab Emirates,20-05-2020,26004,233,11809
United Arab Emirates,21-05-2020,26898,237,12755
United Arab Emirates,22-05-2020,27892,241,13798
United Arab Emirates,23-05-2020,28704,244,14495
United Arab Emirates,24-05-2020,29485,245,15056
United Arab Emirates,25-05-2020,30307,248,15657
United Arab Emirates,26-05-2020,31086,253,15982
United Arab Emirates,27-05-2020,31969,255,16371
United Arab Emirates,28-05-2020,32532,258,16685
United Arab Emirates,29-05-2020,33170,260,17097
United Arab Emirates,30-05-2020,33896,262,17546
United Arab Emirates,31-05-2020,34557,264,17932
United Arab Emirates,01-06-2020,35192,266,18338
United Arab Emirates,02-06-2020,35788,269,18726
United Arab Emirates,03-06-2020,36359,270,19153
United Arab Emirates,04-06-2020,37018,273,19572
United Arab Emirates,05-06-2020,37642,274,20337
United Arab Emirates,06-06-2020,38268,275,21061
United Arab Emirates,07-06-2020,38808,276,21806
United Arab Emirates,08-06-2020,39376,281,22275
United Arab Emirates,09-06-2020,39904,283,22740
United Arab Emirates,10-06-2020,40507,284,24017
United Arab Emirates,11-06-2020,40986,286,25234
United Arab Emirates,12-06-2020,41499,287,25946
United Arab Emirates,13-06-2020,41990,288,26761
United Arab Emirates,14-06-2020,42294,289,27462
United Arab Emirates,15-06-2020,42636,291,28129
United Arab Emirates,16-06-2020,42982,293,28861
United Arab Emirates,17-06-2020,43364,295,29537
United Arab Emirates,18-06-2020,43752,298,30241
United Arab Emirates,19-06-2020,44145,300,30996
United Arab Emirates,20-06-2020,44533,301,31754
United Arab Emirates,21-06-2020,44925,302,32415
United Arab Emirates,22-06-2020,45303,303,33046
United Arab Emirates,23-06-2020,45683,305,33703
United Arab Emirates,24-06-2020,46133,307,34405
United Arab Emirates,25-06-2020,46563,308,35165
United Arab Emirates,26-06-2020,46973,310,35469
United Arab Emirates,27-06-2020,47360,311,35834
United Arab Emirates,28-06-2020,47797,313,36411
United Arab Emirates,29-06-2020,48246,314,37076
United Arab Emirates,30-06-2020,48667,315,37566
United Arab Emirates,01-07-2020,49069,316,38160
United Arab Emirates,02-07-2020,49469,317,38664
United Arab Emirates,03-07-2020,50141,318,39153
United Arab Emirates,04-07-2020,50857,321,39857
United Arab Emirates,05-07-2020,51540,323,40297
United Arab Emirates,06-07-2020,52068,324,40721
United Arab Emirates,07-07-2020,52600,326,41714
United Arab Emirates,08-07-2020,53045,327,42282
United Arab Emirates,09-07-2020,53577,328,43570
United Arab Emirates,10-07-2020,54050,330,43969
United Arab Emirates,11-07-2020,54453,331,44648
United Arab Emirates,12-07-2020,54854,333,45140
United Arab Emirates,13-07-2020,55198,334,45513
United Arab Emirates,14-07-2020,55573,335,46025
United Arab Emirates,15-07-2020,55848,335,46418
United Arab Emirates,16-07-2020,56129,335,47412
United Arab Emirates,17-07-2020,56422,337,48448
United Arab Emirates,18-07-2020,56711,338,48917
United Arab Emirates,19-07-2020,56922,339,49269
United Arab Emirates,20-07-2020,57193,340,49621
United Arab Emirates,21-07-2020,57498,341,49964
United Arab Emirates,22-07-2020,57734,342,50354
United Arab Emirates,23-07-2020,57988,342,50848
United Arab Emirates,24-07-2020,58249,343,51235
United Arab Emirates,25-07-2020,58562,343,51628
United Arab Emirates,26-07-2020,58913,344,52182
United Arab Emirates,27-07-2020,59177,345,52510
United Arab Emirates,28-07-2020,59546,347,52905
United Arab Emirates,29-07-2020,59921,347,53202
United Arab Emirates,30-07-2020,60223,349,53626
United Arab Emirates,31-07-2020,60506,351,53909
United Arab Emirates,01-08-2020,60760,351,54255
United Arab Emirates,02-08-2020,60999,351,54615
United Arab Emirates,03-08-2020,61163,351,54863
