country,date,confirmed,deaths,recovered
Uzbekistan,22-01-2020,0,0,0
Uzbekistan,23-01-2020,0,0,0
Uzbekistan,24-01-2020,0,0,0
Uzbekistan,25-01-2020,0,0,0
Uzbekistan,26-01-2020,0,0,0
Uzbekistan,27-01-2020,0,0,0
Uzbekistan,28-01-2020,0,0,0
Uzbekistan,29-01-2020,0,0,0
Uzbekistan,30-01-2020,0,0,0
Uzbekistan,31-01-2020,0,0,0
Uzbekistan,01-02-2020,0,0,0
Uzbekistan,02-02-2020,0,0,0
Uzbekistan,03-02-2020,0,0,0
Uzbekistan,04-02-2020,0,0,0
Uzbekistan,05-02-2020,0,0,0
Uzbekistan,06-02-2020,0,0,0
Uzbekistan,07-02-2020,0,0,0
Uzbekistan,08-02-2020,0,0,0
Uzbekistan,09-02-2020,0,0,0
Uzbekistan,10-02-2020,0,0,0
Uzbekistan,11-02-2020,0,0,0
Uzbekistan,12-02-2020,0,0,0
Uzbekistan,13-02-2020,0,0,0
Uzbekistan,14-02-2020,0,0,0
Uzbekistan,15-02-2020,0,0,0
Uzbekistan,16-02-2020,0,0,0
Uzbekistan,17-02-2020,0,0,0
Uzbekistan,18-02-2020,0,0,0
Uzbekistan,19-02-2020,0,0,0
Uzbekistan,20-02-2020,0,0,0
Uzbekistan,21-02-2020,0,0,0
Uzbekistan,22-02-2020,0,0,0
Uzbekistan,23-02-2020,0,0,0
Uzbekistan,24-02-2020,0,0,0
Uzbekistan,25-02-2020,0,0,0
Uzbekistan,26-02-2020,0,0,0
Uzbekistan,27-02-2020,0,0,0
Uzbekistan,28-02-2020,0,0,0
Uzbekistan,29-02-2020,0,0,0
Uzbekistan,01-03-2020,0,0,0
Uzbekistan,02-03-2020,0,0,0
Uzbekistan,03-03-2020,0,0,0
Uzbekistan,04-03-2020,0,0,0
Uzbekistan,05-03-2020,0,0,0
Uzbekistan,06-03-2020,0,0,0
Uzbekistan,07-03-2020,0,0,0
Uzbekistan,08-03-2020,0,0,0
Uzbekistan,09-03-2020,0,0,0
Uzbekistan,10-03-2020,0,0,0
Uzbekistan,11-03-2020,0,0,0
Uzbekistan,12-03-2020,0,0,0
Uzbekistan,13-03-2020,0,0,0
Uzbekistan,14-03-2020,0,0,0
Uzbekistan,15-03-2020,1,0,0
Uzbekistan,16-03-2020,6,0,0
Uzbekistan,17-03-2020,10,0,0
Uzbekistan,18-03-2020,15,0,0
Uzbekistan,19-03-2020,23,0,0
Uzbekistan,20-03-2020,33,0,0
Uzbekistan,21-03-2020,43,0,0
Uzbekistan,22-03-2020,43,0,0
Uzbekistan,23-03-2020,46,0,0
Uzbekistan,24-03-2020,50,0,0
Uzbekistan,25-03-2020,60,0,0
Uzbekistan,26-03-2020,75,0,0
Uzbekistan,27-03-2020,88,1,5
Uzbekistan,28-03-2020,104,2,5
Uzbekistan,29-03-2020,144,2,7
Uzbekistan,30-03-2020,149,2,7
Uzbekistan,31-03-2020,172,2,7
Uzbekistan,01-04-2020,181,2,12
Uzbekistan,02-04-2020,205,2,25
Uzbekistan,03-04-2020,227,2,25
Uzbekistan,04-04-2020,266,2,25
Uzbekistan,05-04-2020,342,2,30
Uzbekistan,06-04-2020,457,2,30
Uzbekistan,07-04-2020,520,2,30
Uzbekistan,08-04-2020,545,3,30
Uzbekistan,09-04-2020,582,3,38
Uzbekistan,10-04-2020,624,3,42
Uzbekistan,11-04-2020,767,4,42
Uzbekistan,12-04-2020,865,4,66
Uzbekistan,13-04-2020,998,4,85
Uzbekistan,14-04-2020,1165,4,99
Uzbekistan,15-04-2020,1302,4,107
Uzbekistan,16-04-2020,1349,4,129
Uzbekistan,17-04-2020,1405,4,156
Uzbekistan,18-04-2020,1490,5,194
Uzbekistan,19-04-2020,1565,5,225
Uzbekistan,20-04-2020,1627,5,261
Uzbekistan,21-04-2020,1678,6,357
Uzbekistan,22-04-2020,1716,7,450
Uzbekistan,23-04-2020,1758,7,561
Uzbekistan,24-04-2020,1804,8,621
Uzbekistan,25-04-2020,1862,8,707
Uzbekistan,26-04-2020,1869,8,789
Uzbekistan,27-04-2020,1904,8,892
Uzbekistan,28-04-2020,1939,8,992
Uzbekistan,29-04-2020,2002,9,1096
Uzbekistan,30-04-2020,2039,9,1133
Uzbekistan,01-05-2020,2086,9,1212
Uzbekistan,02-05-2020,2118,9,1271
Uzbekistan,03-05-2020,2149,10,1319
Uzbekistan,04-05-2020,2189,10,1405
Uzbekistan,05-05-2020,2207,10,1501
Uzbekistan,06-05-2020,2233,10,1577
Uzbekistan,07-05-2020,2298,10,1656
Uzbekistan,08-05-2020,2325,10,1775
Uzbekistan,09-05-2020,2349,10,1846
Uzbekistan,10-05-2020,2418,10,1881
Uzbekistan,11-05-2020,2486,10,1988
Uzbekistan,12-05-2020,2519,10,2010
Uzbekistan,13-05-2020,2612,11,2076
Uzbekistan,14-05-2020,2645,11,2136
Uzbekistan,15-05-2020,2686,11,2158
Uzbekistan,16-05-2020,2738,11,2213
Uzbekistan,17-05-2020,2753,12,2247
Uzbekistan,18-05-2020,2791,13,2314
Uzbekistan,19-05-2020,2855,13,2338
Uzbekistan,20-05-2020,2939,13,2372
Uzbekistan,21-05-2020,2964,13,2407
Uzbekistan,22-05-2020,3028,13,2492
Uzbekistan,23-05-2020,3115,13,2532
Uzbekistan,24-05-2020,3164,13,2565
Uzbekistan,25-05-2020,3189,13,2607
Uzbekistan,26-05-2020,3290,14,2636
Uzbekistan,27-05-2020,3369,14,2668
Uzbekistan,28-05-2020,3444,14,2694
Uzbekistan,29-05-2020,3468,14,2728
Uzbekistan,30-05-2020,3546,14,2783
Uzbekistan,31-05-2020,3623,15,2837
Uzbekistan,01-06-2020,3702,15,2859
Uzbekistan,02-06-2020,3760,15,2908
Uzbekistan,03-06-2020,3843,16,3014
Uzbekistan,04-06-2020,3939,16,3087
Uzbekistan,05-06-2020,4007,16,3247
Uzbekistan,06-06-2020,4094,17,3268
Uzbekistan,07-06-2020,4331,17,3354
Uzbekistan,08-06-2020,4440,18,3357
Uzbekistan,09-06-2020,4520,18,3459
Uzbekistan,10-06-2020,4623,19,3532
Uzbekistan,11-06-2020,4741,19,3637
Uzbekistan,12-06-2020,4869,19,3758
Uzbekistan,13-06-2020,4966,19,3874
Uzbekistan,14-06-2020,5080,19,3943
Uzbekistan,15-06-2020,5263,19,4019
Uzbekistan,16-06-2020,5493,19,4096
Uzbekistan,17-06-2020,5682,19,4131
Uzbekistan,18-06-2020,5767,19,4166
Uzbekistan,19-06-2020,5946,19,4273
Uzbekistan,20-06-2020,6153,19,4290
Uzbekistan,21-06-2020,6315,19,4377
Uzbekistan,22-06-2020,6461,19,4450
Uzbekistan,23-06-2020,6662,19,4560
Uzbekistan,24-06-2020,6990,19,4685
Uzbekistan,25-06-2020,7177,20,4877
Uzbekistan,26-06-2020,7427,20,5038
Uzbekistan,27-06-2020,7682,20,5240
Uzbekistan,28-06-2020,7948,22,5329
Uzbekistan,29-06-2020,8222,23,5496
Uzbekistan,30-06-2020,8503,26,5682
Uzbekistan,01-07-2020,8781,26,5847
Uzbekistan,02-07-2020,9078,27,6034
Uzbekistan,03-07-2020,9396,29,6251
Uzbekistan,04-07-2020,9708,31,6425
Uzbekistan,05-07-2020,10020,34,6584
Uzbekistan,06-07-2020,10362,37,6628
Uzbekistan,07-07-2020,10838,41,6811
Uzbekistan,08-07-2020,11092,45,7060
Uzbekistan,09-07-2020,11564,51,7287
Uzbekistan,10-07-2020,12027,54,7530
Uzbekistan,11-07-2020,12513,57,7723
Uzbekistan,12-07-2020,12997,60,7852
Uzbekistan,13-07-2020,13591,64,8030
Uzbekistan,14-07-2020,14085,67,8327
Uzbekistan,15-07-2020,14581,71,8655
Uzbekistan,16-07-2020,15066,75,8783
Uzbekistan,17-07-2020,15607,79,9003
Uzbekistan,18-07-2020,16186,83,9127
Uzbekistan,19-07-2020,16752,87,9279
Uzbekistan,20-07-2020,17149,90,9387
Uzbekistan,21-07-2020,17881,95,9521
Uzbekistan,22-07-2020,18379,98,9872
Uzbekistan,23-07-2020,18986,103,10149
Uzbekistan,24-07-2020,19360,106,10472
Uzbekistan,25-07-2020,19952,111,10831
Uzbekistan,26-07-2020,20531,116,11105
Uzbekistan,27-07-2020,21209,121,11674
Uzbekistan,28-07-2020,21699,124,12026
Uzbekistan,29-07-2020,22585,131,12937
Uzbekistan,30-07-2020,23271,136,13680
Uzbekistan,31-07-2020,24009,141,14464
Uzbekistan,01-08-2020,24783,147,15299
Uzbekistan,02-08-2020,25336,151,15833
Uzbekistan,03-08-2020,26066,157,16838
