country,date,confirmed,deaths,recovered
West Bank and Gaza,22-01-2020,0,0,0
West Bank and Gaza,23-01-2020,0,0,0
West Bank and Gaza,24-01-2020,0,0,0
West Bank and Gaza,25-01-2020,0,0,0
West Bank and Gaza,26-01-2020,0,0,0
West Bank and Gaza,27-01-2020,0,0,0
West Bank and Gaza,28-01-2020,0,0,0
West Bank and Gaza,29-01-2020,0,0,0
West Bank and Gaza,30-01-2020,0,0,0
West Bank and Gaza,31-01-2020,0,0,0
West Bank and Gaza,01-02-2020,0,0,0
West Bank and Gaza,02-02-2020,0,0,0
West Bank and Gaza,03-02-2020,0,0,0
West Bank and Gaza,04-02-2020,0,0,0
West Bank and Gaza,05-02-2020,0,0,0
West Bank and Gaza,06-02-2020,0,0,0
West Bank and Gaza,07-02-2020,0,0,0
West Bank and Gaza,08-02-2020,0,0,0
West Bank and Gaza,09-02-2020,0,0,0
West Bank and Gaza,10-02-2020,0,0,0
West Bank and Gaza,11-02-2020,0,0,0
West Bank and Gaza,12-02-2020,0,0,0
West Bank and Gaza,13-02-2020,0,0,0
West Bank and Gaza,14-02-2020,0,0,0
West Bank and Gaza,15-02-2020,0,0,0
West Bank and Gaza,16-02-2020,0,0,0
West Bank and Gaza,17-02-2020,0,0,0
West Bank and Gaza,18-02-2020,0,0,0
West Bank and Gaza,19-02-2020,0,0,0
West Bank and Gaza,20-02-2020,0,0,0
West Bank and Gaza,21-02-2020,0,0,0
West Bank and Gaza,22-02-2020,0,0,0
West Bank and Gaza,23-02-2020,0,0,0
West Bank and Gaza,24-02-2020,0,0,0
West Bank and Gaza,25-02-2020,0,0,0
West Bank and Gaza,26-02-2020,0,0,0
West Bank and Gaza,27-02-2020,0,0,0
West Bank and Gaza,28-02-2020,0,0,0
West Bank and Gaza,29-02-2020,0,0,0
West Bank and Gaza,01-03-2020,0,0,0
West Bank and Gaza,02-03-2020,0,0,0
West Bank and Gaza,03-03-2020,0,0,0
West Bank and Gaza,04-03-2020,0,0,0
West Bank and Gaza,05-03-2020,4,0,0
West Bank and Gaza,06-03-2020,7,0,0
West Bank and Gaza,07-03-2020,16,0,0
West Bank and Gaza,08-03-2020,16,0,0
West Bank and Gaza,09-03-2020,19,0,0
West Bank and Gaza,10-03-2020,26,0,0
West Bank and Gaza,11-03-2020,30,0,0
West Bank and Gaza,12-03-2020,30,0,0
West Bank and Gaza,13-03-2020,31,0,0
West Bank and Gaza,14-03-2020,35,0,0
West Bank and Gaza,15-03-2020,38,0,0
West Bank and Gaza,16-03-2020,38,0,0
West Bank and Gaza,17-03-2020,39,0,0
West Bank and Gaza,18-03-2020,41,0,0
West Bank and Gaza,19-03-2020,44,0,0
West Bank and Gaza,20-03-2020,47,0,17
West Bank and Gaza,21-03-2020,48,0,17
West Bank and Gaza,22-03-2020,52,0,17
West Bank and Gaza,23-03-2020,59,0,17
West Bank and Gaza,24-03-2020,59,0,17
West Bank and Gaza,25-03-2020,59,0,17
West Bank and Gaza,26-03-2020,84,1,17
West Bank and Gaza,27-03-2020,91,1,17
West Bank and Gaza,28-03-2020,98,1,18
West Bank and Gaza,29-03-2020,109,1,18
West Bank and Gaza,30-03-2020,116,1,18
West Bank and Gaza,31-03-2020,119,1,18
West Bank and Gaza,01-04-2020,134,1,18
West Bank and Gaza,02-04-2020,161,1,18
West Bank and Gaza,03-04-2020,194,1,21
West Bank and Gaza,04-04-2020,217,1,21
West Bank and Gaza,05-04-2020,237,1,25
West Bank and Gaza,06-04-2020,254,1,24
West Bank and Gaza,07-04-2020,261,1,42
West Bank and Gaza,08-04-2020,263,1,44
West Bank and Gaza,09-04-2020,263,1,44
West Bank and Gaza,10-04-2020,267,2,45
West Bank and Gaza,11-04-2020,268,2,57
West Bank and Gaza,12-04-2020,271,2,58
West Bank and Gaza,13-04-2020,273,2,58
West Bank and Gaza,14-04-2020,284,2,62
West Bank and Gaza,15-04-2020,291,2,63
West Bank and Gaza,16-04-2020,294,2,63
West Bank and Gaza,17-04-2020,307,2,69
West Bank and Gaza,18-04-2020,313,2,69
West Bank and Gaza,19-04-2020,319,2,71
West Bank and Gaza,20-04-2020,329,2,71
West Bank and Gaza,21-04-2020,329,2,71
West Bank and Gaza,22-04-2020,335,2,71
West Bank and Gaza,23-04-2020,336,2,74
West Bank and Gaza,24-04-2020,340,2,81
West Bank and Gaza,25-04-2020,342,2,83
West Bank and Gaza,26-04-2020,342,2,83
West Bank and Gaza,27-04-2020,342,2,83
West Bank and Gaza,28-04-2020,343,2,71
West Bank and Gaza,29-04-2020,344,2,71
West Bank and Gaza,30-04-2020,344,2,76
West Bank and Gaza,01-05-2020,353,2,76
West Bank and Gaza,02-05-2020,353,2,76
West Bank and Gaza,03-05-2020,353,2,77
West Bank and Gaza,04-05-2020,362,2,102
West Bank and Gaza,05-05-2020,371,2,127
West Bank and Gaza,06-05-2020,374,2,174
West Bank and Gaza,07-05-2020,375,2,176
West Bank and Gaza,08-05-2020,375,2,228
West Bank and Gaza,09-05-2020,375,2,228
West Bank and Gaza,10-05-2020,375,2,263
West Bank and Gaza,11-05-2020,375,2,301
West Bank and Gaza,12-05-2020,375,2,308
West Bank and Gaza,13-05-2020,375,2,310
West Bank and Gaza,14-05-2020,375,2,310
West Bank and Gaza,15-05-2020,375,2,315
West Bank and Gaza,16-05-2020,376,2,329
West Bank and Gaza,17-05-2020,381,2,335
West Bank and Gaza,18-05-2020,388,2,337
West Bank and Gaza,19-05-2020,391,2,346
West Bank and Gaza,20-05-2020,398,2,346
West Bank and Gaza,21-05-2020,423,2,346
West Bank and Gaza,22-05-2020,423,2,346
West Bank and Gaza,23-05-2020,423,3,348
West Bank and Gaza,24-05-2020,423,3,357
West Bank and Gaza,25-05-2020,423,3,357
West Bank and Gaza,26-05-2020,429,3,365
West Bank and Gaza,27-05-2020,434,3,365
West Bank and Gaza,28-05-2020,446,3,368
West Bank and Gaza,29-05-2020,446,3,368
West Bank and Gaza,30-05-2020,447,3,368
West Bank and Gaza,31-05-2020,448,3,372
West Bank and Gaza,01-06-2020,449,3,372
West Bank and Gaza,02-06-2020,451,3,372
West Bank and Gaza,03-06-2020,457,3,372
West Bank and Gaza,04-06-2020,464,3,377
West Bank and Gaza,05-06-2020,464,3,377
West Bank and Gaza,06-06-2020,464,3,400
West Bank and Gaza,07-06-2020,472,3,403
West Bank and Gaza,08-06-2020,473,3,404
West Bank and Gaza,09-06-2020,481,3,404
West Bank and Gaza,10-06-2020,485,3,410
West Bank and Gaza,11-06-2020,487,3,410
West Bank and Gaza,12-06-2020,489,3,414
West Bank and Gaza,13-06-2020,489,3,415
West Bank and Gaza,14-06-2020,492,3,415
West Bank and Gaza,15-06-2020,505,3,415
West Bank and Gaza,16-06-2020,514,3,415
West Bank and Gaza,17-06-2020,555,3,415
West Bank and Gaza,18-06-2020,600,3,415
West Bank and Gaza,19-06-2020,675,3,437
West Bank and Gaza,20-06-2020,784,3,437
West Bank and Gaza,21-06-2020,833,3,439
West Bank and Gaza,22-06-2020,1001,3,442
West Bank and Gaza,23-06-2020,1169,3,442
West Bank and Gaza,24-06-2020,1328,3,442
West Bank and Gaza,25-06-2020,1382,3,446
West Bank and Gaza,26-06-2020,1557,3,446
West Bank and Gaza,27-06-2020,1815,4,446
West Bank and Gaza,28-06-2020,1990,4,447
West Bank and Gaza,29-06-2020,2185,5,447
West Bank and Gaza,30-06-2020,2428,8,451
West Bank and Gaza,01-07-2020,2758,8,460
West Bank and Gaza,02-07-2020,3080,9,460
West Bank and Gaza,03-07-2020,3334,11,463
West Bank and Gaza,04-07-2020,3835,13,463
West Bank and Gaza,05-07-2020,4277,16,491
West Bank and Gaza,06-07-2020,4341,17,491
West Bank and Gaza,07-07-2020,4647,18,494
West Bank and Gaza,08-07-2020,5029,20,494
West Bank and Gaza,09-07-2020,5220,24,525
West Bank and Gaza,10-07-2020,5551,27,536
West Bank and Gaza,11-07-2020,5931,33,536
West Bank and Gaza,12-07-2020,6230,36,942
West Bank and Gaza,13-07-2020,6566,39,1084
West Bank and Gaza,14-07-2020,6764,44,1084
West Bank and Gaza,15-07-2020,7064,44,1084
West Bank and Gaza,16-07-2020,7412,51,1313
West Bank and Gaza,17-07-2020,7764,53,1492
West Bank and Gaza,18-07-2020,8204,59,1596
West Bank and Gaza,19-07-2020,8549,62,1921
West Bank and Gaza,20-07-2020,8916,63,1921
West Bank and Gaza,21-07-2020,9228,64,1932
West Bank and Gaza,22-07-2020,9398,66,1950
West Bank and Gaza,23-07-2020,9744,67,2720
West Bank and Gaza,24-07-2020,10093,70,2720
West Bank and Gaza,25-07-2020,10306,75,3282
West Bank and Gaza,26-07-2020,10469,76,3752
West Bank and Gaza,27-07-2020,10621,78,3752
West Bank and Gaza,28-07-2020,10938,79,3752
West Bank and Gaza,29-07-2020,11284,80,4833
West Bank and Gaza,30-07-2020,11548,81,5016
West Bank and Gaza,31-07-2020,11837,82,5077
West Bank and Gaza,01-08-2020,12160,83,5324
West Bank and Gaza,02-08-2020,12297,84,5390
West Bank and Gaza,03-08-2020,12541,84,5390
