country,date,confirmed,deaths,recovered
Western Sahara,22-01-2020,0,0,0
Western Sahara,23-01-2020,0,0,0
Western Sahara,24-01-2020,0,0,0
Western Sahara,25-01-2020,0,0,0
Western Sahara,26-01-2020,0,0,0
Western Sahara,27-01-2020,0,0,0
Western Sahara,28-01-2020,0,0,0
Western Sahara,29-01-2020,0,0,0
Western Sahara,30-01-2020,0,0,0
Western Sahara,31-01-2020,0,0,0
Western Sahara,01-02-2020,0,0,0
Western Sahara,02-02-2020,0,0,0
Western Sahara,03-02-2020,0,0,0
Western Sahara,04-02-2020,0,0,0
Western Sahara,05-02-2020,0,0,0
Western Sahara,06-02-2020,0,0,0
Western Sahara,07-02-2020,0,0,0
Western Sahara,08-02-2020,0,0,0
Western Sahara,09-02-2020,0,0,0
Western Sahara,10-02-2020,0,0,0
Western Sahara,11-02-2020,0,0,0
Western Sahara,12-02-2020,0,0,0
Western Sahara,13-02-2020,0,0,0
Western Sahara,14-02-2020,0,0,0
Western Sahara,15-02-2020,0,0,0
Western Sahara,16-02-2020,0,0,0
Western Sahara,17-02-2020,0,0,0
Western Sahara,18-02-2020,0,0,0
Western Sahara,19-02-2020,0,0,0
Western Sahara,20-02-2020,0,0,0
Western Sahara,21-02-2020,0,0,0
Western Sahara,22-02-2020,0,0,0
Western Sahara,23-02-2020,0,0,0
Western Sahara,24-02-2020,0,0,0
Western Sahara,25-02-2020,0,0,0
Western Sahara,26-02-2020,0,0,0
Western Sahara,27-02-2020,0,0,0
Western Sahara,28-02-2020,0,0,0
Western Sahara,29-02-2020,0,0,0
Western Sahara,01-03-2020,0,0,0
Western Sahara,02-03-2020,0,0,0
Western Sahara,03-03-2020,0,0,0
Western Sahara,04-03-2020,0,0,0
Western Sahara,05-03-2020,0,0,0
Western Sahara,06-03-2020,0,0,0
Western Sahara,07-03-2020,0,0,0
Western Sahara,08-03-2020,0,0,0
Western Sahara,09-03-2020,0,0,0
Western Sahara,10-03-2020,0,0,0
Western Sahara,11-03-2020,0,0,0
Western Sahara,12-03-2020,0,0,0
Western Sahara,13-03-2020,0,0,0
Western Sahara,14-03-2020,0,0,0
Western Sahara,15-03-2020,0,0,0
Western Sahara,16-03-2020,0,0,0
Western Sahara,17-03-2020,0,0,0
Western Sahara,18-03-2020,0,0,0
Western Sahara,19-03-2020,0,0,0
Western Sahara,20-03-2020,0,0,0
Western Sahara,21-03-2020,0,0,0
Western Sahara,22-03-2020,0,0,0
Western Sahara,23-03-2020,0,0,0
Western Sahara,24-03-2020,0,0,0
Western Sahara,25-03-2020,0,0,0
Western Sahara,26-03-2020,0,0,0
Western Sahara,27-03-2020,0,0,0
Western Sahara,28-03-2020,0,0,0
Western Sahara,29-03-2020,0,0,0
Western Sahara,30-03-2020,0,0,0
Western Sahara,31-03-2020,0,0,0
Western Sahara,01-04-2020,0,0,0
Western Sahara,02-04-2020,0,0,0
Western Sahara,03-04-2020,0,0,0
Western Sahara,04-04-2020,0,0,0
Western Sahara,05-04-2020,4,0,0
Western Sahara,06-04-2020,4,0,0
Western Sahara,07-04-2020,4,0,0
Western Sahara,08-04-2020,4,0,0
Western Sahara,09-04-2020,4,0,0
Western Sahara,10-04-2020,4,0,0
Western Sahara,11-04-2020,4,0,0
Western Sahara,12-04-2020,6,0,0
Western Sahara,13-04-2020,6,0,0
Western Sahara,14-04-2020,6,0,0
Western Sahara,15-04-2020,6,0,0
Western Sahara,16-04-2020,6,0,0
Western Sahara,17-04-2020,6,0,0
Western Sahara,18-04-2020,6,0,0
Western Sahara,19-04-2020,6,0,0
Western Sahara,20-04-2020,6,0,0
Western Sahara,21-04-2020,6,0,0
Western Sahara,22-04-2020,6,0,0
Western Sahara,23-04-2020,6,0,5
Western Sahara,24-04-2020,6,0,5
Western Sahara,25-04-2020,6,0,5
Western Sahara,26-04-2020,6,0,5
Western Sahara,27-04-2020,6,0,5
Western Sahara,28-04-2020,6,0,5
Western Sahara,29-04-2020,6,0,5
Western Sahara,30-04-2020,6,0,5
Western Sahara,01-05-2020,6,0,5
Western Sahara,02-05-2020,6,0,5
Western Sahara,03-05-2020,6,0,5
Western Sahara,04-05-2020,6,0,5
Western Sahara,05-05-2020,6,0,5
Western Sahara,06-05-2020,6,0,5
Western Sahara,07-05-2020,6,0,5
Western Sahara,08-05-2020,6,0,5
Western Sahara,09-05-2020,6,0,5
Western Sahara,10-05-2020,6,0,5
Western Sahara,11-05-2020,6,0,6
Western Sahara,12-05-2020,6,0,6
Western Sahara,13-05-2020,6,0,6
Western Sahara,14-05-2020,6,0,6
Western Sahara,15-05-2020,6,0,6
Western Sahara,16-05-2020,6,0,6
Western Sahara,17-05-2020,6,0,6
Western Sahara,18-05-2020,6,0,6
Western Sahara,19-05-2020,6,0,6
Western Sahara,20-05-2020,6,0,6
Western Sahara,21-05-2020,6,0,6
Western Sahara,22-05-2020,6,0,6
Western Sahara,23-05-2020,6,0,6
Western Sahara,24-05-2020,9,0,6
Western Sahara,25-05-2020,9,0,6
Western Sahara,26-05-2020,9,1,6
Western Sahara,27-05-2020,9,1,6
Western Sahara,28-05-2020,9,1,6
Western Sahara,29-05-2020,9,1,6
Western Sahara,30-05-2020,9,1,6
Western Sahara,31-05-2020,9,1,6
Western Sahara,01-06-2020,9,1,6
Western Sahara,02-06-2020,9,1,6
Western Sahara,03-06-2020,9,1,6
Western Sahara,04-06-2020,9,1,6
Western Sahara,05-06-2020,9,1,6
Western Sahara,06-06-2020,9,1,6
Western Sahara,07-06-2020,9,1,6
Western Sahara,08-06-2020,9,1,6
Western Sahara,09-06-2020,9,1,6
Western Sahara,10-06-2020,9,1,6
Western Sahara,11-06-2020,9,1,6
Western Sahara,12-06-2020,9,1,6
Western Sahara,13-06-2020,9,1,8
Western Sahara,14-06-2020,9,1,8
Western Sahara,15-06-2020,9,1,8
Western Sahara,16-06-2020,9,1,8
Western Sahara,17-06-2020,9,1,8
Western Sahara,18-06-2020,9,1,8
Western Sahara,19-06-2020,9,1,8
Western Sahara,20-06-2020,9,1,8
Western Sahara,21-06-2020,9,1,8
Western Sahara,22-06-2020,10,1,8
Western Sahara,23-06-2020,10,1,8
Western Sahara,24-06-2020,10,1,8
Western Sahara,25-06-2020,10,1,8
Western Sahara,26-06-2020,10,1,8
Western Sahara,27-06-2020,10,1,8
Western Sahara,28-06-2020,10,1,8
Western Sahara,29-06-2020,10,1,8
Western Sahara,30-06-2020,10,1,8
Western Sahara,01-07-2020,10,1,8
Western Sahara,02-07-2020,10,1,8
Western Sahara,03-07-2020,10,1,8
Western Sahara,04-07-2020,10,1,8
Western Sahara,05-07-2020,10,1,8
Western Sahara,06-07-2020,10,1,8
Western Sahara,07-07-2020,10,1,8
Western Sahara,08-07-2020,10,1,8
Western Sahara,09-07-2020,10,1,8
Western Sahara,10-07-2020,10,1,8
Western Sahara,11-07-2020,10,1,8
Western Sahara,12-07-2020,10,1,8
Western Sahara,13-07-2020,10,1,8
Western Sahara,14-07-2020,10,1,8
Western Sahara,15-07-2020,10,1,8
Western Sahara,16-07-2020,10,1,8
Western Sahara,17-07-2020,10,1,8
Western Sahara,18-07-2020,10,1,8
Western Sahara,19-07-2020,10,1,8
Western Sahara,20-07-2020,10,1,8
Western Sahara,21-07-2020,10,1,8
Western Sahara,22-07-2020,10,1,8
Western Sahara,23-07-2020,10,1,8
Western Sahara,24-07-2020,10,1,8
Western Sahara,25-07-2020,10,1,8
Western Sahara,26-07-2020,10,1,8
Western Sahara,27-07-2020,10,1,8
Western Sahara,28-07-2020,10,1,8
Western Sahara,29-07-2020,10,1,8
Western Sahara,30-07-2020,10,1,8
Western Sahara,31-07-2020,10,1,8
Western Sahara,01-08-2020,10,1,8
Western Sahara,02-08-2020,10,1,8
Western Sahara,03-08-2020,10,1,8
